[0m21:18:34.692830 [debug] [MainThread]: Sending event: {'category': 'dbt', 'action': 'invocation', 'label': 'start', 'context': [<snowplow_tracker.self_describing_json.SelfDescribingJson object at 0x0000017D18ACFCB0>, <snowplow_tracker.self_describing_json.SelfDescribingJson object at 0x0000017D1B15FED0>, <snowplow_tracker.self_describing_json.SelfDescribingJson object at 0x0000017D1B15F9D0>]}


============================== 21:18:34.706461 | 0074001a-0826-44c5-bbde-7d48b24613af ==============================
[0m21:18:34.706461 [info ] [MainThread]: Running with dbt=1.12.4
[0m21:18:34.706892 [debug] [MainThread]: running dbt with arguments {'version_check': 'True', 'no_print': 'None', 'maximum_seed_size_mib': '1', 'warn_error_options': 'WarnErrorOptionsV2(error=[], warn=[], silence=[])', 'target_path': 'None', 'static_parser': 'True', 'printer_width': '80', 'write_json': 'True', 'introspect': 'True', 'log_cache_events': 'False', 'empty': 'None', 'cache_selected_only': 'False', 'log_format': 'default', 'debug': 'False', 'fail_fast': 'False', 'partial_parse': 'True', 'send_anonymous_usage_stats': 'True', 'quiet': 'False', 'warn_error': 'None', 'profiles_dir': 'dbt', 'indirect_selection': 'eager', 'hints_enabled': 'True', 'use_colors': 'True', 'use_experimental_parser': 'False', 'invocation_command': 'dbt debug --project-dir dbt --profiles-dir dbt', 'log_path': 'dbt\\logs'}
[0m21:18:34.728586 [info ] [MainThread]: dbt version: 1.12.4
[0m21:18:34.728955 [info ] [MainThread]: python version: 3.13.2
[0m21:18:34.729215 [info ] [MainThread]: python path: C:\Users\abhis\AppData\Local\Programs\Python\Python313\python.exe
[0m21:18:34.729421 [info ] [MainThread]: os info: Windows-11-10.0.26200-SP0
[0m21:18:34.729643 [info ] [MainThread]: Using profiles dir at dbt
[0m21:18:34.729833 [info ] [MainThread]: Using profiles.yml file at dbt\profiles.yml
[0m21:18:34.730010 [info ] [MainThread]: Using dbt_project.yml file at dbt\dbt_project.yml
[0m21:18:34.807888 [info ] [MainThread]: Configuration:
[0m21:18:34.808419 [info ] [MainThread]:   profiles.yml file [[31mERROR not found[0m]
[0m21:18:34.808780 [info ] [MainThread]:   dbt_project.yml file [[32mOK found and valid[0m]
[0m21:18:34.809124 [info ] [MainThread]: Required dependencies:
[0m21:18:34.809468 [debug] [MainThread]: Executing "git --help"
[0m21:18:34.845548 [debug] [MainThread]: STDOUT: "b"usage: git [-v | --version] [-h | --help] [-C <path>] [-c <name>=<value>]\n           [--exec-path[=<path>]] [--html-path] [--man-path] [--info-path]\n           [-p | --paginate | -P | --no-pager] [--no-replace-objects] [--no-lazy-fetch]\n           [--no-optional-locks] [--no-advice] [--bare] [--git-dir=<path>]\n           [--work-tree=<path>] [--namespace=<name>] [--config-env=<name>=<envvar>]\n           <command> [<args>]\n\nThese are common Git commands used in various situations:\n\nstart a working area (see also: git help tutorial)\n   clone      Clone a repository into a new directory\n   init       Create an empty Git repository or reinitialize an existing one\n\nwork on the current change (see also: git help everyday)\n   add        Add file contents to the index\n   mv         Move or rename a file, a directory, or a symlink\n   restore    Restore working tree files\n   rm         Remove files from the working tree and from the index\n\nexamine the history and state (see also: git help revisions)\n   bisect     Use binary search to find the commit that introduced a bug\n   diff       Show changes between commits, commit and working tree, etc\n   grep       Print lines matching a pattern\n   log        Show commit logs\n   show       Show various types of objects\n   status     Show the working tree status\n\ngrow, mark and tweak your common history\n   backfill   Download missing objects in a partial clone\n   branch     List, create, or delete branches\n   commit     Record changes to the repository\n   merge      Join two or more development histories together\n   rebase     Reapply commits on top of another base tip\n   reset      Reset current HEAD to the specified state\n   switch     Switch branches\n   tag        Create, list, delete or verify a tag object signed with GPG\n\ncollaborate (see also: git help workflows)\n   fetch      Download objects and refs from another repository\n   pull       Fetch from and integrate with another repository or a local branch\n   push       Update remote refs along with associated objects\n\n'git help -a' and 'git help -g' list available subcommands and some\nconcept guides. See 'git help <command>' or 'git help <concept>'\nto read about a specific subcommand or concept.\nSee 'git help git' for an overview of the system.\n""
[0m21:18:34.845987 [debug] [MainThread]: STDERR: "b''"
[0m21:18:34.846649 [info ] [MainThread]:  - git [[32mOK found[0m]

[0m21:18:34.847052 [info ] [MainThread]: Connection test skipped since no profile was found
[0m21:18:34.847365 [info ] [MainThread]: [31m1 check failed:[0m
[0m21:18:34.847626 [info ] [MainThread]: dbt looked for a profiles.yml file in dbt\profiles.yml, but did
not find one. For more information on configuring your profile, consult the
documentation:

https://docs.getdbt.com/docs/configure-your-profile


[0m21:18:34.848302 [debug] [MainThread]: Command `dbt debug` failed at 21:18:34.848210 after 0.29 seconds
[0m21:18:34.848585 [debug] [MainThread]: Sending event: {'category': 'dbt', 'action': 'invocation', 'label': 'end', 'context': [<snowplow_tracker.self_describing_json.SelfDescribingJson object at 0x0000017D1B1F1940>, <snowplow_tracker.self_describing_json.SelfDescribingJson object at 0x0000017D1B32E0F0>, <snowplow_tracker.self_describing_json.SelfDescribingJson object at 0x0000017D1708F130>]}
[0m21:18:34.848866 [debug] [MainThread]: Flushing usage events
[0m21:18:35.154558 [debug] [MainThread]: An error was encountered while trying to flush usage events
[0m21:18:37.419045 [debug] [MainThread]: Sending event: {'category': 'dbt', 'action': 'invocation', 'label': 'start', 'context': [<snowplow_tracker.self_describing_json.SelfDescribingJson object at 0x000001B0CA76FCB0>, <snowplow_tracker.self_describing_json.SelfDescribingJson object at 0x000001B0CCDFFED0>, <snowplow_tracker.self_describing_json.SelfDescribingJson object at 0x000001B0CCDFF9D0>]}


============================== 21:18:37.423352 | 2c493523-08ca-4899-a370-c6f10f45247e ==============================
[0m21:18:37.423352 [info ] [MainThread]: Running with dbt=1.12.4
[0m21:18:37.423767 [debug] [MainThread]: running dbt with arguments {'static_parser': 'True', 'no_print': 'None', 'version_check': 'True', 'target_path': 'None', 'maximum_seed_size_mib': '1', 'warn_error_options': 'WarnErrorOptionsV2(error=[], warn=[], silence=[])', 'printer_width': '80', 'write_json': 'True', 'introspect': 'True', 'log_cache_events': 'False', 'empty': 'None', 'cache_selected_only': 'False', 'fail_fast': 'False', 'debug': 'False', 'log_format': 'default', 'profiles_dir': 'dbt', 'send_anonymous_usage_stats': 'True', 'quiet': 'False', 'warn_error': 'None', 'partial_parse': 'True', 'use_colors': 'True', 'hints_enabled': 'True', 'invocation_command': 'dbt parse --project-dir dbt --profiles-dir dbt', 'use_experimental_parser': 'False', 'indirect_selection': 'eager', 'log_path': 'dbt\\logs'}
[0m21:18:37.425568 [error] [MainThread]: [[31mERROR[0m]: Encountered an error:
Runtime Error
  Could not find profile named 'cryptopulse'
[0m21:18:37.426270 [debug] [MainThread]: Command `dbt parse` failed at 21:18:37.426177 after 0.13 seconds
[0m21:18:37.426697 [debug] [MainThread]: Sending event: {'category': 'dbt', 'action': 'invocation', 'label': 'end', 'context': [<snowplow_tracker.self_describing_json.SelfDescribingJson object at 0x000001B0CCE90510>, <snowplow_tracker.self_describing_json.SelfDescribingJson object at 0x000001B0CCCC31D0>, <snowplow_tracker.self_describing_json.SelfDescribingJson object at 0x000001B0CCE42250>]}
[0m21:18:37.426978 [debug] [MainThread]: Flushing usage events
[0m21:18:37.641512 [debug] [MainThread]: An error was encountered while trying to flush usage events
[0m21:19:05.599468 [debug] [MainThread]: Sending event: {'category': 'dbt', 'action': 'invocation', 'label': 'start', 'context': [<snowplow_tracker.self_describing_json.SelfDescribingJson object at 0x000002A5EBC0FCB0>, <snowplow_tracker.self_describing_json.SelfDescribingJson object at 0x000002A5EE29FED0>, <snowplow_tracker.self_describing_json.SelfDescribingJson object at 0x000002A5EE29F9D0>]}


============================== 21:19:05.603266 | bb40f3b4-974b-4c40-923d-47669c4ddbf3 ==============================
[0m21:19:05.603266 [info ] [MainThread]: Running with dbt=1.12.4
[0m21:19:05.603837 [debug] [MainThread]: running dbt with arguments {'maximum_seed_size_mib': '1', 'no_print': 'None', 'version_check': 'True', 'warn_error_options': 'WarnErrorOptionsV2(error=[], warn=[], silence=[])', 'target_path': 'None', 'static_parser': 'True', 'printer_width': '80', 'write_json': 'True', 'introspect': 'True', 'log_cache_events': 'False', 'empty': 'None', 'cache_selected_only': 'False', 'fail_fast': 'False', 'debug': 'False', 'log_format': 'default', 'profiles_dir': 'dbt', 'send_anonymous_usage_stats': 'True', 'quiet': 'False', 'warn_error': 'None', 'partial_parse': 'True', 'use_colors': 'True', 'hints_enabled': 'True', 'invocation_command': 'dbt debug --project-dir dbt --profiles-dir dbt', 'use_experimental_parser': 'False', 'indirect_selection': 'eager', 'log_path': 'dbt\\logs'}
[0m21:19:05.621067 [info ] [MainThread]: dbt version: 1.12.4
[0m21:19:05.621417 [info ] [MainThread]: python version: 3.13.2
[0m21:19:05.621626 [info ] [MainThread]: python path: C:\Users\abhis\AppData\Local\Programs\Python\Python313\python.exe
[0m21:19:05.621817 [info ] [MainThread]: os info: Windows-11-10.0.26200-SP0
[0m21:19:05.669510 [info ] [MainThread]: Using profiles dir at dbt
[0m21:19:05.669882 [info ] [MainThread]: Using profiles.yml file at dbt\profiles.yml
[0m21:19:05.670104 [info ] [MainThread]: Using dbt_project.yml file at dbt\dbt_project.yml
[0m21:19:05.670864 [info ] [MainThread]: adapter type: postgres
[0m21:19:05.671193 [info ] [MainThread]: adapter version: 1.11.0
[0m21:19:05.819240 [info ] [MainThread]: Configuration:
[0m21:19:05.819690 [info ] [MainThread]:   profiles.yml file [[32mOK found and valid[0m]
[0m21:19:05.820018 [info ] [MainThread]:   dbt_project.yml file [[32mOK found and valid[0m]
[0m21:19:05.820304 [info ] [MainThread]: Required dependencies:
[0m21:19:05.820579 [debug] [MainThread]: Executing "git --help"
[0m21:19:05.851991 [debug] [MainThread]: STDOUT: "b"usage: git [-v | --version] [-h | --help] [-C <path>] [-c <name>=<value>]\n           [--exec-path[=<path>]] [--html-path] [--man-path] [--info-path]\n           [-p | --paginate | -P | --no-pager] [--no-replace-objects] [--no-lazy-fetch]\n           [--no-optional-locks] [--no-advice] [--bare] [--git-dir=<path>]\n           [--work-tree=<path>] [--namespace=<name>] [--config-env=<name>=<envvar>]\n           <command> [<args>]\n\nThese are common Git commands used in various situations:\n\nstart a working area (see also: git help tutorial)\n   clone      Clone a repository into a new directory\n   init       Create an empty Git repository or reinitialize an existing one\n\nwork on the current change (see also: git help everyday)\n   add        Add file contents to the index\n   mv         Move or rename a file, a directory, or a symlink\n   restore    Restore working tree files\n   rm         Remove files from the working tree and from the index\n\nexamine the history and state (see also: git help revisions)\n   bisect     Use binary search to find the commit that introduced a bug\n   diff       Show changes between commits, commit and working tree, etc\n   grep       Print lines matching a pattern\n   log        Show commit logs\n   show       Show various types of objects\n   status     Show the working tree status\n\ngrow, mark and tweak your common history\n   backfill   Download missing objects in a partial clone\n   branch     List, create, or delete branches\n   commit     Record changes to the repository\n   merge      Join two or more development histories together\n   rebase     Reapply commits on top of another base tip\n   reset      Reset current HEAD to the specified state\n   switch     Switch branches\n   tag        Create, list, delete or verify a tag object signed with GPG\n\ncollaborate (see also: git help workflows)\n   fetch      Download objects and refs from another repository\n   pull       Fetch from and integrate with another repository or a local branch\n   push       Update remote refs along with associated objects\n\n'git help -a' and 'git help -g' list available subcommands and some\nconcept guides. See 'git help <command>' or 'git help <concept>'\nto read about a specific subcommand or concept.\nSee 'git help git' for an overview of the system.\n""
[0m21:19:05.852453 [debug] [MainThread]: STDERR: "b''"
[0m21:19:05.852766 [info ] [MainThread]:  - git [[32mOK found[0m]

[0m21:19:05.853016 [info ] [MainThread]: Connection:
[0m21:19:05.853233 [info ] [MainThread]:   host: localhost
[0m21:19:05.853422 [info ] [MainThread]:   port: 5432
[0m21:19:05.853616 [info ] [MainThread]:   user: cryptopulse
[0m21:19:05.853793 [info ] [MainThread]:   database: cryptopulse
[0m21:19:05.853967 [info ] [MainThread]:   schema: analytics
[0m21:19:05.854138 [info ] [MainThread]:   connect_timeout: 10
[0m21:19:05.854315 [info ] [MainThread]:   role: None
[0m21:19:05.854485 [info ] [MainThread]:   search_path: None
[0m21:19:05.854683 [info ] [MainThread]:   keepalives_idle: 0
[0m21:19:05.854849 [info ] [MainThread]:   sslmode: None
[0m21:19:05.855016 [info ] [MainThread]:   sslcert: None
[0m21:19:05.855182 [info ] [MainThread]:   sslkey: None
[0m21:19:05.855347 [info ] [MainThread]:   sslrootcert: None
[0m21:19:05.855510 [info ] [MainThread]:   application_name: dbt
[0m21:19:05.855688 [info ] [MainThread]:   autocommit: False
[0m21:19:05.855849 [info ] [MainThread]:   retries: 1
[0m21:19:05.856182 [info ] [MainThread]: Registered adapter: postgres=1.11.0
[0m21:19:06.069591 [debug] [MainThread]: Acquiring new postgres connection 'debug'
[0m21:19:08.345411 [debug] [MainThread]: Using postgres connection "debug"
[0m21:19:08.345790 [debug] [MainThread]: On debug: select 1 as id
[0m21:19:08.346072 [debug] [MainThread]: Opening a new connection, currently in state init
[0m21:19:08.407772 [debug] [MainThread]: Postgres adapter: Got a retryable error when attempting to open a postgres connection.
1 attempts remaining. Retrying in 0 seconds.
Error:
connection to server at "localhost" (::1), port 5432 failed: FATAL:  password authentication failed for user "cryptopulse"

[0m21:19:08.442727 [debug] [MainThread]: Postgres adapter: Error running SQL: select 1 as id
[0m21:19:08.443084 [debug] [MainThread]: Postgres adapter: Rolling back transaction.
[0m21:19:08.443334 [debug] [MainThread]: On debug: No close available on handle
[0m21:19:08.443549 [info ] [MainThread]:   Connection test: [[31mERROR[0m]

[0m21:19:08.443770 [info ] [MainThread]: [31m1 check failed:[0m
[0m21:19:08.443958 [info ] [MainThread]: dbt was unable to connect to the specified database.
The database returned the following error:

  >Database Error
  connection to server at "localhost" (::1), port 5432 failed: FATAL:  password authentication failed for user "cryptopulse"
  

Check your database credentials and try again. For more information, visit:
https://docs.getdbt.com/docs/configure-your-profile


[0m21:19:08.444571 [debug] [MainThread]: Command `dbt debug` failed at 21:19:08.444482 after 2.99 seconds
[0m21:19:08.444806 [debug] [MainThread]: Connection 'debug' was properly closed.
[0m21:19:08.445199 [debug] [MainThread]: Sending event: {'category': 'dbt', 'action': 'invocation', 'label': 'end', 'context': [<snowplow_tracker.self_describing_json.SelfDescribingJson object at 0x000002A5EE458770>, <snowplow_tracker.self_describing_json.SelfDescribingJson object at 0x000002A5EE675490>, <snowplow_tracker.self_describing_json.SelfDescribingJson object at 0x000002A5EE5F28B0>]}
[0m21:19:08.445577 [debug] [MainThread]: Flushing usage events
[0m21:19:08.812780 [debug] [MainThread]: An error was encountered while trying to flush usage events
[0m21:19:11.262969 [debug] [MainThread]: Sending event: {'category': 'dbt', 'action': 'invocation', 'label': 'start', 'context': [<snowplow_tracker.self_describing_json.SelfDescribingJson object at 0x000001A0B4B3FCB0>, <snowplow_tracker.self_describing_json.SelfDescribingJson object at 0x000001A0B71CFED0>, <snowplow_tracker.self_describing_json.SelfDescribingJson object at 0x000001A0B71CF9D0>]}


============================== 21:19:11.268778 | abd8f10a-cede-41d8-ab44-bfd0168d6f4c ==============================
[0m21:19:11.268778 [info ] [MainThread]: Running with dbt=1.12.4
[0m21:19:11.272541 [debug] [MainThread]: running dbt with arguments {'maximum_seed_size_mib': '1', 'no_print': 'None', 'static_parser': 'True', 'warn_error_options': 'WarnErrorOptionsV2(error=[], warn=[], silence=[])', 'version_check': 'True', 'target_path': 'None', 'printer_width': '80', 'write_json': 'True', 'introspect': 'True', 'log_cache_events': 'False', 'empty': 'None', 'cache_selected_only': 'False', 'log_format': 'default', 'debug': 'False', 'fail_fast': 'False', 'partial_parse': 'True', 'send_anonymous_usage_stats': 'True', 'quiet': 'False', 'warn_error': 'None', 'profiles_dir': 'dbt', 'use_colors': 'True', 'hints_enabled': 'True', 'invocation_command': 'dbt parse --project-dir dbt --profiles-dir dbt', 'use_experimental_parser': 'False', 'indirect_selection': 'eager', 'log_path': 'dbt\\logs'}
[0m21:19:11.527604 [debug] [MainThread]: Sending event: {'category': 'dbt', 'action': 'project_id', 'label': 'abd8f10a-cede-41d8-ab44-bfd0168d6f4c', 'context': [<snowplow_tracker.self_describing_json.SelfDescribingJson object at 0x000001A0B50EE3F0>]}
[0m21:19:11.621445 [debug] [MainThread]: Sending event: {'category': 'dbt', 'action': 'adapter_info', 'label': 'abd8f10a-cede-41d8-ab44-bfd0168d6f4c', 'context': [<snowplow_tracker.self_describing_json.SelfDescribingJson object at 0x000001A0B3069E10>]}
[0m21:19:11.622732 [info ] [MainThread]: Registered adapter: postgres=1.11.0
[0m21:19:11.807792 [debug] [MainThread]: checksum: d0ae13726430808d53368a611dcc448868af2e91ec7c8fa7fbc4e3d001aaea19, vars: {}, profile: cryptopulse, target: dev, version: 1.12.4
[0m21:19:11.808660 [info ] [MainThread]: Unable to do partial parsing because saved manifest not found. Starting full parse.
[0m21:19:11.808969 [debug] [MainThread]: Sending event: {'category': 'dbt', 'action': 'partial_parser', 'label': 'abd8f10a-cede-41d8-ab44-bfd0168d6f4c', 'context': [<snowplow_tracker.self_describing_json.SelfDescribingJson object at 0x000001A0B7284A50>]}
[0m21:19:11.827070 [error] [MainThread]: [[31mERROR[0m]: Encountered an error:
Parsing Error
  Error reading cryptopulse: marts\schema.yml - Runtime Error
    Syntax error near line 22
    ------------------------------
    19 |       - name: date_key
    20 |         tests: [unique, not_null]
    21 |   - name: fact_market_bar
    22 |     description: Grain: provider, symbol, interval, and event-time bar start.
    23 |     columns:
    24 |       - name: market_bar_key
    25 |         tests: [unique, not_null]
    
    Raw Error:
    ------------------------------
    mapping values are not allowed in this context
      in "<unicode string>", line 22, column 23
[0m21:19:11.828077 [debug] [MainThread]: Command `dbt parse` failed at 21:19:11.827971 after 0.74 seconds
[0m21:19:11.828548 [debug] [MainThread]: Sending event: {'category': 'dbt', 'action': 'invocation', 'label': 'end', 'context': [<snowplow_tracker.self_describing_json.SelfDescribingJson object at 0x000001A0B7291D60>, <snowplow_tracker.self_describing_json.SelfDescribingJson object at 0x000001A0B7291C70>, <snowplow_tracker.self_describing_json.SelfDescribingJson object at 0x000001A0B704BD90>]}
[0m21:19:11.828907 [debug] [MainThread]: Flushing usage events
[0m21:19:12.037697 [debug] [MainThread]: An error was encountered while trying to flush usage events
[0m21:20:24.475979 [debug] [MainThread]: Sending event: {'category': 'dbt', 'action': 'invocation', 'label': 'start', 'context': [<snowplow_tracker.self_describing_json.SelfDescribingJson object at 0x000002C82C73FCB0>, <snowplow_tracker.self_describing_json.SelfDescribingJson object at 0x000002C82EDCFED0>, <snowplow_tracker.self_describing_json.SelfDescribingJson object at 0x000002C82EDCF9D0>]}


============================== 21:20:24.480872 | 5249206a-35e2-464a-9290-9c38380c8bea ==============================
[0m21:20:24.480872 [info ] [MainThread]: Running with dbt=1.12.4
[0m21:20:24.481390 [debug] [MainThread]: running dbt with arguments {'version_check': 'True', 'no_print': 'None', 'maximum_seed_size_mib': '1', 'target_path': 'None', 'warn_error_options': 'WarnErrorOptionsV2(error=[], warn=[], silence=[])', 'static_parser': 'True', 'printer_width': '80', 'write_json': 'True', 'introspect': 'True', 'log_cache_events': 'False', 'empty': 'None', 'cache_selected_only': 'False', 'log_format': 'default', 'debug': 'False', 'fail_fast': 'False', 'profiles_dir': 'dbt', 'send_anonymous_usage_stats': 'True', 'quiet': 'False', 'warn_error': 'None', 'partial_parse': 'True', 'indirect_selection': 'eager', 'hints_enabled': 'True', 'use_colors': 'True', 'use_experimental_parser': 'False', 'invocation_command': 'dbt debug --project-dir dbt --profiles-dir dbt', 'log_path': 'dbt\\logs'}
[0m21:20:24.498810 [info ] [MainThread]: dbt version: 1.12.4
[0m21:20:24.499188 [info ] [MainThread]: python version: 3.13.2
[0m21:20:24.499415 [info ] [MainThread]: python path: C:\Users\abhis\AppData\Local\Programs\Python\Python313\python.exe
[0m21:20:24.500033 [info ] [MainThread]: os info: Windows-11-10.0.26200-SP0
[0m21:20:24.548140 [info ] [MainThread]: Using profiles dir at dbt
[0m21:20:24.548522 [info ] [MainThread]: Using profiles.yml file at dbt\profiles.yml
[0m21:20:24.548875 [info ] [MainThread]: Using dbt_project.yml file at dbt\dbt_project.yml
[0m21:20:24.549802 [info ] [MainThread]: adapter type: postgres
[0m21:20:24.550119 [info ] [MainThread]: adapter version: 1.11.0
[0m21:20:24.688375 [info ] [MainThread]: Configuration:
[0m21:20:24.689027 [info ] [MainThread]:   profiles.yml file [[32mOK found and valid[0m]
[0m21:20:24.689379 [info ] [MainThread]:   dbt_project.yml file [[32mOK found and valid[0m]
[0m21:20:24.690052 [info ] [MainThread]: Required dependencies:
[0m21:20:24.690392 [debug] [MainThread]: Executing "git --help"
[0m21:20:24.727790 [debug] [MainThread]: STDOUT: "b"usage: git [-v | --version] [-h | --help] [-C <path>] [-c <name>=<value>]\n           [--exec-path[=<path>]] [--html-path] [--man-path] [--info-path]\n           [-p | --paginate | -P | --no-pager] [--no-replace-objects] [--no-lazy-fetch]\n           [--no-optional-locks] [--no-advice] [--bare] [--git-dir=<path>]\n           [--work-tree=<path>] [--namespace=<name>] [--config-env=<name>=<envvar>]\n           <command> [<args>]\n\nThese are common Git commands used in various situations:\n\nstart a working area (see also: git help tutorial)\n   clone      Clone a repository into a new directory\n   init       Create an empty Git repository or reinitialize an existing one\n\nwork on the current change (see also: git help everyday)\n   add        Add file contents to the index\n   mv         Move or rename a file, a directory, or a symlink\n   restore    Restore working tree files\n   rm         Remove files from the working tree and from the index\n\nexamine the history and state (see also: git help revisions)\n   bisect     Use binary search to find the commit that introduced a bug\n   diff       Show changes between commits, commit and working tree, etc\n   grep       Print lines matching a pattern\n   log        Show commit logs\n   show       Show various types of objects\n   status     Show the working tree status\n\ngrow, mark and tweak your common history\n   backfill   Download missing objects in a partial clone\n   branch     List, create, or delete branches\n   commit     Record changes to the repository\n   merge      Join two or more development histories together\n   rebase     Reapply commits on top of another base tip\n   reset      Reset current HEAD to the specified state\n   switch     Switch branches\n   tag        Create, list, delete or verify a tag object signed with GPG\n\ncollaborate (see also: git help workflows)\n   fetch      Download objects and refs from another repository\n   pull       Fetch from and integrate with another repository or a local branch\n   push       Update remote refs along with associated objects\n\n'git help -a' and 'git help -g' list available subcommands and some\nconcept guides. See 'git help <command>' or 'git help <concept>'\nto read about a specific subcommand or concept.\nSee 'git help git' for an overview of the system.\n""
[0m21:20:24.728591 [debug] [MainThread]: STDERR: "b''"
[0m21:20:24.729152 [info ] [MainThread]:  - git [[32mOK found[0m]

[0m21:20:24.729448 [info ] [MainThread]: Connection:
[0m21:20:24.729698 [info ] [MainThread]:   host: 127.0.0.1
[0m21:20:24.729917 [info ] [MainThread]:   port: 5432
[0m21:20:24.730177 [info ] [MainThread]:   user: cryptopulse
[0m21:20:24.730381 [info ] [MainThread]:   database: cryptopulse
[0m21:20:24.730570 [info ] [MainThread]:   schema: analytics
[0m21:20:24.730756 [info ] [MainThread]:   connect_timeout: 10
[0m21:20:24.730944 [info ] [MainThread]:   role: None
[0m21:20:24.731135 [info ] [MainThread]:   search_path: None
[0m21:20:24.731311 [info ] [MainThread]:   keepalives_idle: 0
[0m21:20:24.731473 [info ] [MainThread]:   sslmode: None
[0m21:20:24.732426 [info ] [MainThread]:   sslcert: None
[0m21:20:24.732807 [info ] [MainThread]:   sslkey: None
[0m21:20:24.733004 [info ] [MainThread]:   sslrootcert: None
[0m21:20:24.733187 [info ] [MainThread]:   application_name: dbt
[0m21:20:24.733361 [info ] [MainThread]:   autocommit: False
[0m21:20:24.733532 [info ] [MainThread]:   retries: 1
[0m21:20:24.733863 [info ] [MainThread]: Registered adapter: postgres=1.11.0
[0m21:20:24.902027 [debug] [MainThread]: Acquiring new postgres connection 'debug'
[0m21:20:24.942506 [debug] [MainThread]: Using postgres connection "debug"
[0m21:20:24.942844 [debug] [MainThread]: On debug: select 1 as id
[0m21:20:24.943055 [debug] [MainThread]: Opening a new connection, currently in state init
[0m21:20:24.982554 [debug] [MainThread]: Postgres adapter: Got a retryable error when attempting to open a postgres connection.
1 attempts remaining. Retrying in 0 seconds.
Error:
connection to server at "127.0.0.1", port 5432 failed: FATAL:  password authentication failed for user "cryptopulse"

[0m21:20:25.146077 [debug] [MainThread]: Postgres adapter: Error running SQL: select 1 as id
[0m21:20:25.146569 [debug] [MainThread]: Postgres adapter: Rolling back transaction.
[0m21:20:25.146923 [debug] [MainThread]: On debug: No close available on handle
[0m21:20:25.147286 [info ] [MainThread]:   Connection test: [[31mERROR[0m]

[0m21:20:25.147558 [info ] [MainThread]: [31m1 check failed:[0m
[0m21:20:25.147763 [info ] [MainThread]: dbt was unable to connect to the specified database.
The database returned the following error:

  >Database Error
  connection to server at "127.0.0.1", port 5432 failed: FATAL:  password authentication failed for user "cryptopulse"
  

Check your database credentials and try again. For more information, visit:
https://docs.getdbt.com/docs/configure-your-profile


[0m21:20:25.148422 [debug] [MainThread]: Command `dbt debug` failed at 21:20:25.148328 after 0.83 seconds
[0m21:20:25.148663 [debug] [MainThread]: Connection 'debug' was properly closed.
[0m21:20:25.148900 [debug] [MainThread]: Sending event: {'category': 'dbt', 'action': 'invocation', 'label': 'end', 'context': [<snowplow_tracker.self_describing_json.SelfDescribingJson object at 0x000002C82EF88770>, <snowplow_tracker.self_describing_json.SelfDescribingJson object at 0x000002C82F0D9490>, <snowplow_tracker.self_describing_json.SelfDescribingJson object at 0x000002C82F0528B0>]}
[0m21:20:25.149197 [debug] [MainThread]: Flushing usage events
[0m21:20:25.810971 [debug] [MainThread]: An error was encountered while trying to flush usage events
[0m21:20:28.627398 [debug] [MainThread]: Sending event: {'category': 'dbt', 'action': 'invocation', 'label': 'start', 'context': [<snowplow_tracker.self_describing_json.SelfDescribingJson object at 0x0000028E343AFCB0>, <snowplow_tracker.self_describing_json.SelfDescribingJson object at 0x0000028E311D5090>, <snowplow_tracker.self_describing_json.SelfDescribingJson object at 0x0000028E36A9BED0>]}


============================== 21:20:28.631606 | ed06196b-c4de-4969-8bd2-3ce778afcafa ==============================
[0m21:20:28.631606 [info ] [MainThread]: Running with dbt=1.12.4
[0m21:20:28.632015 [debug] [MainThread]: running dbt with arguments {'static_parser': 'True', 'no_print': 'None', 'version_check': 'True', 'warn_error_options': 'WarnErrorOptionsV2(error=[], warn=[], silence=[])', 'target_path': 'None', 'maximum_seed_size_mib': '1', 'printer_width': '80', 'write_json': 'True', 'introspect': 'True', 'log_cache_events': 'False', 'empty': 'False', 'cache_selected_only': 'False', 'fail_fast': 'False', 'debug': 'False', 'log_format': 'default', 'partial_parse': 'True', 'send_anonymous_usage_stats': 'True', 'quiet': 'False', 'warn_error': 'None', 'profiles_dir': 'dbt', 'indirect_selection': 'eager', 'hints_enabled': 'True', 'invocation_command': 'dbt build --project-dir dbt --profiles-dir dbt', 'use_experimental_parser': 'False', 'use_colors': 'True', 'log_path': 'dbt\\logs'}
[0m21:20:28.807065 [debug] [MainThread]: Sending event: {'category': 'dbt', 'action': 'project_id', 'label': 'ed06196b-c4de-4969-8bd2-3ce778afcafa', 'context': [<snowplow_tracker.self_describing_json.SelfDescribingJson object at 0x0000028E3495E3F0>]}
[0m21:20:28.928044 [debug] [MainThread]: Sending event: {'category': 'dbt', 'action': 'adapter_info', 'label': 'ed06196b-c4de-4969-8bd2-3ce778afcafa', 'context': [<snowplow_tracker.self_describing_json.SelfDescribingJson object at 0x0000028E328D9E10>]}
[0m21:20:28.961080 [info ] [MainThread]: Registered adapter: postgres=1.11.0
[0m21:20:29.166070 [debug] [MainThread]: checksum: d0ae13726430808d53368a611dcc448868af2e91ec7c8fa7fbc4e3d001aaea19, vars: {}, profile: cryptopulse, target: dev, version: 1.12.4
[0m21:20:29.166821 [info ] [MainThread]: Unable to do partial parsing because saved manifest not found. Starting full parse.
[0m21:20:29.167112 [debug] [MainThread]: Sending event: {'category': 'dbt', 'action': 'partial_parser', 'label': 'ed06196b-c4de-4969-8bd2-3ce778afcafa', 'context': [<snowplow_tracker.self_describing_json.SelfDescribingJson object at 0x0000028E36A46650>]}
[0m21:20:31.880873 [debug] [MainThread]: Sending event: {'category': 'dbt', 'action': 'load_project', 'label': 'ed06196b-c4de-4969-8bd2-3ce778afcafa', 'context': [<snowplow_tracker.self_describing_json.SelfDescribingJson object at 0x0000028E370EC230>]}
[0m21:20:31.959370 [debug] [MainThread]: Wrote artifact WritableManifest to dbt\target\manifest.json
[0m21:20:31.990959 [debug] [MainThread]: Wrote artifact SemanticManifest to dbt\target\semantic_manifest.json
[0m21:20:32.013063 [debug] [MainThread]: Wrote artifact OsiDocument to dbt\target\osi_document.json
[0m21:20:32.037274 [debug] [MainThread]: Sending event: {'category': 'dbt', 'action': 'resource_counts', 'label': 'ed06196b-c4de-4969-8bd2-3ce778afcafa', 'context': [<snowplow_tracker.self_describing_json.SelfDescribingJson object at 0x0000028E3779F850>]}
[0m21:20:32.037669 [info ] [MainThread]: Found 7 models, 20 data tests, 1 source, 478 macros
[0m21:20:32.039836 [info ] [MainThread]: 
[0m21:20:32.040167 [info ] [MainThread]: Concurrency: 4 threads (target='dev')
[0m21:20:32.040502 [info ] [MainThread]: 
[0m21:20:32.041031 [debug] [MainThread]: Acquiring new postgres connection 'master'
[0m21:20:32.044361 [debug] [ThreadPool]: Acquiring new postgres connection 'list_cryptopulse'
[0m21:20:32.051141 [debug] [ThreadPool]: Acquiring new postgres connection 'list_cryptopulse'
[0m21:20:32.052202 [debug] [ThreadPool]: Acquiring new postgres connection 'list_cryptopulse'
[0m21:20:32.087908 [debug] [ThreadPool]: Using postgres connection "list_cryptopulse"
[0m21:20:32.088262 [debug] [ThreadPool]: Using postgres connection "list_cryptopulse"
[0m21:20:32.088662 [debug] [ThreadPool]: Using postgres connection "list_cryptopulse"
[0m21:20:32.088922 [debug] [ThreadPool]: On list_cryptopulse: /* {"app": "dbt", "dbt_version": "1.12.4", "profile_name": "cryptopulse", "target_name": "dev", "connection_name": "list_cryptopulse"} */

    select distinct nspname from pg_namespace
  
[0m21:20:32.089213 [debug] [ThreadPool]: On list_cryptopulse: /* {"app": "dbt", "dbt_version": "1.12.4", "profile_name": "cryptopulse", "target_name": "dev", "connection_name": "list_cryptopulse"} */

    select distinct nspname from pg_namespace
  
[0m21:20:32.089482 [debug] [ThreadPool]: On list_cryptopulse: /* {"app": "dbt", "dbt_version": "1.12.4", "profile_name": "cryptopulse", "target_name": "dev", "connection_name": "list_cryptopulse"} */

    select distinct nspname from pg_namespace
  
[0m21:20:32.089738 [debug] [ThreadPool]: Opening a new connection, currently in state init
[0m21:20:32.090005 [debug] [ThreadPool]: Opening a new connection, currently in state init
[0m21:20:32.090250 [debug] [ThreadPool]: Opening a new connection, currently in state init
[0m21:20:32.150037 [debug] [ThreadPool]: Postgres adapter: Got a retryable error when attempting to open a postgres connection.
1 attempts remaining. Retrying in 0 seconds.
Error:
connection to server at "127.0.0.1", port 5432 failed: FATAL:  password authentication failed for user "cryptopulse"

[0m21:20:32.150566 [debug] [ThreadPool]: Postgres adapter: Got a retryable error when attempting to open a postgres connection.
1 attempts remaining. Retrying in 0 seconds.
Error:
connection to server at "127.0.0.1", port 5432 failed: FATAL:  password authentication failed for user "cryptopulse"

[0m21:20:32.166161 [debug] [ThreadPool]: Postgres adapter: Got a retryable error when attempting to open a postgres connection.
1 attempts remaining. Retrying in 0 seconds.
Error:
connection to server at "127.0.0.1", port 5432 failed: FATAL:  password authentication failed for user "cryptopulse"

[0m21:20:32.196724 [debug] [ThreadPool]: Postgres adapter: Error running SQL: /* {"app": "dbt", "dbt_version": "1.12.4", "profile_name": "cryptopulse", "target_name": "dev", "connection_name": "list_cryptopulse"} */

    select distinct nspname from pg_namespace
  
[0m21:20:32.197167 [debug] [ThreadPool]: Postgres adapter: Rolling back transaction.
[0m21:20:32.197638 [debug] [ThreadPool]: Postgres adapter: Error running SQL: macro list_schemas
[0m21:20:32.197858 [debug] [ThreadPool]: Postgres adapter: Rolling back transaction.
[0m21:20:32.198070 [debug] [ThreadPool]: On list_cryptopulse: No close available on handle
[0m21:20:32.211419 [debug] [ThreadPool]: Postgres adapter: Error running SQL: /* {"app": "dbt", "dbt_version": "1.12.4", "profile_name": "cryptopulse", "target_name": "dev", "connection_name": "list_cryptopulse"} */

    select distinct nspname from pg_namespace
  
[0m21:20:32.212369 [debug] [ThreadPool]: Postgres adapter: Rolling back transaction.
[0m21:20:32.212718 [debug] [ThreadPool]: Postgres adapter: Error running SQL: macro list_schemas
[0m21:20:32.212944 [debug] [ThreadPool]: Postgres adapter: Rolling back transaction.
[0m21:20:32.213153 [debug] [ThreadPool]: On list_cryptopulse: No close available on handle
[0m21:20:32.223353 [debug] [ThreadPool]: Postgres adapter: Error running SQL: /* {"app": "dbt", "dbt_version": "1.12.4", "profile_name": "cryptopulse", "target_name": "dev", "connection_name": "list_cryptopulse"} */

    select distinct nspname from pg_namespace
  
[0m21:20:32.223636 [debug] [ThreadPool]: Postgres adapter: Rolling back transaction.
[0m21:20:32.223890 [debug] [ThreadPool]: Postgres adapter: Error running SQL: macro list_schemas
[0m21:20:32.224116 [debug] [ThreadPool]: Postgres adapter: Rolling back transaction.
[0m21:20:32.224311 [debug] [ThreadPool]: On list_cryptopulse: No close available on handle
[0m21:20:32.225044 [debug] [MainThread]: Connection 'master' was properly closed.
[0m21:20:32.225257 [debug] [MainThread]: Connection 'list_cryptopulse' was properly closed.
[0m21:20:32.225428 [debug] [MainThread]: Connection 'list_cryptopulse' was properly closed.
[0m21:20:32.225589 [debug] [MainThread]: Connection 'list_cryptopulse' was properly closed.
[0m21:20:32.225779 [info ] [MainThread]: 
[0m21:20:32.226014 [info ] [MainThread]: Finished running  in 0 hours 0 minutes and 0.18 seconds (0.18s).
[0m21:20:32.226338 [error] [MainThread]: [[31mERROR[0m]: Encountered an error:
Database Error
  connection to server at "127.0.0.1", port 5432 failed: FATAL:  password authentication failed for user "cryptopulse"
  
[0m21:20:32.226918 [debug] [MainThread]: Command `dbt build` failed at 21:20:32.226833 after 3.77 seconds
[0m21:20:32.227180 [debug] [MainThread]: Sending event: {'category': 'dbt', 'action': 'invocation', 'label': 'end', 'context': [<snowplow_tracker.self_describing_json.SelfDescribingJson object at 0x0000028E379FAD00>, <snowplow_tracker.self_describing_json.SelfDescribingJson object at 0x0000028E368F2090>, <snowplow_tracker.self_describing_json.SelfDescribingJson object at 0x0000028E37786F90>]}
[0m21:20:32.227430 [debug] [MainThread]: Flushing usage events
[0m21:20:32.432403 [debug] [MainThread]: An error was encountered while trying to flush usage events
[0m02:22:44.582170 [debug] [MainThread]: Sending event: {'category': 'dbt', 'action': 'invocation', 'label': 'start', 'context': [<snowplow_tracker.self_describing_json.SelfDescribingJson object at 0x7f328813d590>, <snowplow_tracker.self_describing_json.SelfDescribingJson object at 0x7f328810bcd0>, <snowplow_tracker.self_describing_json.SelfDescribingJson object at 0x7f3288003350>]}


============================== 02:22:44.587768 | dd8ff578-0aeb-4821-89d5-35c99038d4a0 ==============================
[0m02:22:44.587768 [info ] [MainThread]: Running with dbt=1.12.4
[0m02:22:44.588891 [debug] [MainThread]: running dbt with arguments {'introspect': 'True', 'static_parser': 'True', 'no_print': 'None', 'log_path': 'dbt/logs', 'use_experimental_parser': 'False', 'target_path': 'None', 'fail_fast': 'False', 'empty': 'False', 'warn_error_options': 'WarnErrorOptionsV2(error=[], warn=[], silence=[])', 'warn_error': 'None', 'indirect_selection': 'eager', 'debug': 'False', 'log_cache_events': 'False', 'profiles_dir': 'dbt', 'quiet': 'False', 'hints_enabled': 'True', 'partial_parse': 'True', 'invocation_command': 'dbt build --project-dir dbt --profiles-dir dbt', 'maximum_seed_size_mib': '1', 'use_colors': 'True', 'log_format': 'default', 'write_json': 'True', 'cache_selected_only': 'False', 'printer_width': '80', 'version_check': 'True', 'send_anonymous_usage_stats': 'True'}
[0m02:22:44.747320 [debug] [MainThread]: Sending event: {'category': 'dbt', 'action': 'project_id', 'label': 'dd8ff578-0aeb-4821-89d5-35c99038d4a0', 'context': [<snowplow_tracker.self_describing_json.SelfDescribingJson object at 0x7f3287709290>]}
[0m02:22:44.804756 [debug] [MainThread]: Sending event: {'category': 'dbt', 'action': 'adapter_info', 'label': 'dd8ff578-0aeb-4821-89d5-35c99038d4a0', 'context': [<snowplow_tracker.self_describing_json.SelfDescribingJson object at 0x7f328b2f1590>]}
[0m02:22:44.806328 [info ] [MainThread]: Registered adapter: postgres=1.11.0
[0m02:22:44.868547 [debug] [MainThread]: checksum: d0ae13726430808d53368a611dcc448868af2e91ec7c8fa7fbc4e3d001aaea19, vars: {}, profile: cryptopulse, target: dev, version: 1.12.4
[0m02:22:45.061883 [info ] [MainThread]: Unable to do partial parsing because profile has changed
[0m02:22:45.062970 [debug] [MainThread]: Sending event: {'category': 'dbt', 'action': 'partial_parser', 'label': 'dd8ff578-0aeb-4821-89d5-35c99038d4a0', 'context': [<snowplow_tracker.self_describing_json.SelfDescribingJson object at 0x7f3288aec190>]}
[0m02:22:46.573938 [debug] [MainThread]: Sending event: {'category': 'dbt', 'action': 'load_project', 'label': 'dd8ff578-0aeb-4821-89d5-35c99038d4a0', 'context': [<snowplow_tracker.self_describing_json.SelfDescribingJson object at 0x7f328825e290>]}
[0m02:22:46.687470 [debug] [MainThread]: Wrote artifact WritableManifest to dbt/target/manifest.json
[0m02:22:46.696379 [debug] [MainThread]: Wrote artifact SemanticManifest to dbt/target/semantic_manifest.json
[0m02:22:46.709968 [debug] [MainThread]: Wrote artifact OsiDocument to dbt/target/osi_document.json
[0m02:22:46.750696 [debug] [MainThread]: Sending event: {'category': 'dbt', 'action': 'resource_counts', 'label': 'dd8ff578-0aeb-4821-89d5-35c99038d4a0', 'context': [<snowplow_tracker.self_describing_json.SelfDescribingJson object at 0x7f3285bbac50>]}
[0m02:22:46.756350 [info ] [MainThread]: Found 7 models, 20 data tests, 1 source, 478 macros
[0m02:22:46.764395 [info ] [MainThread]: 
[0m02:22:46.765448 [info ] [MainThread]: Concurrency: 4 threads (target='dev')
[0m02:22:46.767620 [info ] [MainThread]: 
[0m02:22:46.771026 [debug] [MainThread]: Acquiring new postgres connection 'master'
[0m02:22:46.776684 [debug] [ThreadPool]: Acquiring new postgres connection 'list_cryptopulse'
[0m02:22:46.777482 [debug] [ThreadPool]: Acquiring new postgres connection 'list_cryptopulse'
[0m02:22:46.778328 [debug] [ThreadPool]: Acquiring new postgres connection 'list_cryptopulse'
[0m02:22:46.809202 [debug] [ThreadPool]: Using postgres connection "list_cryptopulse"
[0m02:22:46.809573 [debug] [ThreadPool]: Using postgres connection "list_cryptopulse"
[0m02:22:46.809869 [debug] [ThreadPool]: Using postgres connection "list_cryptopulse"
[0m02:22:46.810520 [debug] [ThreadPool]: On list_cryptopulse: /* {"app": "dbt", "dbt_version": "1.12.4", "profile_name": "cryptopulse", "target_name": "dev", "connection_name": "list_cryptopulse"} */

    select distinct nspname from pg_namespace
  
[0m02:22:46.811220 [debug] [ThreadPool]: On list_cryptopulse: /* {"app": "dbt", "dbt_version": "1.12.4", "profile_name": "cryptopulse", "target_name": "dev", "connection_name": "list_cryptopulse"} */

    select distinct nspname from pg_namespace
  
[0m02:22:46.811982 [debug] [ThreadPool]: On list_cryptopulse: /* {"app": "dbt", "dbt_version": "1.12.4", "profile_name": "cryptopulse", "target_name": "dev", "connection_name": "list_cryptopulse"} */

    select distinct nspname from pg_namespace
  
[0m02:22:46.812710 [debug] [ThreadPool]: Opening a new connection, currently in state init
[0m02:22:46.813424 [debug] [ThreadPool]: Opening a new connection, currently in state init
[0m02:22:46.814092 [debug] [ThreadPool]: Opening a new connection, currently in state init
[0m02:22:46.837739 [debug] [ThreadPool]: SQL status: SELECT 5 in 0.024 seconds
[0m02:22:46.838127 [debug] [ThreadPool]: SQL status: SELECT 5 in 0.025 seconds
[0m02:22:46.838426 [debug] [ThreadPool]: SQL status: SELECT 5 in 0.026 seconds
[0m02:22:46.839886 [debug] [ThreadPool]: On list_cryptopulse: Close
[0m02:22:46.841810 [debug] [ThreadPool]: On list_cryptopulse: Close
[0m02:22:46.843119 [debug] [ThreadPool]: On list_cryptopulse: Close
[0m02:22:46.846152 [debug] [ThreadPool]: Re-using an available connection from the pool (formerly list_cryptopulse, now create_cryptopulse_analytics_intermediate)
[0m02:22:46.846535 [debug] [ThreadPool]: Re-using an available connection from the pool (formerly list_cryptopulse, now create_cryptopulse_analytics_analytics)
[0m02:22:46.846893 [debug] [ThreadPool]: Re-using an available connection from the pool (formerly list_cryptopulse, now create_cryptopulse_analytics_staging)
[0m02:22:46.848048 [debug] [ThreadPool]: Creating schema "database: "cryptopulse"
schema: "analytics_intermediate"
"
[0m02:22:46.848930 [debug] [ThreadPool]: Creating schema "database: "cryptopulse"
schema: "analytics_analytics"
"
[0m02:22:46.849859 [debug] [ThreadPool]: Creating schema "database: "cryptopulse"
schema: "analytics_staging"
"
[0m02:22:46.854328 [debug] [ThreadPool]: Using postgres connection "create_cryptopulse_analytics_intermediate"
[0m02:22:46.855781 [debug] [ThreadPool]: Using postgres connection "create_cryptopulse_analytics_analytics"
[0m02:22:46.857081 [debug] [ThreadPool]: Using postgres connection "create_cryptopulse_analytics_staging"
[0m02:22:46.858555 [debug] [ThreadPool]: On create_cryptopulse_analytics_intermediate: /* {"app": "dbt", "dbt_version": "1.12.4", "profile_name": "cryptopulse", "target_name": "dev", "connection_name": "create_cryptopulse_analytics_intermediate"} */
create schema if not exists "analytics_intermediate"
[0m02:22:46.859395 [debug] [ThreadPool]: On create_cryptopulse_analytics_analytics: /* {"app": "dbt", "dbt_version": "1.12.4", "profile_name": "cryptopulse", "target_name": "dev", "connection_name": "create_cryptopulse_analytics_analytics"} */
create schema if not exists "analytics_analytics"
[0m02:22:46.861163 [debug] [ThreadPool]: On create_cryptopulse_analytics_staging: /* {"app": "dbt", "dbt_version": "1.12.4", "profile_name": "cryptopulse", "target_name": "dev", "connection_name": "create_cryptopulse_analytics_staging"} */
create schema if not exists "analytics_staging"
[0m02:22:46.862568 [debug] [ThreadPool]: Opening a new connection, currently in state closed
[0m02:22:46.863303 [debug] [ThreadPool]: Opening a new connection, currently in state closed
[0m02:22:46.863983 [debug] [ThreadPool]: Opening a new connection, currently in state closed
[0m02:22:46.874653 [debug] [ThreadPool]: SQL status: CREATE SCHEMA in 0.011 seconds
[0m02:22:46.875031 [debug] [ThreadPool]: SQL status: CREATE SCHEMA in 0.012 seconds
[0m02:22:46.876913 [debug] [ThreadPool]: On create_cryptopulse_analytics_analytics: COMMIT
[0m02:22:46.883422 [debug] [ThreadPool]: On create_cryptopulse_analytics_intermediate: COMMIT
[0m02:22:46.884595 [debug] [ThreadPool]: SQL status: CREATE SCHEMA in 0.021 seconds
[0m02:22:46.889479 [debug] [ThreadPool]: On create_cryptopulse_analytics_staging: COMMIT
[0m02:22:46.886858 [debug] [ThreadPool]: Using postgres connection "create_cryptopulse_analytics_intermediate"
[0m02:22:46.886100 [debug] [ThreadPool]: Using postgres connection "create_cryptopulse_analytics_analytics"
[0m02:22:46.890358 [debug] [ThreadPool]: Using postgres connection "create_cryptopulse_analytics_staging"
[0m02:22:46.892875 [debug] [ThreadPool]: On create_cryptopulse_analytics_intermediate: COMMIT
[0m02:22:46.893585 [debug] [ThreadPool]: On create_cryptopulse_analytics_analytics: COMMIT
[0m02:22:46.894287 [debug] [ThreadPool]: On create_cryptopulse_analytics_staging: COMMIT
[0m02:22:46.898419 [debug] [ThreadPool]: SQL status: COMMIT in 0.003 seconds
[0m02:22:46.900601 [debug] [ThreadPool]: On create_cryptopulse_analytics_intermediate: Close
[0m02:22:46.901286 [debug] [ThreadPool]: SQL status: COMMIT in 0.005 seconds
[0m02:22:46.904491 [debug] [ThreadPool]: On create_cryptopulse_analytics_analytics: Close
[0m02:22:46.904814 [debug] [ThreadPool]: SQL status: COMMIT in 0.006 seconds
[0m02:22:46.906297 [debug] [ThreadPool]: On create_cryptopulse_analytics_staging: Close
[0m02:22:46.908823 [debug] [ThreadPool]: Re-using an available connection from the pool (formerly create_cryptopulse_analytics_staging, now list_cryptopulse_analytics_intermediate)
[0m02:22:46.909344 [debug] [ThreadPool]: Re-using an available connection from the pool (formerly create_cryptopulse_analytics_analytics, now list_cryptopulse_analytics_analytics)
[0m02:22:46.909901 [debug] [ThreadPool]: Re-using an available connection from the pool (formerly create_cryptopulse_analytics_intermediate, now list_cryptopulse_analytics_staging)
[0m02:22:46.914486 [debug] [ThreadPool]: Using postgres connection "list_cryptopulse_analytics_intermediate"
[0m02:22:46.917062 [debug] [ThreadPool]: Using postgres connection "list_cryptopulse_analytics_analytics"
[0m02:22:46.918517 [debug] [ThreadPool]: Using postgres connection "list_cryptopulse_analytics_staging"
[0m02:22:46.919322 [debug] [ThreadPool]: On list_cryptopulse_analytics_intermediate: /* {"app": "dbt", "dbt_version": "1.12.4", "profile_name": "cryptopulse", "target_name": "dev", "connection_name": "list_cryptopulse_analytics_intermediate"} */
select
      'cryptopulse' as database,
      tablename as name,
      schemaname as schema,
      'table' as type
    from pg_tables
    where schemaname ilike 'analytics_intermediate'
    union all
    select
      'cryptopulse' as database,
      viewname as name,
      schemaname as schema,
      'view' as type
    from pg_views
    where schemaname ilike 'analytics_intermediate'
    union all
    select
      'cryptopulse' as database,
      matviewname as name,
      schemaname as schema,
      'materialized_view' as type
    from pg_matviews
    where schemaname ilike 'analytics_intermediate'
    union all
    select distinct
     'cryptopulse' as database,
     proname as name,
     ns.nspname as schema,
     'function' as type
    from pg_proc
     join pg_namespace as ns on pronamespace = ns.oid
    where ns.nspname ilike 'analytics_intermediate'
  
[0m02:22:46.920237 [debug] [ThreadPool]: On list_cryptopulse_analytics_analytics: /* {"app": "dbt", "dbt_version": "1.12.4", "profile_name": "cryptopulse", "target_name": "dev", "connection_name": "list_cryptopulse_analytics_analytics"} */
select
      'cryptopulse' as database,
      tablename as name,
      schemaname as schema,
      'table' as type
    from pg_tables
    where schemaname ilike 'analytics_analytics'
    union all
    select
      'cryptopulse' as database,
      viewname as name,
      schemaname as schema,
      'view' as type
    from pg_views
    where schemaname ilike 'analytics_analytics'
    union all
    select
      'cryptopulse' as database,
      matviewname as name,
      schemaname as schema,
      'materialized_view' as type
    from pg_matviews
    where schemaname ilike 'analytics_analytics'
    union all
    select distinct
     'cryptopulse' as database,
     proname as name,
     ns.nspname as schema,
     'function' as type
    from pg_proc
     join pg_namespace as ns on pronamespace = ns.oid
    where ns.nspname ilike 'analytics_analytics'
  
[0m02:22:46.920996 [debug] [ThreadPool]: On list_cryptopulse_analytics_staging: /* {"app": "dbt", "dbt_version": "1.12.4", "profile_name": "cryptopulse", "target_name": "dev", "connection_name": "list_cryptopulse_analytics_staging"} */
select
      'cryptopulse' as database,
      tablename as name,
      schemaname as schema,
      'table' as type
    from pg_tables
    where schemaname ilike 'analytics_staging'
    union all
    select
      'cryptopulse' as database,
      viewname as name,
      schemaname as schema,
      'view' as type
    from pg_views
    where schemaname ilike 'analytics_staging'
    union all
    select
      'cryptopulse' as database,
      matviewname as name,
      schemaname as schema,
      'materialized_view' as type
    from pg_matviews
    where schemaname ilike 'analytics_staging'
    union all
    select distinct
     'cryptopulse' as database,
     proname as name,
     ns.nspname as schema,
     'function' as type
    from pg_proc
     join pg_namespace as ns on pronamespace = ns.oid
    where ns.nspname ilike 'analytics_staging'
  
[0m02:22:46.921773 [debug] [ThreadPool]: Opening a new connection, currently in state closed
[0m02:22:46.922450 [debug] [ThreadPool]: Opening a new connection, currently in state closed
[0m02:22:46.923140 [debug] [ThreadPool]: Opening a new connection, currently in state closed
[0m02:22:46.949993 [debug] [ThreadPool]: SQL status: SELECT 0 in 0.027 seconds
[0m02:22:46.950490 [debug] [ThreadPool]: SQL status: SELECT 0 in 0.029 seconds
[0m02:22:46.950794 [debug] [ThreadPool]: SQL status: SELECT 0 in 0.028 seconds
[0m02:22:46.952251 [debug] [ThreadPool]: On list_cryptopulse_analytics_staging: ROLLBACK
[0m02:22:46.954231 [debug] [ThreadPool]: On list_cryptopulse_analytics_intermediate: ROLLBACK
[0m02:22:46.955703 [debug] [ThreadPool]: On list_cryptopulse_analytics_analytics: ROLLBACK
[0m02:22:46.956637 [debug] [ThreadPool]: On list_cryptopulse_analytics_staging: Close
[0m02:22:46.957384 [debug] [ThreadPool]: On list_cryptopulse_analytics_intermediate: Close
[0m02:22:46.958166 [debug] [ThreadPool]: On list_cryptopulse_analytics_analytics: Close
[0m02:22:46.963624 [debug] [MainThread]: Using postgres connection "master"
[0m02:22:46.964460 [debug] [MainThread]: On master: /* {"app": "dbt", "dbt_version": "1.12.4", "profile_name": "cryptopulse", "target_name": "dev", "connection_name": "master"} */
select distinct
        dependent_namespace.nspname as dependent_schema,
        dependent_class.relname as dependent_name,
        referenced_namespace.nspname as referenced_schema,
        referenced_class.relname as referenced_name

    -- Query for views: views are entries in pg_class with an entry in pg_rewrite, but we avoid
    -- a seq scan on pg_rewrite by leveraging the fact there is an "internal" row in pg_depend for
    -- the view...
    from pg_class as dependent_class
    join pg_namespace as dependent_namespace on dependent_namespace.oid = dependent_class.relnamespace
    join pg_depend as dependent_depend on dependent_depend.refobjid = dependent_class.oid
        and dependent_depend.classid = 'pg_rewrite'::regclass
        and dependent_depend.refclassid = 'pg_class'::regclass
        and dependent_depend.deptype = 'i'

    -- ... and via pg_depend (that has a row per column, hence the need for "distinct" above, and
    -- making sure to exclude the internal row to avoid a view appearing to depend on itself)...
    join pg_depend as joining_depend on joining_depend.objid = dependent_depend.objid
        and joining_depend.classid = 'pg_rewrite'::regclass
        and joining_depend.refclassid = 'pg_class'::regclass
        and joining_depend.refobjid != dependent_depend.refobjid

    -- ... we can find the tables they query from in pg_class, but excluding system tables. Note we
    -- don't need need to exclude _dependent_ system tables, because they only query from other
    -- system tables, and so are automatically excluded by excluding _referenced_ system tables
    join pg_class as referenced_class on referenced_class.oid = joining_depend.refobjid
    join pg_namespace as referenced_namespace on referenced_namespace.oid = referenced_class.relnamespace
        and referenced_namespace.nspname != 'information_schema'
        and referenced_namespace.nspname not like 'pg\_%'

    order by
        dependent_schema, dependent_name, referenced_schema, referenced_name;
[0m02:22:46.965227 [debug] [MainThread]: Opening a new connection, currently in state init
[0m02:22:46.979673 [debug] [MainThread]: SQL status: SELECT 0 in 0.014 seconds
[0m02:22:46.981330 [debug] [MainThread]: Sending event: {'category': 'dbt', 'action': 'runnable_timing', 'label': 'dd8ff578-0aeb-4821-89d5-35c99038d4a0', 'context': [<snowplow_tracker.self_describing_json.SelfDescribingJson object at 0x7f328a4c5190>]}
[0m02:22:46.982273 [debug] [MainThread]: On master: ROLLBACK
[0m02:22:46.983062 [debug] [MainThread]: On master: COMMIT
[0m02:22:46.983810 [debug] [MainThread]: Using postgres connection "master"
[0m02:22:46.984423 [debug] [MainThread]: On master: COMMIT
[0m02:22:46.985281 [debug] [MainThread]: SQL status: COMMIT in 0.000 seconds
[0m02:22:46.986061 [debug] [MainThread]: On master: Close
[0m02:22:46.993662 [debug] [Thread-1 (]: Began running node test.cryptopulse.source_accepted_values_raw_market_bars_interval__1_minute__5_minutes__15_minutes__1_hour.c593af3e17
[0m02:22:46.994127 [debug] [Thread-2 (]: Began running node test.cryptopulse.source_not_null_raw_market_bars_bar_start.94c088dadc
[0m02:22:46.994484 [debug] [Thread-3 (]: Began running node test.cryptopulse.source_not_null_raw_market_bars_interval.d6fc8f0666
[0m02:22:46.994844 [debug] [Thread-4 (]: Began running node test.cryptopulse.source_not_null_raw_market_bars_provider.d07d64066e
[0m02:22:46.995410 [info ] [Thread-1 (]: 1 of 27 START test source_accepted_values_raw_market_bars_interval__1_minute__5_minutes__15_minutes__1_hour  [RUN]
[0m02:22:46.996262 [info ] [Thread-2 (]: 2 of 27 START test source_not_null_raw_market_bars_bar_start ................... [RUN]
[0m02:22:46.997560 [info ] [Thread-3 (]: 3 of 27 START test source_not_null_raw_market_bars_interval .................... [RUN]
[0m02:22:46.998555 [info ] [Thread-4 (]: 4 of 27 START test source_not_null_raw_market_bars_provider .................... [RUN]
[0m02:22:46.999627 [debug] [Thread-1 (]: Re-using an available connection from the pool (formerly list_cryptopulse_analytics_analytics, now test.cryptopulse.source_accepted_values_raw_market_bars_interval__1_minute__5_minutes__15_minutes__1_hour.c593af3e17)
[0m02:22:47.000345 [debug] [Thread-2 (]: Re-using an available connection from the pool (formerly list_cryptopulse_analytics_intermediate, now test.cryptopulse.source_not_null_raw_market_bars_bar_start.94c088dadc)
[0m02:22:47.001117 [debug] [Thread-3 (]: Re-using an available connection from the pool (formerly list_cryptopulse_analytics_staging, now test.cryptopulse.source_not_null_raw_market_bars_interval.d6fc8f0666)
[0m02:22:47.002134 [debug] [Thread-4 (]: Acquiring new postgres connection 'test.cryptopulse.source_not_null_raw_market_bars_provider.d07d64066e'
[0m02:22:47.002952 [debug] [Thread-1 (]: Began compiling node test.cryptopulse.source_accepted_values_raw_market_bars_interval__1_minute__5_minutes__15_minutes__1_hour.c593af3e17
[0m02:22:47.003582 [debug] [Thread-2 (]: Began compiling node test.cryptopulse.source_not_null_raw_market_bars_bar_start.94c088dadc
[0m02:22:47.004327 [debug] [Thread-3 (]: Began compiling node test.cryptopulse.source_not_null_raw_market_bars_interval.d6fc8f0666
[0m02:22:47.005147 [debug] [Thread-4 (]: Began compiling node test.cryptopulse.source_not_null_raw_market_bars_provider.d07d64066e
[0m02:22:47.015897 [debug] [Thread-1 (]: Writing injected SQL for node "test.cryptopulse.source_accepted_values_raw_market_bars_interval__1_minute__5_minutes__15_minutes__1_hour.c593af3e17"
[0m02:22:47.025700 [debug] [Thread-2 (]: Writing injected SQL for node "test.cryptopulse.source_not_null_raw_market_bars_bar_start.94c088dadc"
[0m02:22:47.031981 [debug] [Thread-3 (]: Writing injected SQL for node "test.cryptopulse.source_not_null_raw_market_bars_interval.d6fc8f0666"
[0m02:22:47.038914 [debug] [Thread-4 (]: Writing injected SQL for node "test.cryptopulse.source_not_null_raw_market_bars_provider.d07d64066e"
[0m02:22:47.053844 [debug] [Thread-2 (]: Began executing node test.cryptopulse.source_not_null_raw_market_bars_bar_start.94c088dadc
[0m02:22:47.055335 [debug] [Thread-4 (]: Began executing node test.cryptopulse.source_not_null_raw_market_bars_provider.d07d64066e
[0m02:22:47.072592 [debug] [Thread-2 (]: Writing runtime sql for node "test.cryptopulse.source_not_null_raw_market_bars_bar_start.94c088dadc"
[0m02:22:47.074656 [debug] [Thread-4 (]: Writing runtime sql for node "test.cryptopulse.source_not_null_raw_market_bars_provider.d07d64066e"
[0m02:22:47.075222 [debug] [Thread-3 (]: Began executing node test.cryptopulse.source_not_null_raw_market_bars_interval.d6fc8f0666
[0m02:22:47.075642 [debug] [Thread-1 (]: Began executing node test.cryptopulse.source_accepted_values_raw_market_bars_interval__1_minute__5_minutes__15_minutes__1_hour.c593af3e17
[0m02:22:47.078533 [debug] [Thread-3 (]: Writing runtime sql for node "test.cryptopulse.source_not_null_raw_market_bars_interval.d6fc8f0666"
[0m02:22:47.080595 [debug] [Thread-1 (]: Writing runtime sql for node "test.cryptopulse.source_accepted_values_raw_market_bars_interval__1_minute__5_minutes__15_minutes__1_hour.c593af3e17"
[0m02:22:47.089969 [debug] [Thread-4 (]: Using postgres connection "test.cryptopulse.source_not_null_raw_market_bars_provider.d07d64066e"
[0m02:22:47.090931 [debug] [Thread-4 (]: On test.cryptopulse.source_not_null_raw_market_bars_provider.d07d64066e: /* {"app": "dbt", "dbt_version": "1.12.4", "profile_name": "cryptopulse", "target_name": "dev", "node_id": "test.cryptopulse.source_not_null_raw_market_bars_provider.d07d64066e"} */

    
    select
      count(*) as failures,
      count(*) != 0 as should_warn,
      count(*) != 0 as should_error
    from (
      
    
  
    
    



select provider
from "cryptopulse"."raw"."market_bars"
where provider is null



  
  
      
    ) dbt_internal_test
[0m02:22:47.091335 [debug] [Thread-1 (]: Using postgres connection "test.cryptopulse.source_accepted_values_raw_market_bars_interval__1_minute__5_minutes__15_minutes__1_hour.c593af3e17"
[0m02:22:47.094168 [debug] [Thread-4 (]: Opening a new connection, currently in state init
[0m02:22:47.096766 [debug] [Thread-3 (]: Using postgres connection "test.cryptopulse.source_not_null_raw_market_bars_interval.d6fc8f0666"
[0m02:22:47.097176 [debug] [Thread-1 (]: On test.cryptopulse.source_accepted_values_raw_market_bars_interval__1_minute__5_minutes__15_minutes__1_hour.c593af3e17: /* {"app": "dbt", "dbt_version": "1.12.4", "profile_name": "cryptopulse", "target_name": "dev", "node_id": "test.cryptopulse.source_accepted_values_raw_market_bars_interval__1_minute__5_minutes__15_minutes__1_hour.c593af3e17"} */

    
    select
      count(*) as failures,
      count(*) != 0 as should_warn,
      count(*) != 0 as should_error
    from (
      
    
  
    
    

with all_values as (

    select
        interval as value_field,
        count(*) as n_records

    from "cryptopulse"."raw"."market_bars"
    group by interval

)

select *
from all_values
where value_field not in (
    '1 minute','5 minutes','15 minutes','1 hour'
)



  
  
      
    ) dbt_internal_test
[0m02:22:47.105458 [debug] [Thread-2 (]: Using postgres connection "test.cryptopulse.source_not_null_raw_market_bars_bar_start.94c088dadc"
[0m02:22:47.108447 [debug] [Thread-3 (]: On test.cryptopulse.source_not_null_raw_market_bars_interval.d6fc8f0666: /* {"app": "dbt", "dbt_version": "1.12.4", "profile_name": "cryptopulse", "target_name": "dev", "node_id": "test.cryptopulse.source_not_null_raw_market_bars_interval.d6fc8f0666"} */

    
    select
      count(*) as failures,
      count(*) != 0 as should_warn,
      count(*) != 0 as should_error
    from (
      
    
  
    
    



select interval
from "cryptopulse"."raw"."market_bars"
where interval is null



  
  
      
    ) dbt_internal_test
[0m02:22:47.110352 [debug] [Thread-1 (]: Opening a new connection, currently in state closed
[0m02:22:47.111443 [debug] [Thread-2 (]: On test.cryptopulse.source_not_null_raw_market_bars_bar_start.94c088dadc: /* {"app": "dbt", "dbt_version": "1.12.4", "profile_name": "cryptopulse", "target_name": "dev", "node_id": "test.cryptopulse.source_not_null_raw_market_bars_bar_start.94c088dadc"} */

    
    select
      count(*) as failures,
      count(*) != 0 as should_warn,
      count(*) != 0 as should_error
    from (
      
    
  
    
    



select bar_start
from "cryptopulse"."raw"."market_bars"
where bar_start is null



  
  
      
    ) dbt_internal_test
[0m02:22:47.112154 [debug] [Thread-4 (]: SQL status: SELECT 1 in 0.018 seconds
[0m02:22:47.112710 [debug] [Thread-3 (]: Opening a new connection, currently in state closed
[0m02:22:47.114251 [debug] [Thread-2 (]: Opening a new connection, currently in state closed
[0m02:22:47.118814 [debug] [Thread-4 (]: On test.cryptopulse.source_not_null_raw_market_bars_provider.d07d64066e: ROLLBACK
[0m02:22:47.121093 [debug] [Thread-1 (]: SQL status: SELECT 1 in 0.011 seconds
[0m02:22:47.121783 [debug] [Thread-4 (]: On test.cryptopulse.source_not_null_raw_market_bars_provider.d07d64066e: Close
[0m02:22:47.123690 [debug] [Thread-1 (]: On test.cryptopulse.source_accepted_values_raw_market_bars_interval__1_minute__5_minutes__15_minutes__1_hour.c593af3e17: ROLLBACK
[0m02:22:47.124742 [info ] [Thread-4 (]: 4 of 27 PASS source_not_null_raw_market_bars_provider .......................... [[32mPASS[0m in 0.12s]
[0m02:22:47.127132 [debug] [Thread-1 (]: On test.cryptopulse.source_accepted_values_raw_market_bars_interval__1_minute__5_minutes__15_minutes__1_hour.c593af3e17: Close
[0m02:22:47.127506 [debug] [Thread-2 (]: SQL status: SELECT 1 in 0.013 seconds
[0m02:22:47.128198 [debug] [Thread-4 (]: Finished running node test.cryptopulse.source_not_null_raw_market_bars_provider.d07d64066e
[0m02:22:47.129151 [debug] [Thread-3 (]: SQL status: SELECT 1 in 0.016 seconds
[0m02:22:47.129699 [info ] [Thread-1 (]: 1 of 27 PASS source_accepted_values_raw_market_bars_interval__1_minute__5_minutes__15_minutes__1_hour  [[32mPASS[0m in 0.13s]
[0m02:22:47.131923 [debug] [Thread-2 (]: On test.cryptopulse.source_not_null_raw_market_bars_bar_start.94c088dadc: ROLLBACK
[0m02:22:47.132892 [debug] [Thread-4 (]: Began running node test.cryptopulse.source_not_null_raw_market_bars_symbol.8105414bc0
[0m02:22:47.134510 [debug] [Thread-3 (]: On test.cryptopulse.source_not_null_raw_market_bars_interval.d6fc8f0666: ROLLBACK
[0m02:22:47.135605 [debug] [Thread-1 (]: Finished running node test.cryptopulse.source_accepted_values_raw_market_bars_interval__1_minute__5_minutes__15_minutes__1_hour.c593af3e17
[0m02:22:47.136633 [debug] [Thread-2 (]: On test.cryptopulse.source_not_null_raw_market_bars_bar_start.94c088dadc: Close
[0m02:22:47.137569 [info ] [Thread-4 (]: 5 of 27 START test source_not_null_raw_market_bars_symbol ...................... [RUN]
[0m02:22:47.138578 [debug] [Thread-3 (]: On test.cryptopulse.source_not_null_raw_market_bars_interval.d6fc8f0666: Close
[0m02:22:47.140081 [info ] [Thread-2 (]: 2 of 27 PASS source_not_null_raw_market_bars_bar_start ......................... [[32mPASS[0m in 0.14s]
[0m02:22:47.140989 [debug] [Thread-4 (]: Re-using an available connection from the pool (formerly test.cryptopulse.source_not_null_raw_market_bars_provider.d07d64066e, now test.cryptopulse.source_not_null_raw_market_bars_symbol.8105414bc0)
[0m02:22:47.142158 [info ] [Thread-3 (]: 3 of 27 PASS source_not_null_raw_market_bars_interval .......................... [[32mPASS[0m in 0.14s]
[0m02:22:47.143176 [debug] [Thread-2 (]: Finished running node test.cryptopulse.source_not_null_raw_market_bars_bar_start.94c088dadc
[0m02:22:47.144018 [debug] [Thread-4 (]: Began compiling node test.cryptopulse.source_not_null_raw_market_bars_symbol.8105414bc0
[0m02:22:47.145025 [debug] [Thread-3 (]: Finished running node test.cryptopulse.source_not_null_raw_market_bars_interval.d6fc8f0666
[0m02:22:47.152795 [debug] [Thread-4 (]: Writing injected SQL for node "test.cryptopulse.source_not_null_raw_market_bars_symbol.8105414bc0"
[0m02:22:47.162415 [debug] [Thread-4 (]: Began executing node test.cryptopulse.source_not_null_raw_market_bars_symbol.8105414bc0
[0m02:22:47.165026 [debug] [Thread-4 (]: Writing runtime sql for node "test.cryptopulse.source_not_null_raw_market_bars_symbol.8105414bc0"
[0m02:22:47.171461 [debug] [Thread-4 (]: Using postgres connection "test.cryptopulse.source_not_null_raw_market_bars_symbol.8105414bc0"
[0m02:22:47.173071 [debug] [Thread-4 (]: On test.cryptopulse.source_not_null_raw_market_bars_symbol.8105414bc0: /* {"app": "dbt", "dbt_version": "1.12.4", "profile_name": "cryptopulse", "target_name": "dev", "node_id": "test.cryptopulse.source_not_null_raw_market_bars_symbol.8105414bc0"} */

    
    select
      count(*) as failures,
      count(*) != 0 as should_warn,
      count(*) != 0 as should_error
    from (
      
    
  
    
    



select symbol
from "cryptopulse"."raw"."market_bars"
where symbol is null



  
  
      
    ) dbt_internal_test
[0m02:22:47.173841 [debug] [Thread-4 (]: Opening a new connection, currently in state closed
[0m02:22:47.181493 [debug] [Thread-4 (]: SQL status: SELECT 1 in 0.008 seconds
[0m02:22:47.183354 [debug] [Thread-4 (]: On test.cryptopulse.source_not_null_raw_market_bars_symbol.8105414bc0: ROLLBACK
[0m02:22:47.184331 [debug] [Thread-4 (]: On test.cryptopulse.source_not_null_raw_market_bars_symbol.8105414bc0: Close
[0m02:22:47.185468 [info ] [Thread-4 (]: 5 of 27 PASS source_not_null_raw_market_bars_symbol ............................ [[32mPASS[0m in 0.04s]
[0m02:22:47.186465 [debug] [Thread-4 (]: Finished running node test.cryptopulse.source_not_null_raw_market_bars_symbol.8105414bc0
[0m02:22:47.187923 [debug] [Thread-1 (]: Began running node model.cryptopulse.stg_market_bars
[0m02:22:47.188854 [info ] [Thread-1 (]: 6 of 27 START sql view model analytics_staging.stg_market_bars ................. [RUN]
[0m02:22:47.190082 [debug] [Thread-1 (]: Re-using an available connection from the pool (formerly test.cryptopulse.source_accepted_values_raw_market_bars_interval__1_minute__5_minutes__15_minutes__1_hour.c593af3e17, now model.cryptopulse.stg_market_bars)
[0m02:22:47.190953 [debug] [Thread-1 (]: Began compiling node model.cryptopulse.stg_market_bars
[0m02:22:47.193685 [debug] [Thread-1 (]: Writing injected SQL for node "model.cryptopulse.stg_market_bars"
[0m02:22:47.203615 [debug] [Thread-1 (]: Began executing node model.cryptopulse.stg_market_bars
[0m02:22:47.233930 [debug] [Thread-1 (]: Writing runtime sql for node "model.cryptopulse.stg_market_bars"
[0m02:22:47.244356 [debug] [Thread-1 (]: Using postgres connection "model.cryptopulse.stg_market_bars"
[0m02:22:47.245653 [debug] [Thread-1 (]: On model.cryptopulse.stg_market_bars: /* {"app": "dbt", "dbt_version": "1.12.4", "profile_name": "cryptopulse", "target_name": "dev", "node_id": "model.cryptopulse.stg_market_bars"} */

  create view "cryptopulse"."analytics_staging"."stg_market_bars__dbt_tmp"
    
    
  as (
    with source as (
    select * from "cryptopulse"."raw"."market_bars"
)

select
    md5(concat_ws('||', coalesce(cast(provider as text), '_null_'), coalesce(cast(symbol as text), '_null_'), coalesce(cast(interval as text), '_null_'), coalesce(cast(bar_start as text), '_null_'))) as market_bar_key,
    provider,
    symbol,
    currency,
    interval,
    bar_start,
    bar_end,
    open::numeric(20, 8) as open,
    high::numeric(20, 8) as high,
    low::numeric(20, 8) as low,
    close::numeric(20, 8) as close,
    volume::numeric(28, 8) as volume,
    trade_count::bigint as trade_count,
    vwap::numeric(20, 8) as vwap,
    loaded_at
from source
  );
[0m02:22:47.246504 [debug] [Thread-1 (]: Opening a new connection, currently in state closed
[0m02:22:47.262783 [debug] [Thread-1 (]: SQL status: CREATE VIEW in 0.016 seconds
[0m02:22:47.268278 [debug] [Thread-1 (]: Using postgres connection "model.cryptopulse.stg_market_bars"
[0m02:22:47.269145 [debug] [Thread-1 (]: On model.cryptopulse.stg_market_bars: /* {"app": "dbt", "dbt_version": "1.12.4", "profile_name": "cryptopulse", "target_name": "dev", "node_id": "model.cryptopulse.stg_market_bars"} */
alter table "cryptopulse"."analytics_staging"."stg_market_bars__dbt_tmp" rename to "stg_market_bars"
[0m02:22:47.270531 [debug] [Thread-1 (]: SQL status: ALTER TABLE in 0.001 seconds
[0m02:22:47.284456 [debug] [Thread-1 (]: On model.cryptopulse.stg_market_bars: COMMIT
[0m02:22:47.285258 [debug] [Thread-1 (]: Using postgres connection "model.cryptopulse.stg_market_bars"
[0m02:22:47.286090 [debug] [Thread-1 (]: On model.cryptopulse.stg_market_bars: COMMIT
[0m02:22:47.289946 [debug] [Thread-1 (]: SQL status: COMMIT in 0.003 seconds
[0m02:22:47.294758 [debug] [Thread-1 (]: Applying DROP to: "cryptopulse"."analytics_staging"."stg_market_bars__dbt_backup"
[0m02:22:47.299388 [debug] [Thread-1 (]: Using postgres connection "model.cryptopulse.stg_market_bars"
[0m02:22:47.300670 [debug] [Thread-1 (]: On model.cryptopulse.stg_market_bars: /* {"app": "dbt", "dbt_version": "1.12.4", "profile_name": "cryptopulse", "target_name": "dev", "node_id": "model.cryptopulse.stg_market_bars"} */
drop view if exists "cryptopulse"."analytics_staging"."stg_market_bars__dbt_backup" cascade
[0m02:22:47.302199 [debug] [Thread-1 (]: SQL status: DROP VIEW in 0.001 seconds
[0m02:22:47.303971 [debug] [Thread-1 (]: On model.cryptopulse.stg_market_bars: Close
[0m02:22:47.306184 [debug] [Thread-1 (]: Sending event: {'category': 'dbt', 'action': 'run_model', 'label': 'dd8ff578-0aeb-4821-89d5-35c99038d4a0', 'context': [<snowplow_tracker.self_describing_json.SelfDescribingJson object at 0x7f326c8f9150>]}
[0m02:22:47.307429 [info ] [Thread-1 (]: 6 of 27 OK created sql view model analytics_staging.stg_market_bars ............ [[32mCREATE VIEW[0m in 0.11s]
[0m02:22:47.309011 [debug] [Thread-1 (]: Finished running node model.cryptopulse.stg_market_bars
[0m02:22:47.310422 [debug] [Thread-3 (]: Began running node model.cryptopulse.dim_asset
[0m02:22:47.310921 [debug] [Thread-4 (]: Began running node model.cryptopulse.dim_date
[0m02:22:47.311263 [debug] [Thread-2 (]: Began running node model.cryptopulse.dim_provider
[0m02:22:47.311583 [debug] [Thread-1 (]: Began running node model.cryptopulse.int_market_returns
[0m02:22:47.312103 [info ] [Thread-3 (]: 7 of 27 START sql table model analytics_analytics.dim_asset .................... [RUN]
[0m02:22:47.313269 [info ] [Thread-4 (]: 8 of 27 START sql table model analytics_analytics.dim_date ..................... [RUN]
[0m02:22:47.314201 [info ] [Thread-2 (]: 9 of 27 START sql table model analytics_analytics.dim_provider ................. [RUN]
[0m02:22:47.315334 [info ] [Thread-1 (]: 10 of 27 START sql view model analytics_intermediate.int_market_returns ........ [RUN]
[0m02:22:47.316416 [debug] [Thread-3 (]: Re-using an available connection from the pool (formerly test.cryptopulse.source_not_null_raw_market_bars_interval.d6fc8f0666, now model.cryptopulse.dim_asset)
[0m02:22:47.317768 [debug] [Thread-4 (]: Re-using an available connection from the pool (formerly test.cryptopulse.source_not_null_raw_market_bars_symbol.8105414bc0, now model.cryptopulse.dim_date)
[0m02:22:47.318763 [debug] [Thread-2 (]: Re-using an available connection from the pool (formerly test.cryptopulse.source_not_null_raw_market_bars_bar_start.94c088dadc, now model.cryptopulse.dim_provider)
[0m02:22:47.319654 [debug] [Thread-1 (]: Re-using an available connection from the pool (formerly model.cryptopulse.stg_market_bars, now model.cryptopulse.int_market_returns)
[0m02:22:47.320428 [debug] [Thread-3 (]: Began compiling node model.cryptopulse.dim_asset
[0m02:22:47.321184 [debug] [Thread-4 (]: Began compiling node model.cryptopulse.dim_date
[0m02:22:47.321942 [debug] [Thread-2 (]: Began compiling node model.cryptopulse.dim_provider
[0m02:22:47.322650 [debug] [Thread-1 (]: Began compiling node model.cryptopulse.int_market_returns
[0m02:22:47.325143 [debug] [Thread-3 (]: Writing injected SQL for node "model.cryptopulse.dim_asset"
[0m02:22:47.327251 [debug] [Thread-4 (]: Writing injected SQL for node "model.cryptopulse.dim_date"
[0m02:22:47.329794 [debug] [Thread-2 (]: Writing injected SQL for node "model.cryptopulse.dim_provider"
[0m02:22:47.331830 [debug] [Thread-1 (]: Writing injected SQL for node "model.cryptopulse.int_market_returns"
[0m02:22:47.340164 [debug] [Thread-2 (]: Began executing node model.cryptopulse.dim_provider
[0m02:22:47.360624 [debug] [Thread-1 (]: Began executing node model.cryptopulse.int_market_returns
[0m02:22:47.367381 [debug] [Thread-1 (]: Writing runtime sql for node "model.cryptopulse.int_market_returns"
[0m02:22:47.361793 [debug] [Thread-3 (]: Began executing node model.cryptopulse.dim_asset
[0m02:22:47.360149 [debug] [Thread-2 (]: Writing runtime sql for node "model.cryptopulse.dim_provider"
[0m02:22:47.373200 [debug] [Thread-4 (]: Began executing node model.cryptopulse.dim_date
[0m02:22:47.376521 [debug] [Thread-3 (]: Writing runtime sql for node "model.cryptopulse.dim_asset"
[0m02:22:47.381335 [debug] [Thread-4 (]: Writing runtime sql for node "model.cryptopulse.dim_date"
[0m02:22:47.386495 [debug] [Thread-2 (]: Using postgres connection "model.cryptopulse.dim_provider"
[0m02:22:47.386988 [debug] [Thread-1 (]: Using postgres connection "model.cryptopulse.int_market_returns"
[0m02:22:47.390343 [debug] [Thread-2 (]: On model.cryptopulse.dim_provider: /* {"app": "dbt", "dbt_version": "1.12.4", "profile_name": "cryptopulse", "target_name": "dev", "node_id": "model.cryptopulse.dim_provider"} */

  
    

  create  table "cryptopulse"."analytics_analytics"."dim_provider__dbt_tmp"
  
  
    as
  
  (
    select distinct
    md5(concat_ws('||', coalesce(cast(provider as text), '_null_'))) as provider_key,
    provider
from "cryptopulse"."analytics_staging"."stg_market_bars"
  );
  
[0m02:22:47.392616 [debug] [Thread-4 (]: Using postgres connection "model.cryptopulse.dim_date"
[0m02:22:47.393801 [debug] [Thread-1 (]: On model.cryptopulse.int_market_returns: /* {"app": "dbt", "dbt_version": "1.12.4", "profile_name": "cryptopulse", "target_name": "dev", "node_id": "model.cryptopulse.int_market_returns"} */

  create view "cryptopulse"."analytics_intermediate"."int_market_returns__dbt_tmp"
    
    
  as (
    with bars as (
    select * from "cryptopulse"."analytics_staging"."stg_market_bars"
), enriched as (
    select
        *,
        lag(close) over (
            partition by provider, symbol, interval
            order by bar_start
        ) as prior_close
    from bars
)

select
    *,
    case when prior_close > 0 then (close / prior_close) - 1 end as simple_return,
    case when prior_close > 0 then ln(close / prior_close) end as log_return
from enriched
  );
[0m02:22:47.399585 [debug] [Thread-1 (]: Opening a new connection, currently in state closed
[0m02:22:47.397316 [debug] [Thread-3 (]: Using postgres connection "model.cryptopulse.dim_asset"
[0m02:22:47.397757 [debug] [Thread-4 (]: On model.cryptopulse.dim_date: /* {"app": "dbt", "dbt_version": "1.12.4", "profile_name": "cryptopulse", "target_name": "dev", "node_id": "model.cryptopulse.dim_date"} */

  
    

  create  table "cryptopulse"."analytics_analytics"."dim_date__dbt_tmp"
  
  
    as
  
  (
    select distinct
    bar_start::date as date_key,
    extract(isodow from bar_start)::integer as iso_day_of_week,
    extract(hour from bar_start)::integer as hour_of_day,
    extract(month from bar_start)::integer as month_number,
    extract(year from bar_start)::integer as year_number
from "cryptopulse"."analytics_staging"."stg_market_bars"
  );
  
[0m02:22:47.402846 [debug] [Thread-4 (]: Opening a new connection, currently in state closed
[0m02:22:47.402034 [debug] [Thread-3 (]: On model.cryptopulse.dim_asset: /* {"app": "dbt", "dbt_version": "1.12.4", "profile_name": "cryptopulse", "target_name": "dev", "node_id": "model.cryptopulse.dim_asset"} */

  
    

  create  table "cryptopulse"."analytics_analytics"."dim_asset__dbt_tmp"
  
  
    as
  
  (
    select distinct
    md5(concat_ws('||', coalesce(cast(symbol as text), '_null_'), coalesce(cast(currency as text), '_null_'))) as asset_key,
    symbol,
    currency,
    split_part(symbol, '-', 1) as asset_code
from "cryptopulse"."analytics_staging"."stg_market_bars"
  );
  
[0m02:22:47.407899 [debug] [Thread-3 (]: Opening a new connection, currently in state closed
[0m02:22:47.394783 [debug] [Thread-2 (]: Opening a new connection, currently in state closed
[0m02:22:47.411059 [debug] [Thread-1 (]: SQL status: CREATE VIEW in 0.011 seconds
[0m02:22:47.414015 [debug] [Thread-4 (]: SQL status: SELECT 0 in 0.011 seconds
[0m02:22:47.422281 [debug] [Thread-1 (]: Using postgres connection "model.cryptopulse.int_market_returns"
[0m02:22:47.429321 [debug] [Thread-4 (]: Using postgres connection "model.cryptopulse.dim_date"
[0m02:22:47.430372 [debug] [Thread-1 (]: On model.cryptopulse.int_market_returns: /* {"app": "dbt", "dbt_version": "1.12.4", "profile_name": "cryptopulse", "target_name": "dev", "node_id": "model.cryptopulse.int_market_returns"} */
alter table "cryptopulse"."analytics_intermediate"."int_market_returns__dbt_tmp" rename to "int_market_returns"
[0m02:22:47.431365 [debug] [Thread-4 (]: On model.cryptopulse.dim_date: /* {"app": "dbt", "dbt_version": "1.12.4", "profile_name": "cryptopulse", "target_name": "dev", "node_id": "model.cryptopulse.dim_date"} */
alter table "cryptopulse"."analytics_analytics"."dim_date__dbt_tmp" rename to "dim_date"
[0m02:22:47.432738 [debug] [Thread-1 (]: SQL status: ALTER TABLE in 0.001 seconds
[0m02:22:47.433791 [debug] [Thread-4 (]: SQL status: ALTER TABLE in 0.000 seconds
[0m02:22:47.435301 [debug] [Thread-1 (]: On model.cryptopulse.int_market_returns: COMMIT
[0m02:22:47.435784 [debug] [Thread-3 (]: SQL status: SELECT 0 in 0.028 seconds
[0m02:22:47.438524 [debug] [Thread-4 (]: On model.cryptopulse.dim_date: COMMIT
[0m02:22:47.439465 [debug] [Thread-1 (]: Using postgres connection "model.cryptopulse.int_market_returns"
[0m02:22:47.440049 [debug] [Thread-2 (]: SQL status: SELECT 0 in 0.045 seconds
[0m02:22:47.443189 [debug] [Thread-3 (]: Using postgres connection "model.cryptopulse.dim_asset"
[0m02:22:47.444306 [debug] [Thread-4 (]: Using postgres connection "model.cryptopulse.dim_date"
[0m02:22:47.445072 [debug] [Thread-1 (]: On model.cryptopulse.int_market_returns: COMMIT
[0m02:22:47.448867 [debug] [Thread-2 (]: Using postgres connection "model.cryptopulse.dim_provider"
[0m02:22:47.449677 [debug] [Thread-3 (]: On model.cryptopulse.dim_asset: /* {"app": "dbt", "dbt_version": "1.12.4", "profile_name": "cryptopulse", "target_name": "dev", "node_id": "model.cryptopulse.dim_asset"} */
alter table "cryptopulse"."analytics_analytics"."dim_asset__dbt_tmp" rename to "dim_asset"
[0m02:22:47.450669 [debug] [Thread-4 (]: On model.cryptopulse.dim_date: COMMIT
[0m02:22:47.452166 [debug] [Thread-2 (]: On model.cryptopulse.dim_provider: /* {"app": "dbt", "dbt_version": "1.12.4", "profile_name": "cryptopulse", "target_name": "dev", "node_id": "model.cryptopulse.dim_provider"} */
alter table "cryptopulse"."analytics_analytics"."dim_provider__dbt_tmp" rename to "dim_provider"
[0m02:22:47.453520 [debug] [Thread-3 (]: SQL status: ALTER TABLE in 0.001 seconds
[0m02:22:47.454265 [debug] [Thread-1 (]: SQL status: COMMIT in 0.003 seconds
[0m02:22:47.455858 [debug] [Thread-2 (]: SQL status: ALTER TABLE in 0.000 seconds
[0m02:22:47.457222 [debug] [Thread-3 (]: On model.cryptopulse.dim_asset: COMMIT
[0m02:22:47.457547 [debug] [Thread-4 (]: SQL status: COMMIT in 0.003 seconds
[0m02:22:47.459440 [debug] [Thread-1 (]: Applying DROP to: "cryptopulse"."analytics_intermediate"."int_market_returns__dbt_backup"
[0m02:22:47.461209 [debug] [Thread-2 (]: On model.cryptopulse.dim_provider: COMMIT
[0m02:22:47.461935 [debug] [Thread-3 (]: Using postgres connection "model.cryptopulse.dim_asset"
[0m02:22:47.463686 [debug] [Thread-4 (]: Applying DROP to: "cryptopulse"."analytics_analytics"."dim_date__dbt_backup"
[0m02:22:47.464750 [debug] [Thread-1 (]: Using postgres connection "model.cryptopulse.int_market_returns"
[0m02:22:47.465654 [debug] [Thread-2 (]: Using postgres connection "model.cryptopulse.dim_provider"
[0m02:22:47.466342 [debug] [Thread-3 (]: On model.cryptopulse.dim_asset: COMMIT
[0m02:22:47.469224 [debug] [Thread-4 (]: Using postgres connection "model.cryptopulse.dim_date"
[0m02:22:47.470013 [debug] [Thread-1 (]: On model.cryptopulse.int_market_returns: /* {"app": "dbt", "dbt_version": "1.12.4", "profile_name": "cryptopulse", "target_name": "dev", "node_id": "model.cryptopulse.int_market_returns"} */
drop view if exists "cryptopulse"."analytics_intermediate"."int_market_returns__dbt_backup" cascade
[0m02:22:47.470845 [debug] [Thread-2 (]: On model.cryptopulse.dim_provider: COMMIT
[0m02:22:47.472061 [debug] [Thread-4 (]: On model.cryptopulse.dim_date: /* {"app": "dbt", "dbt_version": "1.12.4", "profile_name": "cryptopulse", "target_name": "dev", "node_id": "model.cryptopulse.dim_date"} */
drop table if exists "cryptopulse"."analytics_analytics"."dim_date__dbt_backup" cascade
[0m02:22:47.473128 [debug] [Thread-1 (]: SQL status: DROP VIEW in 0.000 seconds
[0m02:22:47.474378 [debug] [Thread-4 (]: SQL status: DROP TABLE in 0.000 seconds
[0m02:22:47.474744 [debug] [Thread-3 (]: SQL status: COMMIT in 0.003 seconds
[0m02:22:47.475871 [debug] [Thread-1 (]: On model.cryptopulse.int_market_returns: Close
[0m02:22:47.477301 [debug] [Thread-4 (]: On model.cryptopulse.dim_date: Close
[0m02:22:47.477593 [debug] [Thread-2 (]: SQL status: COMMIT in 0.004 seconds
[0m02:22:47.479035 [debug] [Thread-3 (]: Applying DROP to: "cryptopulse"."analytics_analytics"."dim_asset__dbt_backup"
[0m02:22:47.480180 [debug] [Thread-1 (]: Sending event: {'category': 'dbt', 'action': 'run_model', 'label': 'dd8ff578-0aeb-4821-89d5-35c99038d4a0', 'context': [<snowplow_tracker.self_describing_json.SelfDescribingJson object at 0x7f328732f390>]}
[0m02:22:47.481114 [debug] [Thread-4 (]: Sending event: {'category': 'dbt', 'action': 'run_model', 'label': 'dd8ff578-0aeb-4821-89d5-35c99038d4a0', 'context': [<snowplow_tracker.self_describing_json.SelfDescribingJson object at 0x7f326ca5db10>]}
[0m02:22:47.483045 [debug] [Thread-2 (]: Applying DROP to: "cryptopulse"."analytics_analytics"."dim_provider__dbt_backup"
[0m02:22:47.484149 [debug] [Thread-3 (]: Using postgres connection "model.cryptopulse.dim_asset"
[0m02:22:47.485479 [info ] [Thread-1 (]: 10 of 27 OK created sql view model analytics_intermediate.int_market_returns ... [[32mCREATE VIEW[0m in 0.16s]
[0m02:22:47.486755 [info ] [Thread-4 (]: 8 of 27 OK created sql table model analytics_analytics.dim_date ................ [[32mSELECT 0[0m in 0.16s]
[0m02:22:47.487789 [debug] [Thread-2 (]: Using postgres connection "model.cryptopulse.dim_provider"
[0m02:22:47.488693 [debug] [Thread-3 (]: On model.cryptopulse.dim_asset: /* {"app": "dbt", "dbt_version": "1.12.4", "profile_name": "cryptopulse", "target_name": "dev", "node_id": "model.cryptopulse.dim_asset"} */
drop table if exists "cryptopulse"."analytics_analytics"."dim_asset__dbt_backup" cascade
[0m02:22:47.489854 [debug] [Thread-1 (]: Finished running node model.cryptopulse.int_market_returns
[0m02:22:47.490803 [debug] [Thread-4 (]: Finished running node model.cryptopulse.dim_date
[0m02:22:47.491537 [debug] [Thread-2 (]: On model.cryptopulse.dim_provider: /* {"app": "dbt", "dbt_version": "1.12.4", "profile_name": "cryptopulse", "target_name": "dev", "node_id": "model.cryptopulse.dim_provider"} */
drop table if exists "cryptopulse"."analytics_analytics"."dim_provider__dbt_backup" cascade
[0m02:22:47.492738 [debug] [Thread-3 (]: SQL status: DROP TABLE in 0.000 seconds
[0m02:22:47.493450 [debug] [Thread-1 (]: Began running node model.cryptopulse.fact_market_bar
[0m02:22:47.494278 [debug] [Thread-4 (]: Began running node test.cryptopulse.not_null_dim_date_date_key.881d0a31b6
[0m02:22:47.495066 [debug] [Thread-2 (]: SQL status: DROP TABLE in 0.000 seconds
[0m02:22:47.496381 [debug] [Thread-3 (]: On model.cryptopulse.dim_asset: Close
[0m02:22:47.497199 [info ] [Thread-1 (]: 11 of 27 START sql table model analytics_analytics.fact_market_bar ............. [RUN]
[0m02:22:47.498195 [info ] [Thread-4 (]: 12 of 27 START test not_null_dim_date_date_key ................................. [RUN]
[0m02:22:47.499838 [debug] [Thread-2 (]: On model.cryptopulse.dim_provider: Close
[0m02:22:47.500899 [debug] [Thread-3 (]: Sending event: {'category': 'dbt', 'action': 'run_model', 'label': 'dd8ff578-0aeb-4821-89d5-35c99038d4a0', 'context': [<snowplow_tracker.self_describing_json.SelfDescribingJson object at 0x7f326caedb50>]}
[0m02:22:47.501663 [debug] [Thread-1 (]: Re-using an available connection from the pool (formerly model.cryptopulse.int_market_returns, now model.cryptopulse.fact_market_bar)
[0m02:22:47.502500 [debug] [Thread-4 (]: Re-using an available connection from the pool (formerly model.cryptopulse.dim_date, now test.cryptopulse.not_null_dim_date_date_key.881d0a31b6)
[0m02:22:47.503358 [debug] [Thread-2 (]: Sending event: {'category': 'dbt', 'action': 'run_model', 'label': 'dd8ff578-0aeb-4821-89d5-35c99038d4a0', 'context': [<snowplow_tracker.self_describing_json.SelfDescribingJson object at 0x7f326c92fb10>]}
[0m02:22:47.504481 [info ] [Thread-3 (]: 7 of 27 OK created sql table model analytics_analytics.dim_asset ............... [[32mSELECT 0[0m in 0.18s]
[0m02:22:47.505181 [debug] [Thread-1 (]: Began compiling node model.cryptopulse.fact_market_bar
[0m02:22:47.505899 [debug] [Thread-4 (]: Began compiling node test.cryptopulse.not_null_dim_date_date_key.881d0a31b6
[0m02:22:47.507008 [info ] [Thread-2 (]: 9 of 27 OK created sql table model analytics_analytics.dim_provider ............ [[32mSELECT 0[0m in 0.18s]
[0m02:22:47.507888 [debug] [Thread-3 (]: Finished running node model.cryptopulse.dim_asset
[0m02:22:47.510600 [debug] [Thread-1 (]: Writing injected SQL for node "model.cryptopulse.fact_market_bar"
[0m02:22:47.517210 [debug] [Thread-4 (]: Writing injected SQL for node "test.cryptopulse.not_null_dim_date_date_key.881d0a31b6"
[0m02:22:47.517953 [debug] [Thread-2 (]: Finished running node model.cryptopulse.dim_provider
[0m02:22:47.518757 [debug] [Thread-3 (]: Began running node test.cryptopulse.unique_dim_date_date_key.0869fd48f9
[0m02:22:47.520742 [debug] [Thread-2 (]: Began running node test.cryptopulse.not_null_dim_asset_asset_key.a810898cee
[0m02:22:47.521637 [info ] [Thread-3 (]: 13 of 27 START test unique_dim_date_date_key ................................... [RUN]
[0m02:22:47.524097 [info ] [Thread-2 (]: 14 of 27 START test not_null_dim_asset_asset_key ............................... [RUN]
[0m02:22:47.525630 [debug] [Thread-1 (]: Began executing node model.cryptopulse.fact_market_bar
[0m02:22:47.526139 [debug] [Thread-3 (]: Re-using an available connection from the pool (formerly model.cryptopulse.dim_asset, now test.cryptopulse.unique_dim_date_date_key.0869fd48f9)
[0m02:22:47.527084 [debug] [Thread-2 (]: Re-using an available connection from the pool (formerly model.cryptopulse.dim_provider, now test.cryptopulse.not_null_dim_asset_asset_key.a810898cee)
[0m02:22:47.530406 [debug] [Thread-1 (]: Writing runtime sql for node "model.cryptopulse.fact_market_bar"
[0m02:22:47.531272 [debug] [Thread-3 (]: Began compiling node test.cryptopulse.unique_dim_date_date_key.0869fd48f9
[0m02:22:47.532292 [debug] [Thread-2 (]: Began compiling node test.cryptopulse.not_null_dim_asset_asset_key.a810898cee
[0m02:22:47.532804 [debug] [Thread-4 (]: Began executing node test.cryptopulse.not_null_dim_date_date_key.881d0a31b6
[0m02:22:47.544361 [debug] [Thread-3 (]: Writing injected SQL for node "test.cryptopulse.unique_dim_date_date_key.0869fd48f9"
[0m02:22:47.551152 [debug] [Thread-1 (]: Using postgres connection "model.cryptopulse.fact_market_bar"
[0m02:22:47.556092 [debug] [Thread-1 (]: On model.cryptopulse.fact_market_bar: /* {"app": "dbt", "dbt_version": "1.12.4", "profile_name": "cryptopulse", "target_name": "dev", "node_id": "model.cryptopulse.fact_market_bar"} */

  
    

  create  table "cryptopulse"."analytics_analytics"."fact_market_bar__dbt_tmp"
  
  
    as
  
  (
    select
    bars.market_bar_key,
    md5(concat_ws('||', coalesce(cast(bars.symbol as text), '_null_'), coalesce(cast(bars.currency as text), '_null_'))) as asset_key,
    md5(concat_ws('||', coalesce(cast(bars.provider as text), '_null_'))) as provider_key,
    bars.bar_start::date as date_key,
    bars.provider,
    bars.symbol,
    bars.currency,
    bars.interval,
    bars.bar_start,
    bars.bar_end,
    bars.open,
    bars.high,
    bars.low,
    bars.close,
    bars.volume,
    bars.trade_count,
    bars.vwap,
    bars.simple_return,
    bars.log_return,
    bars.loaded_at
from "cryptopulse"."analytics_intermediate"."int_market_returns" as bars
  );
  
[0m02:22:47.554580 [debug] [Thread-4 (]: Writing runtime sql for node "test.cryptopulse.not_null_dim_date_date_key.881d0a31b6"
[0m02:22:47.552416 [debug] [Thread-2 (]: Writing injected SQL for node "test.cryptopulse.not_null_dim_asset_asset_key.a810898cee"
[0m02:22:47.557253 [debug] [Thread-1 (]: Opening a new connection, currently in state closed
[0m02:22:47.563052 [debug] [Thread-3 (]: Began executing node test.cryptopulse.unique_dim_date_date_key.0869fd48f9
[0m02:22:47.566465 [debug] [Thread-3 (]: Writing runtime sql for node "test.cryptopulse.unique_dim_date_date_key.0869fd48f9"
[0m02:22:47.570933 [debug] [Thread-2 (]: Began executing node test.cryptopulse.not_null_dim_asset_asset_key.a810898cee
[0m02:22:47.573225 [debug] [Thread-2 (]: Writing runtime sql for node "test.cryptopulse.not_null_dim_asset_asset_key.a810898cee"
[0m02:22:47.575306 [debug] [Thread-4 (]: Using postgres connection "test.cryptopulse.not_null_dim_date_date_key.881d0a31b6"
[0m02:22:47.576175 [debug] [Thread-3 (]: Using postgres connection "test.cryptopulse.unique_dim_date_date_key.0869fd48f9"
[0m02:22:47.576538 [debug] [Thread-4 (]: On test.cryptopulse.not_null_dim_date_date_key.881d0a31b6: /* {"app": "dbt", "dbt_version": "1.12.4", "profile_name": "cryptopulse", "target_name": "dev", "node_id": "test.cryptopulse.not_null_dim_date_date_key.881d0a31b6"} */

    
    select
      count(*) as failures,
      count(*) != 0 as should_warn,
      count(*) != 0 as should_error
    from (
      
    
  
    
    



select date_key
from "cryptopulse"."analytics_analytics"."dim_date"
where date_key is null



  
  
      
    ) dbt_internal_test
[0m02:22:47.577401 [debug] [Thread-3 (]: On test.cryptopulse.unique_dim_date_date_key.0869fd48f9: /* {"app": "dbt", "dbt_version": "1.12.4", "profile_name": "cryptopulse", "target_name": "dev", "node_id": "test.cryptopulse.unique_dim_date_date_key.0869fd48f9"} */

    
    select
      count(*) as failures,
      count(*) != 0 as should_warn,
      count(*) != 0 as should_error
    from (
      
    
  
    
    

select
    date_key as unique_field,
    count(*) as n_records

from "cryptopulse"."analytics_analytics"."dim_date"
where date_key is not null
group by date_key
having count(*) > 1



  
  
      
    ) dbt_internal_test
[0m02:22:47.578229 [debug] [Thread-1 (]: SQL status: SELECT 0 in 0.021 seconds
[0m02:22:47.580414 [debug] [Thread-4 (]: Opening a new connection, currently in state closed
[0m02:22:47.581894 [debug] [Thread-3 (]: Opening a new connection, currently in state closed
[0m02:22:47.582626 [debug] [Thread-2 (]: Using postgres connection "test.cryptopulse.not_null_dim_asset_asset_key.a810898cee"
[0m02:22:47.585026 [debug] [Thread-1 (]: Using postgres connection "model.cryptopulse.fact_market_bar"
[0m02:22:47.589571 [debug] [Thread-1 (]: On model.cryptopulse.fact_market_bar: /* {"app": "dbt", "dbt_version": "1.12.4", "profile_name": "cryptopulse", "target_name": "dev", "node_id": "model.cryptopulse.fact_market_bar"} */
alter table "cryptopulse"."analytics_analytics"."fact_market_bar__dbt_tmp" rename to "fact_market_bar"
[0m02:22:47.588463 [debug] [Thread-2 (]: On test.cryptopulse.not_null_dim_asset_asset_key.a810898cee: /* {"app": "dbt", "dbt_version": "1.12.4", "profile_name": "cryptopulse", "target_name": "dev", "node_id": "test.cryptopulse.not_null_dim_asset_asset_key.a810898cee"} */

    
    select
      count(*) as failures,
      count(*) != 0 as should_warn,
      count(*) != 0 as should_error
    from (
      
    
  
    
    



select asset_key
from "cryptopulse"."analytics_analytics"."dim_asset"
where asset_key is null



  
  
      
    ) dbt_internal_test
[0m02:22:47.590905 [debug] [Thread-1 (]: SQL status: ALTER TABLE in 0.000 seconds
[0m02:22:47.591465 [debug] [Thread-2 (]: Opening a new connection, currently in state closed
[0m02:22:47.593290 [debug] [Thread-1 (]: On model.cryptopulse.fact_market_bar: COMMIT
[0m02:22:47.594696 [debug] [Thread-4 (]: SQL status: SELECT 1 in 0.014 seconds
[0m02:22:47.595020 [debug] [Thread-3 (]: SQL status: SELECT 1 in 0.013 seconds
[0m02:22:47.595795 [debug] [Thread-1 (]: Using postgres connection "model.cryptopulse.fact_market_bar"
[0m02:22:47.597556 [debug] [Thread-4 (]: On test.cryptopulse.not_null_dim_date_date_key.881d0a31b6: ROLLBACK
[0m02:22:47.599021 [debug] [Thread-3 (]: On test.cryptopulse.unique_dim_date_date_key.0869fd48f9: ROLLBACK
[0m02:22:47.599938 [debug] [Thread-1 (]: On model.cryptopulse.fact_market_bar: COMMIT
[0m02:22:47.600396 [debug] [Thread-2 (]: SQL status: SELECT 1 in 0.009 seconds
[0m02:22:47.601096 [debug] [Thread-4 (]: On test.cryptopulse.not_null_dim_date_date_key.881d0a31b6: Close
[0m02:22:47.601803 [debug] [Thread-3 (]: On test.cryptopulse.unique_dim_date_date_key.0869fd48f9: Close
[0m02:22:47.603799 [debug] [Thread-2 (]: On test.cryptopulse.not_null_dim_asset_asset_key.a810898cee: ROLLBACK
[0m02:22:47.605337 [debug] [Thread-1 (]: SQL status: COMMIT in 0.003 seconds
[0m02:22:47.604942 [info ] [Thread-4 (]: 12 of 27 PASS not_null_dim_date_date_key ....................................... [[32mPASS[0m in 0.10s]
[0m02:22:47.606516 [info ] [Thread-3 (]: 13 of 27 PASS unique_dim_date_date_key ......................................... [[32mPASS[0m in 0.08s]
[0m02:22:47.607497 [debug] [Thread-2 (]: On test.cryptopulse.not_null_dim_asset_asset_key.a810898cee: Close
[0m02:22:47.609295 [debug] [Thread-1 (]: Applying DROP to: "cryptopulse"."analytics_analytics"."fact_market_bar__dbt_backup"
[0m02:22:47.610225 [debug] [Thread-4 (]: Finished running node test.cryptopulse.not_null_dim_date_date_key.881d0a31b6
[0m02:22:47.611173 [debug] [Thread-3 (]: Finished running node test.cryptopulse.unique_dim_date_date_key.0869fd48f9
[0m02:22:47.612183 [info ] [Thread-2 (]: 14 of 27 PASS not_null_dim_asset_asset_key ..................................... [[32mPASS[0m in 0.09s]
[0m02:22:47.613128 [debug] [Thread-1 (]: Using postgres connection "model.cryptopulse.fact_market_bar"
[0m02:22:47.614054 [debug] [Thread-4 (]: Began running node test.cryptopulse.not_null_dim_asset_symbol.6d84ebfacb
[0m02:22:47.614990 [debug] [Thread-3 (]: Began running node test.cryptopulse.unique_dim_asset_asset_key.1e356d7858
[0m02:22:47.616085 [debug] [Thread-2 (]: Finished running node test.cryptopulse.not_null_dim_asset_asset_key.a810898cee
[0m02:22:47.616857 [debug] [Thread-1 (]: On model.cryptopulse.fact_market_bar: /* {"app": "dbt", "dbt_version": "1.12.4", "profile_name": "cryptopulse", "target_name": "dev", "node_id": "model.cryptopulse.fact_market_bar"} */
drop table if exists "cryptopulse"."analytics_analytics"."fact_market_bar__dbt_backup" cascade
[0m02:22:47.617646 [info ] [Thread-4 (]: 15 of 27 START test not_null_dim_asset_symbol .................................. [RUN]
[0m02:22:47.618456 [info ] [Thread-3 (]: 16 of 27 START test unique_dim_asset_asset_key ................................. [RUN]
[0m02:22:47.619463 [debug] [Thread-2 (]: Began running node test.cryptopulse.not_null_dim_provider_provider_key.acace107bf
[0m02:22:47.620539 [debug] [Thread-1 (]: SQL status: DROP TABLE in 0.000 seconds
[0m02:22:47.621100 [debug] [Thread-4 (]: Re-using an available connection from the pool (formerly test.cryptopulse.not_null_dim_date_date_key.881d0a31b6, now test.cryptopulse.not_null_dim_asset_symbol.6d84ebfacb)
[0m02:22:47.621825 [debug] [Thread-3 (]: Re-using an available connection from the pool (formerly test.cryptopulse.unique_dim_date_date_key.0869fd48f9, now test.cryptopulse.unique_dim_asset_asset_key.1e356d7858)
[0m02:22:47.622696 [info ] [Thread-2 (]: 17 of 27 START test not_null_dim_provider_provider_key ......................... [RUN]
[0m02:22:47.624836 [debug] [Thread-1 (]: On model.cryptopulse.fact_market_bar: Close
[0m02:22:47.625572 [debug] [Thread-4 (]: Began compiling node test.cryptopulse.not_null_dim_asset_symbol.6d84ebfacb
[0m02:22:47.626337 [debug] [Thread-3 (]: Began compiling node test.cryptopulse.unique_dim_asset_asset_key.1e356d7858
[0m02:22:47.627147 [debug] [Thread-2 (]: Re-using an available connection from the pool (formerly test.cryptopulse.not_null_dim_asset_asset_key.a810898cee, now test.cryptopulse.not_null_dim_provider_provider_key.acace107bf)
[0m02:22:47.628225 [debug] [Thread-1 (]: Sending event: {'category': 'dbt', 'action': 'run_model', 'label': 'dd8ff578-0aeb-4821-89d5-35c99038d4a0', 'context': [<snowplow_tracker.self_describing_json.SelfDescribingJson object at 0x7f325a71f4d0>]}
[0m02:22:47.635170 [debug] [Thread-4 (]: Writing injected SQL for node "test.cryptopulse.not_null_dim_asset_symbol.6d84ebfacb"
[0m02:22:47.641330 [debug] [Thread-3 (]: Writing injected SQL for node "test.cryptopulse.unique_dim_asset_asset_key.1e356d7858"
[0m02:22:47.641964 [debug] [Thread-2 (]: Began compiling node test.cryptopulse.not_null_dim_provider_provider_key.acace107bf
[0m02:22:47.643047 [info ] [Thread-1 (]: 11 of 27 OK created sql table model analytics_analytics.fact_market_bar ........ [[32mSELECT 0[0m in 0.13s]
[0m02:22:47.652691 [debug] [Thread-2 (]: Writing injected SQL for node "test.cryptopulse.not_null_dim_provider_provider_key.acace107bf"
[0m02:22:47.653691 [debug] [Thread-1 (]: Finished running node model.cryptopulse.fact_market_bar
[0m02:22:47.655236 [debug] [Thread-1 (]: Began running node test.cryptopulse.unique_dim_provider_provider_key.b5fbec487b
[0m02:22:47.656200 [info ] [Thread-1 (]: 18 of 27 START test unique_dim_provider_provider_key ........................... [RUN]
[0m02:22:47.657137 [debug] [Thread-1 (]: Re-using an available connection from the pool (formerly model.cryptopulse.fact_market_bar, now test.cryptopulse.unique_dim_provider_provider_key.b5fbec487b)
[0m02:22:47.658884 [debug] [Thread-3 (]: Began executing node test.cryptopulse.unique_dim_asset_asset_key.1e356d7858
[0m02:22:47.659681 [debug] [Thread-4 (]: Began executing node test.cryptopulse.not_null_dim_asset_symbol.6d84ebfacb
[0m02:22:47.660212 [debug] [Thread-1 (]: Began compiling node test.cryptopulse.unique_dim_provider_provider_key.b5fbec487b
[0m02:22:47.663734 [debug] [Thread-3 (]: Writing runtime sql for node "test.cryptopulse.unique_dim_asset_asset_key.1e356d7858"
[0m02:22:47.665799 [debug] [Thread-2 (]: Began executing node test.cryptopulse.not_null_dim_provider_provider_key.acace107bf
[0m02:22:47.668539 [debug] [Thread-4 (]: Writing runtime sql for node "test.cryptopulse.not_null_dim_asset_symbol.6d84ebfacb"
[0m02:22:47.675849 [debug] [Thread-1 (]: Writing injected SQL for node "test.cryptopulse.unique_dim_provider_provider_key.b5fbec487b"
[0m02:22:47.678168 [debug] [Thread-2 (]: Writing runtime sql for node "test.cryptopulse.not_null_dim_provider_provider_key.acace107bf"
[0m02:22:47.683638 [debug] [Thread-3 (]: Using postgres connection "test.cryptopulse.unique_dim_asset_asset_key.1e356d7858"
[0m02:22:47.684899 [debug] [Thread-3 (]: On test.cryptopulse.unique_dim_asset_asset_key.1e356d7858: /* {"app": "dbt", "dbt_version": "1.12.4", "profile_name": "cryptopulse", "target_name": "dev", "node_id": "test.cryptopulse.unique_dim_asset_asset_key.1e356d7858"} */

    
    select
      count(*) as failures,
      count(*) != 0 as should_warn,
      count(*) != 0 as should_error
    from (
      
    
  
    
    

select
    asset_key as unique_field,
    count(*) as n_records

from "cryptopulse"."analytics_analytics"."dim_asset"
where asset_key is not null
group by asset_key
having count(*) > 1



  
  
      
    ) dbt_internal_test
[0m02:22:47.685294 [debug] [Thread-2 (]: Using postgres connection "test.cryptopulse.not_null_dim_provider_provider_key.acace107bf"
[0m02:22:47.685963 [debug] [Thread-3 (]: Opening a new connection, currently in state closed
[0m02:22:47.687477 [debug] [Thread-4 (]: Using postgres connection "test.cryptopulse.not_null_dim_asset_symbol.6d84ebfacb"
[0m02:22:47.688025 [debug] [Thread-2 (]: On test.cryptopulse.not_null_dim_provider_provider_key.acace107bf: /* {"app": "dbt", "dbt_version": "1.12.4", "profile_name": "cryptopulse", "target_name": "dev", "node_id": "test.cryptopulse.not_null_dim_provider_provider_key.acace107bf"} */

    
    select
      count(*) as failures,
      count(*) != 0 as should_warn,
      count(*) != 0 as should_error
    from (
      
    
  
    
    



select provider_key
from "cryptopulse"."analytics_analytics"."dim_provider"
where provider_key is null



  
  
      
    ) dbt_internal_test
[0m02:22:47.690125 [debug] [Thread-4 (]: On test.cryptopulse.not_null_dim_asset_symbol.6d84ebfacb: /* {"app": "dbt", "dbt_version": "1.12.4", "profile_name": "cryptopulse", "target_name": "dev", "node_id": "test.cryptopulse.not_null_dim_asset_symbol.6d84ebfacb"} */

    
    select
      count(*) as failures,
      count(*) != 0 as should_warn,
      count(*) != 0 as should_error
    from (
      
    
  
    
    



select symbol
from "cryptopulse"."analytics_analytics"."dim_asset"
where symbol is null



  
  
      
    ) dbt_internal_test
[0m02:22:47.690966 [debug] [Thread-2 (]: Opening a new connection, currently in state closed
[0m02:22:47.692028 [debug] [Thread-4 (]: Opening a new connection, currently in state closed
[0m02:22:47.695959 [debug] [Thread-3 (]: SQL status: SELECT 1 in 0.010 seconds
[0m02:22:47.700079 [debug] [Thread-2 (]: SQL status: SELECT 1 in 0.009 seconds
[0m02:22:47.703610 [debug] [Thread-3 (]: On test.cryptopulse.unique_dim_asset_asset_key.1e356d7858: ROLLBACK
[0m02:22:47.704027 [debug] [Thread-4 (]: SQL status: SELECT 1 in 0.012 seconds
[0m02:22:47.704443 [debug] [Thread-1 (]: Began executing node test.cryptopulse.unique_dim_provider_provider_key.b5fbec487b
[0m02:22:47.705997 [debug] [Thread-2 (]: On test.cryptopulse.not_null_dim_provider_provider_key.acace107bf: ROLLBACK
[0m02:22:47.707386 [debug] [Thread-3 (]: On test.cryptopulse.unique_dim_asset_asset_key.1e356d7858: Close
[0m02:22:47.708824 [debug] [Thread-4 (]: On test.cryptopulse.not_null_dim_asset_symbol.6d84ebfacb: ROLLBACK
[0m02:22:47.711295 [debug] [Thread-1 (]: Writing runtime sql for node "test.cryptopulse.unique_dim_provider_provider_key.b5fbec487b"
[0m02:22:47.712327 [debug] [Thread-2 (]: On test.cryptopulse.not_null_dim_provider_provider_key.acace107bf: Close
[0m02:22:47.713260 [info ] [Thread-3 (]: 16 of 27 PASS unique_dim_asset_asset_key ....................................... [[32mPASS[0m in 0.09s]
[0m02:22:47.714805 [debug] [Thread-4 (]: On test.cryptopulse.not_null_dim_asset_symbol.6d84ebfacb: Close
[0m02:22:47.716500 [info ] [Thread-2 (]: 17 of 27 PASS not_null_dim_provider_provider_key ............................... [[32mPASS[0m in 0.09s]
[0m02:22:47.717788 [debug] [Thread-3 (]: Finished running node test.cryptopulse.unique_dim_asset_asset_key.1e356d7858
[0m02:22:47.718937 [info ] [Thread-4 (]: 15 of 27 PASS not_null_dim_asset_symbol ........................................ [[32mPASS[0m in 0.10s]
[0m02:22:47.720284 [debug] [Thread-2 (]: Finished running node test.cryptopulse.not_null_dim_provider_provider_key.acace107bf
[0m02:22:47.721403 [debug] [Thread-3 (]: Began running node test.cryptopulse.not_null_fact_market_bar_asset_key.29e72edeb9
[0m02:22:47.722336 [debug] [Thread-4 (]: Finished running node test.cryptopulse.not_null_dim_asset_symbol.6d84ebfacb
[0m02:22:47.723140 [debug] [Thread-2 (]: Began running node test.cryptopulse.not_null_fact_market_bar_close.0d139f179e
[0m02:22:47.724108 [info ] [Thread-3 (]: 19 of 27 START test not_null_fact_market_bar_asset_key ......................... [RUN]
[0m02:22:47.725241 [debug] [Thread-4 (]: Began running node test.cryptopulse.not_null_fact_market_bar_market_bar_key.53f1070523
[0m02:22:47.726150 [debug] [Thread-1 (]: Using postgres connection "test.cryptopulse.unique_dim_provider_provider_key.b5fbec487b"
[0m02:22:47.726619 [info ] [Thread-2 (]: 20 of 27 START test not_null_fact_market_bar_close ............................. [RUN]
[0m02:22:47.727775 [debug] [Thread-3 (]: Re-using an available connection from the pool (formerly test.cryptopulse.unique_dim_asset_asset_key.1e356d7858, now test.cryptopulse.not_null_fact_market_bar_asset_key.29e72edeb9)
[0m02:22:47.728608 [info ] [Thread-4 (]: 21 of 27 START test not_null_fact_market_bar_market_bar_key .................... [RUN]
[0m02:22:47.729666 [debug] [Thread-1 (]: On test.cryptopulse.unique_dim_provider_provider_key.b5fbec487b: /* {"app": "dbt", "dbt_version": "1.12.4", "profile_name": "cryptopulse", "target_name": "dev", "node_id": "test.cryptopulse.unique_dim_provider_provider_key.b5fbec487b"} */

    
    select
      count(*) as failures,
      count(*) != 0 as should_warn,
      count(*) != 0 as should_error
    from (
      
    
  
    
    

select
    provider_key as unique_field,
    count(*) as n_records

from "cryptopulse"."analytics_analytics"."dim_provider"
where provider_key is not null
group by provider_key
having count(*) > 1



  
  
      
    ) dbt_internal_test
[0m02:22:47.730587 [debug] [Thread-2 (]: Re-using an available connection from the pool (formerly test.cryptopulse.not_null_dim_provider_provider_key.acace107bf, now test.cryptopulse.not_null_fact_market_bar_close.0d139f179e)
[0m02:22:47.731290 [debug] [Thread-3 (]: Began compiling node test.cryptopulse.not_null_fact_market_bar_asset_key.29e72edeb9
[0m02:22:47.732085 [debug] [Thread-4 (]: Re-using an available connection from the pool (formerly test.cryptopulse.not_null_dim_asset_symbol.6d84ebfacb, now test.cryptopulse.not_null_fact_market_bar_market_bar_key.53f1070523)
[0m02:22:47.732933 [debug] [Thread-1 (]: Opening a new connection, currently in state closed
[0m02:22:47.733735 [debug] [Thread-2 (]: Began compiling node test.cryptopulse.not_null_fact_market_bar_close.0d139f179e
[0m02:22:47.740390 [debug] [Thread-3 (]: Writing injected SQL for node "test.cryptopulse.not_null_fact_market_bar_asset_key.29e72edeb9"
[0m02:22:47.741173 [debug] [Thread-4 (]: Began compiling node test.cryptopulse.not_null_fact_market_bar_market_bar_key.53f1070523
[0m02:22:47.748279 [debug] [Thread-2 (]: Writing injected SQL for node "test.cryptopulse.not_null_fact_market_bar_close.0d139f179e"
[0m02:22:47.755239 [debug] [Thread-1 (]: SQL status: SELECT 1 in 0.022 seconds
[0m02:22:47.756217 [debug] [Thread-4 (]: Writing injected SQL for node "test.cryptopulse.not_null_fact_market_bar_market_bar_key.53f1070523"
[0m02:22:47.758514 [debug] [Thread-1 (]: On test.cryptopulse.unique_dim_provider_provider_key.b5fbec487b: ROLLBACK
[0m02:22:47.759785 [debug] [Thread-3 (]: Began executing node test.cryptopulse.not_null_fact_market_bar_asset_key.29e72edeb9
[0m02:22:47.760638 [debug] [Thread-2 (]: Began executing node test.cryptopulse.not_null_fact_market_bar_close.0d139f179e
[0m02:22:47.761464 [debug] [Thread-1 (]: On test.cryptopulse.unique_dim_provider_provider_key.b5fbec487b: Close
[0m02:22:47.764970 [debug] [Thread-3 (]: Writing runtime sql for node "test.cryptopulse.not_null_fact_market_bar_asset_key.29e72edeb9"
[0m02:22:47.769828 [debug] [Thread-2 (]: Writing runtime sql for node "test.cryptopulse.not_null_fact_market_bar_close.0d139f179e"
[0m02:22:47.771442 [debug] [Thread-4 (]: Began executing node test.cryptopulse.not_null_fact_market_bar_market_bar_key.53f1070523
[0m02:22:47.772017 [info ] [Thread-1 (]: 18 of 27 PASS unique_dim_provider_provider_key ................................. [[32mPASS[0m in 0.11s]
[0m02:22:47.775812 [debug] [Thread-4 (]: Writing runtime sql for node "test.cryptopulse.not_null_fact_market_bar_market_bar_key.53f1070523"
[0m02:22:47.776853 [debug] [Thread-1 (]: Finished running node test.cryptopulse.unique_dim_provider_provider_key.b5fbec487b
[0m02:22:47.778448 [debug] [Thread-1 (]: Began running node test.cryptopulse.not_null_fact_market_bar_provider_key.8be4a3d773
[0m02:22:47.779799 [debug] [Thread-3 (]: Using postgres connection "test.cryptopulse.not_null_fact_market_bar_asset_key.29e72edeb9"
[0m02:22:47.779438 [info ] [Thread-1 (]: 22 of 27 START test not_null_fact_market_bar_provider_key ...................... [RUN]
[0m02:22:47.781046 [debug] [Thread-3 (]: On test.cryptopulse.not_null_fact_market_bar_asset_key.29e72edeb9: /* {"app": "dbt", "dbt_version": "1.12.4", "profile_name": "cryptopulse", "target_name": "dev", "node_id": "test.cryptopulse.not_null_fact_market_bar_asset_key.29e72edeb9"} */

    
    select
      count(*) as failures,
      count(*) != 0 as should_warn,
      count(*) != 0 as should_error
    from (
      
    
  
    
    



select asset_key
from "cryptopulse"."analytics_analytics"."fact_market_bar"
where asset_key is null



  
  
      
    ) dbt_internal_test
[0m02:22:47.781571 [debug] [Thread-2 (]: Using postgres connection "test.cryptopulse.not_null_fact_market_bar_close.0d139f179e"
[0m02:22:47.782538 [debug] [Thread-1 (]: Re-using an available connection from the pool (formerly test.cryptopulse.unique_dim_provider_provider_key.b5fbec487b, now test.cryptopulse.not_null_fact_market_bar_provider_key.8be4a3d773)
[0m02:22:47.783597 [debug] [Thread-3 (]: Opening a new connection, currently in state closed
[0m02:22:47.784900 [debug] [Thread-4 (]: Using postgres connection "test.cryptopulse.not_null_fact_market_bar_market_bar_key.53f1070523"
[0m02:22:47.786247 [debug] [Thread-2 (]: On test.cryptopulse.not_null_fact_market_bar_close.0d139f179e: /* {"app": "dbt", "dbt_version": "1.12.4", "profile_name": "cryptopulse", "target_name": "dev", "node_id": "test.cryptopulse.not_null_fact_market_bar_close.0d139f179e"} */

    
    select
      count(*) as failures,
      count(*) != 0 as should_warn,
      count(*) != 0 as should_error
    from (
      
    
  
    
    



select close
from "cryptopulse"."analytics_analytics"."fact_market_bar"
where close is null



  
  
      
    ) dbt_internal_test
[0m02:22:47.789421 [debug] [Thread-1 (]: Began compiling node test.cryptopulse.not_null_fact_market_bar_provider_key.8be4a3d773
[0m02:22:47.792065 [debug] [Thread-4 (]: On test.cryptopulse.not_null_fact_market_bar_market_bar_key.53f1070523: /* {"app": "dbt", "dbt_version": "1.12.4", "profile_name": "cryptopulse", "target_name": "dev", "node_id": "test.cryptopulse.not_null_fact_market_bar_market_bar_key.53f1070523"} */

    
    select
      count(*) as failures,
      count(*) != 0 as should_warn,
      count(*) != 0 as should_error
    from (
      
    
  
    
    



select market_bar_key
from "cryptopulse"."analytics_analytics"."fact_market_bar"
where market_bar_key is null



  
  
      
    ) dbt_internal_test
[0m02:22:47.792953 [debug] [Thread-2 (]: Opening a new connection, currently in state closed
[0m02:22:47.800037 [debug] [Thread-1 (]: Writing injected SQL for node "test.cryptopulse.not_null_fact_market_bar_provider_key.8be4a3d773"
[0m02:22:47.800556 [debug] [Thread-3 (]: SQL status: SELECT 1 in 0.017 seconds
[0m02:22:47.801289 [debug] [Thread-4 (]: Opening a new connection, currently in state closed
[0m02:22:47.804853 [debug] [Thread-3 (]: On test.cryptopulse.not_null_fact_market_bar_asset_key.29e72edeb9: ROLLBACK
[0m02:22:47.807382 [debug] [Thread-3 (]: On test.cryptopulse.not_null_fact_market_bar_asset_key.29e72edeb9: Close
[0m02:22:47.808166 [debug] [Thread-2 (]: SQL status: SELECT 1 in 0.015 seconds
[0m02:22:47.811066 [info ] [Thread-3 (]: 19 of 27 PASS not_null_fact_market_bar_asset_key ............................... [[32mPASS[0m in 0.08s]
[0m02:22:47.813588 [debug] [Thread-2 (]: On test.cryptopulse.not_null_fact_market_bar_close.0d139f179e: ROLLBACK
[0m02:22:47.814030 [debug] [Thread-4 (]: SQL status: SELECT 1 in 0.013 seconds
[0m02:22:47.815106 [debug] [Thread-3 (]: Finished running node test.cryptopulse.not_null_fact_market_bar_asset_key.29e72edeb9
[0m02:22:47.816513 [debug] [Thread-2 (]: On test.cryptopulse.not_null_fact_market_bar_close.0d139f179e: Close
[0m02:22:47.816847 [debug] [Thread-1 (]: Began executing node test.cryptopulse.not_null_fact_market_bar_provider_key.8be4a3d773
[0m02:22:47.818318 [debug] [Thread-4 (]: On test.cryptopulse.not_null_fact_market_bar_market_bar_key.53f1070523: ROLLBACK
[0m02:22:47.819296 [debug] [Thread-3 (]: Began running node test.cryptopulse.relationships_fact_market_bar_asset_key__asset_key__ref_dim_asset_.5b491ea399
[0m02:22:47.820411 [info ] [Thread-2 (]: 20 of 27 PASS not_null_fact_market_bar_close ................................... [[32mPASS[0m in 0.09s]
[0m02:22:47.822504 [debug] [Thread-1 (]: Writing runtime sql for node "test.cryptopulse.not_null_fact_market_bar_provider_key.8be4a3d773"
[0m02:22:47.823556 [debug] [Thread-4 (]: On test.cryptopulse.not_null_fact_market_bar_market_bar_key.53f1070523: Close
[0m02:22:47.824247 [info ] [Thread-3 (]: 23 of 27 START test relationships_fact_market_bar_asset_key__asset_key__ref_dim_asset_  [RUN]
[0m02:22:47.825336 [debug] [Thread-2 (]: Finished running node test.cryptopulse.not_null_fact_market_bar_close.0d139f179e
[0m02:22:47.826937 [info ] [Thread-4 (]: 21 of 27 PASS not_null_fact_market_bar_market_bar_key .......................... [[32mPASS[0m in 0.09s]
[0m02:22:47.828330 [debug] [Thread-3 (]: Re-using an available connection from the pool (formerly test.cryptopulse.not_null_fact_market_bar_asset_key.29e72edeb9, now test.cryptopulse.relationships_fact_market_bar_asset_key__asset_key__ref_dim_asset_.5b491ea399)
[0m02:22:47.829357 [debug] [Thread-2 (]: Began running node test.cryptopulse.relationships_fact_market_bar_provider_key__provider_key__ref_dim_provider_.e51f36ecb4
[0m02:22:47.830410 [debug] [Thread-4 (]: Finished running node test.cryptopulse.not_null_fact_market_bar_market_bar_key.53f1070523
[0m02:22:47.831301 [debug] [Thread-3 (]: Began compiling node test.cryptopulse.relationships_fact_market_bar_asset_key__asset_key__ref_dim_asset_.5b491ea399
[0m02:22:47.832015 [info ] [Thread-2 (]: 24 of 27 START test relationships_fact_market_bar_provider_key__provider_key__ref_dim_provider_  [RUN]
[0m02:22:47.833144 [debug] [Thread-4 (]: Began running node test.cryptopulse.unique_fact_market_bar_market_bar_key.b88512ab4b
[0m02:22:47.839998 [debug] [Thread-1 (]: Using postgres connection "test.cryptopulse.not_null_fact_market_bar_provider_key.8be4a3d773"
[0m02:22:47.845360 [debug] [Thread-3 (]: Writing injected SQL for node "test.cryptopulse.relationships_fact_market_bar_asset_key__asset_key__ref_dim_asset_.5b491ea399"
[0m02:22:47.846183 [debug] [Thread-2 (]: Re-using an available connection from the pool (formerly test.cryptopulse.not_null_fact_market_bar_close.0d139f179e, now test.cryptopulse.relationships_fact_market_bar_provider_key__provider_key__ref_dim_provider_.e51f36ecb4)
[0m02:22:47.847003 [info ] [Thread-4 (]: 25 of 27 START test unique_fact_market_bar_market_bar_key ...................... [RUN]
[0m02:22:47.847801 [debug] [Thread-1 (]: On test.cryptopulse.not_null_fact_market_bar_provider_key.8be4a3d773: /* {"app": "dbt", "dbt_version": "1.12.4", "profile_name": "cryptopulse", "target_name": "dev", "node_id": "test.cryptopulse.not_null_fact_market_bar_provider_key.8be4a3d773"} */

    
    select
      count(*) as failures,
      count(*) != 0 as should_warn,
      count(*) != 0 as should_error
    from (
      
    
  
    
    



select provider_key
from "cryptopulse"."analytics_analytics"."fact_market_bar"
where provider_key is null



  
  
      
    ) dbt_internal_test
[0m02:22:47.849634 [debug] [Thread-2 (]: Began compiling node test.cryptopulse.relationships_fact_market_bar_provider_key__provider_key__ref_dim_provider_.e51f36ecb4
[0m02:22:47.850822 [debug] [Thread-4 (]: Re-using an available connection from the pool (formerly test.cryptopulse.not_null_fact_market_bar_market_bar_key.53f1070523, now test.cryptopulse.unique_fact_market_bar_market_bar_key.b88512ab4b)
[0m02:22:47.851711 [debug] [Thread-1 (]: Opening a new connection, currently in state closed
[0m02:22:47.863061 [debug] [Thread-2 (]: Writing injected SQL for node "test.cryptopulse.relationships_fact_market_bar_provider_key__provider_key__ref_dim_provider_.e51f36ecb4"
[0m02:22:47.865355 [debug] [Thread-4 (]: Began compiling node test.cryptopulse.unique_fact_market_bar_market_bar_key.b88512ab4b
[0m02:22:47.866359 [debug] [Thread-3 (]: Began executing node test.cryptopulse.relationships_fact_market_bar_asset_key__asset_key__ref_dim_asset_.5b491ea399
[0m02:22:47.874154 [debug] [Thread-4 (]: Writing injected SQL for node "test.cryptopulse.unique_fact_market_bar_market_bar_key.b88512ab4b"
[0m02:22:47.874952 [debug] [Thread-1 (]: SQL status: SELECT 1 in 0.023 seconds
[0m02:22:47.876420 [debug] [Thread-3 (]: Writing runtime sql for node "test.cryptopulse.relationships_fact_market_bar_asset_key__asset_key__ref_dim_asset_.5b491ea399"
[0m02:22:47.878913 [debug] [Thread-2 (]: Began executing node test.cryptopulse.relationships_fact_market_bar_provider_key__provider_key__ref_dim_provider_.e51f36ecb4
[0m02:22:47.880230 [debug] [Thread-1 (]: On test.cryptopulse.not_null_fact_market_bar_provider_key.8be4a3d773: ROLLBACK
[0m02:22:47.883226 [debug] [Thread-2 (]: Writing runtime sql for node "test.cryptopulse.relationships_fact_market_bar_provider_key__provider_key__ref_dim_provider_.e51f36ecb4"
[0m02:22:47.884921 [debug] [Thread-4 (]: Began executing node test.cryptopulse.unique_fact_market_bar_market_bar_key.b88512ab4b
[0m02:22:47.888385 [debug] [Thread-1 (]: On test.cryptopulse.not_null_fact_market_bar_provider_key.8be4a3d773: Close
[0m02:22:47.891212 [debug] [Thread-4 (]: Writing runtime sql for node "test.cryptopulse.unique_fact_market_bar_market_bar_key.b88512ab4b"
[0m02:22:47.891607 [debug] [Thread-3 (]: Using postgres connection "test.cryptopulse.relationships_fact_market_bar_asset_key__asset_key__ref_dim_asset_.5b491ea399"
[0m02:22:47.892754 [info ] [Thread-1 (]: 22 of 27 PASS not_null_fact_market_bar_provider_key ............................ [[32mPASS[0m in 0.11s]
[0m02:22:47.895802 [debug] [Thread-2 (]: Using postgres connection "test.cryptopulse.relationships_fact_market_bar_provider_key__provider_key__ref_dim_provider_.e51f36ecb4"
[0m02:22:47.897094 [debug] [Thread-3 (]: On test.cryptopulse.relationships_fact_market_bar_asset_key__asset_key__ref_dim_asset_.5b491ea399: /* {"app": "dbt", "dbt_version": "1.12.4", "profile_name": "cryptopulse", "target_name": "dev", "node_id": "test.cryptopulse.relationships_fact_market_bar_asset_key__asset_key__ref_dim_asset_.5b491ea399"} */

    
    select
      count(*) as failures,
      count(*) != 0 as should_warn,
      count(*) != 0 as should_error
    from (
      
    
  
    
    

with child as (
    select asset_key as from_field
    from "cryptopulse"."analytics_analytics"."fact_market_bar"
    where asset_key is not null
),

parent as (
    select asset_key as to_field
    from "cryptopulse"."analytics_analytics"."dim_asset"
)

select
    from_field

from child
left join parent
    on child.from_field = parent.to_field

where parent.to_field is null



  
  
      
    ) dbt_internal_test
[0m02:22:47.899402 [debug] [Thread-1 (]: Finished running node test.cryptopulse.not_null_fact_market_bar_provider_key.8be4a3d773
[0m02:22:47.900524 [debug] [Thread-2 (]: On test.cryptopulse.relationships_fact_market_bar_provider_key__provider_key__ref_dim_provider_.e51f36ecb4: /* {"app": "dbt", "dbt_version": "1.12.4", "profile_name": "cryptopulse", "target_name": "dev", "node_id": "test.cryptopulse.relationships_fact_market_bar_provider_key__provider_key__ref_dim_provider_.e51f36ecb4"} */

    
    select
      count(*) as failures,
      count(*) != 0 as should_warn,
      count(*) != 0 as should_error
    from (
      
    
  
    
    

with child as (
    select provider_key as from_field
    from "cryptopulse"."analytics_analytics"."fact_market_bar"
    where provider_key is not null
),

parent as (
    select provider_key as to_field
    from "cryptopulse"."analytics_analytics"."dim_provider"
)

select
    from_field

from child
left join parent
    on child.from_field = parent.to_field

where parent.to_field is null



  
  
      
    ) dbt_internal_test
[0m02:22:47.901430 [debug] [Thread-3 (]: Opening a new connection, currently in state closed
[0m02:22:47.903795 [debug] [Thread-2 (]: Opening a new connection, currently in state closed
[0m02:22:47.906026 [debug] [Thread-4 (]: Using postgres connection "test.cryptopulse.unique_fact_market_bar_market_bar_key.b88512ab4b"
[0m02:22:47.911650 [debug] [Thread-4 (]: On test.cryptopulse.unique_fact_market_bar_market_bar_key.b88512ab4b: /* {"app": "dbt", "dbt_version": "1.12.4", "profile_name": "cryptopulse", "target_name": "dev", "node_id": "test.cryptopulse.unique_fact_market_bar_market_bar_key.b88512ab4b"} */

    
    select
      count(*) as failures,
      count(*) != 0 as should_warn,
      count(*) != 0 as should_error
    from (
      
    
  
    
    

select
    market_bar_key as unique_field,
    count(*) as n_records

from "cryptopulse"."analytics_analytics"."fact_market_bar"
where market_bar_key is not null
group by market_bar_key
having count(*) > 1



  
  
      
    ) dbt_internal_test
[0m02:22:47.913002 [debug] [Thread-4 (]: Opening a new connection, currently in state closed
[0m02:22:47.913362 [debug] [Thread-3 (]: SQL status: SELECT 1 in 0.012 seconds
[0m02:22:47.913708 [debug] [Thread-2 (]: SQL status: SELECT 1 in 0.010 seconds
[0m02:22:47.916276 [debug] [Thread-3 (]: On test.cryptopulse.relationships_fact_market_bar_asset_key__asset_key__ref_dim_asset_.5b491ea399: ROLLBACK
[0m02:22:47.917813 [debug] [Thread-2 (]: On test.cryptopulse.relationships_fact_market_bar_provider_key__provider_key__ref_dim_provider_.e51f36ecb4: ROLLBACK
[0m02:22:47.918954 [debug] [Thread-3 (]: On test.cryptopulse.relationships_fact_market_bar_asset_key__asset_key__ref_dim_asset_.5b491ea399: Close
[0m02:22:47.919737 [debug] [Thread-2 (]: On test.cryptopulse.relationships_fact_market_bar_provider_key__provider_key__ref_dim_provider_.e51f36ecb4: Close
[0m02:22:47.920733 [info ] [Thread-3 (]: 23 of 27 PASS relationships_fact_market_bar_asset_key__asset_key__ref_dim_asset_  [[32mPASS[0m in 0.09s]
[0m02:22:47.921611 [debug] [Thread-4 (]: SQL status: SELECT 1 in 0.009 seconds
[0m02:22:47.922922 [info ] [Thread-2 (]: 24 of 27 PASS relationships_fact_market_bar_provider_key__provider_key__ref_dim_provider_  [[32mPASS[0m in 0.08s]
[0m02:22:47.923849 [debug] [Thread-3 (]: Finished running node test.cryptopulse.relationships_fact_market_bar_asset_key__asset_key__ref_dim_asset_.5b491ea399
[0m02:22:47.925622 [debug] [Thread-4 (]: On test.cryptopulse.unique_fact_market_bar_market_bar_key.b88512ab4b: ROLLBACK
[0m02:22:47.926533 [debug] [Thread-2 (]: Finished running node test.cryptopulse.relationships_fact_market_bar_provider_key__provider_key__ref_dim_provider_.e51f36ecb4
[0m02:22:47.928178 [debug] [Thread-4 (]: On test.cryptopulse.unique_fact_market_bar_market_bar_key.b88512ab4b: Close
[0m02:22:47.929807 [info ] [Thread-4 (]: 25 of 27 PASS unique_fact_market_bar_market_bar_key ............................ [[32mPASS[0m in 0.08s]
[0m02:22:47.931317 [debug] [Thread-4 (]: Finished running node test.cryptopulse.unique_fact_market_bar_market_bar_key.b88512ab4b
[0m02:22:47.932673 [debug] [Thread-1 (]: Began running node model.cryptopulse.mart_market_hourly
[0m02:22:47.933627 [info ] [Thread-1 (]: 26 of 27 START sql table model analytics_analytics.mart_market_hourly .......... [RUN]
[0m02:22:47.934895 [debug] [Thread-1 (]: Re-using an available connection from the pool (formerly test.cryptopulse.not_null_fact_market_bar_provider_key.8be4a3d773, now model.cryptopulse.mart_market_hourly)
[0m02:22:47.935714 [debug] [Thread-1 (]: Began compiling node model.cryptopulse.mart_market_hourly
[0m02:22:47.937999 [debug] [Thread-1 (]: Writing injected SQL for node "model.cryptopulse.mart_market_hourly"
[0m02:22:47.945019 [debug] [Thread-1 (]: Began executing node model.cryptopulse.mart_market_hourly
[0m02:22:47.948294 [debug] [Thread-1 (]: Writing runtime sql for node "model.cryptopulse.mart_market_hourly"
[0m02:22:47.955957 [debug] [Thread-1 (]: Using postgres connection "model.cryptopulse.mart_market_hourly"
[0m02:22:47.957406 [debug] [Thread-1 (]: On model.cryptopulse.mart_market_hourly: /* {"app": "dbt", "dbt_version": "1.12.4", "profile_name": "cryptopulse", "target_name": "dev", "node_id": "model.cryptopulse.mart_market_hourly"} */

  
    

  create  table "cryptopulse"."analytics_analytics"."mart_market_hourly__dbt_tmp"
  
  
    as
  
  (
    select
    provider,
    symbol,
    currency,
    date_trunc('hour', bar_start) as hour_start,
    (array_agg(open order by bar_start))[1] as open,
    max(high) as high,
    min(low) as low,
    (array_agg(close order by bar_start desc))[1] as close,
    sum(volume) as volume,
    sum(trade_count) as trade_count,
    sum(vwap * volume) / nullif(sum(volume), 0) as vwap
from "cryptopulse"."analytics_analytics"."fact_market_bar"
where interval = '1 minute'
group by provider, symbol, currency, date_trunc('hour', bar_start)
  );
  
[0m02:22:47.958159 [debug] [Thread-1 (]: Opening a new connection, currently in state closed
[0m02:22:47.974821 [debug] [Thread-1 (]: SQL status: SELECT 0 in 0.017 seconds
[0m02:22:47.977755 [debug] [Thread-1 (]: Using postgres connection "model.cryptopulse.mart_market_hourly"
[0m02:22:47.978654 [debug] [Thread-1 (]: On model.cryptopulse.mart_market_hourly: /* {"app": "dbt", "dbt_version": "1.12.4", "profile_name": "cryptopulse", "target_name": "dev", "node_id": "model.cryptopulse.mart_market_hourly"} */
alter table "cryptopulse"."analytics_analytics"."mart_market_hourly__dbt_tmp" rename to "mart_market_hourly"
[0m02:22:47.979871 [debug] [Thread-1 (]: SQL status: ALTER TABLE in 0.000 seconds
[0m02:22:47.981650 [debug] [Thread-1 (]: On model.cryptopulse.mart_market_hourly: COMMIT
[0m02:22:47.982427 [debug] [Thread-1 (]: Using postgres connection "model.cryptopulse.mart_market_hourly"
[0m02:22:47.983105 [debug] [Thread-1 (]: On model.cryptopulse.mart_market_hourly: COMMIT
[0m02:22:47.986313 [debug] [Thread-1 (]: SQL status: COMMIT in 0.003 seconds
[0m02:22:47.988353 [debug] [Thread-1 (]: Applying DROP to: "cryptopulse"."analytics_analytics"."mart_market_hourly__dbt_backup"
[0m02:22:47.989391 [debug] [Thread-1 (]: Using postgres connection "model.cryptopulse.mart_market_hourly"
[0m02:22:47.990249 [debug] [Thread-1 (]: On model.cryptopulse.mart_market_hourly: /* {"app": "dbt", "dbt_version": "1.12.4", "profile_name": "cryptopulse", "target_name": "dev", "node_id": "model.cryptopulse.mart_market_hourly"} */
drop table if exists "cryptopulse"."analytics_analytics"."mart_market_hourly__dbt_backup" cascade
[0m02:22:47.991480 [debug] [Thread-1 (]: SQL status: DROP TABLE in 0.000 seconds
[0m02:22:47.993163 [debug] [Thread-1 (]: On model.cryptopulse.mart_market_hourly: Close
[0m02:22:47.994266 [debug] [Thread-1 (]: Sending event: {'category': 'dbt', 'action': 'run_model', 'label': 'dd8ff578-0aeb-4821-89d5-35c99038d4a0', 'context': [<snowplow_tracker.self_describing_json.SelfDescribingJson object at 0x7f326ca7e950>]}
[0m02:22:47.995279 [info ] [Thread-1 (]: 26 of 27 OK created sql table model analytics_analytics.mart_market_hourly ..... [[32mSELECT 0[0m in 0.06s]
[0m02:22:47.996383 [debug] [Thread-1 (]: Finished running node model.cryptopulse.mart_market_hourly
[0m02:22:47.997858 [debug] [Thread-2 (]: Began running node test.cryptopulse.not_null_mart_market_hourly_hour_start.4334a1b23c
[0m02:22:47.998687 [info ] [Thread-2 (]: 27 of 27 START test not_null_mart_market_hourly_hour_start ..................... [RUN]
[0m02:22:47.999739 [debug] [Thread-2 (]: Re-using an available connection from the pool (formerly test.cryptopulse.relationships_fact_market_bar_provider_key__provider_key__ref_dim_provider_.e51f36ecb4, now test.cryptopulse.not_null_mart_market_hourly_hour_start.4334a1b23c)
[0m02:22:48.000640 [debug] [Thread-2 (]: Began compiling node test.cryptopulse.not_null_mart_market_hourly_hour_start.4334a1b23c
[0m02:22:48.008118 [debug] [Thread-2 (]: Writing injected SQL for node "test.cryptopulse.not_null_mart_market_hourly_hour_start.4334a1b23c"
[0m02:22:48.015486 [debug] [Thread-2 (]: Began executing node test.cryptopulse.not_null_mart_market_hourly_hour_start.4334a1b23c
[0m02:22:48.017294 [debug] [Thread-2 (]: Writing runtime sql for node "test.cryptopulse.not_null_mart_market_hourly_hour_start.4334a1b23c"
[0m02:22:48.025496 [debug] [Thread-2 (]: Using postgres connection "test.cryptopulse.not_null_mart_market_hourly_hour_start.4334a1b23c"
[0m02:22:48.026437 [debug] [Thread-2 (]: On test.cryptopulse.not_null_mart_market_hourly_hour_start.4334a1b23c: /* {"app": "dbt", "dbt_version": "1.12.4", "profile_name": "cryptopulse", "target_name": "dev", "node_id": "test.cryptopulse.not_null_mart_market_hourly_hour_start.4334a1b23c"} */

    
    select
      count(*) as failures,
      count(*) != 0 as should_warn,
      count(*) != 0 as should_error
    from (
      
    
  
    
    



select hour_start
from "cryptopulse"."analytics_analytics"."mart_market_hourly"
where hour_start is null



  
  
      
    ) dbt_internal_test
[0m02:22:48.027199 [debug] [Thread-2 (]: Opening a new connection, currently in state closed
[0m02:22:48.034740 [debug] [Thread-2 (]: SQL status: SELECT 1 in 0.008 seconds
[0m02:22:48.036515 [debug] [Thread-2 (]: On test.cryptopulse.not_null_mart_market_hourly_hour_start.4334a1b23c: ROLLBACK
[0m02:22:48.037347 [debug] [Thread-2 (]: On test.cryptopulse.not_null_mart_market_hourly_hour_start.4334a1b23c: Close
[0m02:22:48.038545 [info ] [Thread-2 (]: 27 of 27 PASS not_null_mart_market_hourly_hour_start ........................... [[32mPASS[0m in 0.04s]
[0m02:22:48.040608 [debug] [Thread-2 (]: Finished running node test.cryptopulse.not_null_mart_market_hourly_hour_start.4334a1b23c
[0m02:22:48.043049 [debug] [MainThread]: On master: COMMIT
[0m02:22:48.043905 [debug] [MainThread]: Using postgres connection "master"
[0m02:22:48.045912 [debug] [MainThread]: On master: COMMIT
[0m02:22:48.047136 [debug] [MainThread]: Opening a new connection, currently in state closed
[0m02:22:48.053542 [debug] [MainThread]: SQL status: COMMIT in 0.006 seconds
[0m02:22:48.054560 [debug] [MainThread]: On master: Close
[0m02:22:48.055442 [debug] [MainThread]: Connection 'master' was properly closed.
[0m02:22:48.056236 [debug] [MainThread]: Connection 'test.cryptopulse.not_null_mart_market_hourly_hour_start.4334a1b23c' was properly closed.
[0m02:22:48.056890 [debug] [MainThread]: Connection 'model.cryptopulse.mart_market_hourly' was properly closed.
[0m02:22:48.057650 [debug] [MainThread]: Connection 'test.cryptopulse.relationships_fact_market_bar_asset_key__asset_key__ref_dim_asset_.5b491ea399' was properly closed.
[0m02:22:48.058360 [debug] [MainThread]: Connection 'test.cryptopulse.unique_fact_market_bar_market_bar_key.b88512ab4b' was properly closed.
[0m02:22:48.059516 [info ] [MainThread]: 
[0m02:22:48.060519 [info ] [MainThread]: Finished running 5 table models, 20 data tests, 2 view models in 0 hours 0 minutes and 1.29 seconds (1.29s).
[0m02:22:48.063844 [debug] [MainThread]: Command end result
[0m02:22:48.124231 [debug] [MainThread]: Wrote artifact WritableManifest to dbt/target/manifest.json
[0m02:22:48.129876 [debug] [MainThread]: Wrote artifact SemanticManifest to dbt/target/semantic_manifest.json
[0m02:22:48.136124 [debug] [MainThread]: Wrote artifact OsiDocument to dbt/target/osi_document.json
[0m02:22:48.146283 [debug] [MainThread]: Wrote artifact RunExecutionResult to dbt/target/run_results.json
[0m02:22:48.147013 [info ] [MainThread]: 
[0m02:22:48.148651 [info ] [MainThread]: [32mCompleted successfully[0m
[0m02:22:48.150424 [info ] [MainThread]: 
[0m02:22:48.151530 [info ] [MainThread]: Done. PASS=27 WARN=0 ERROR=0 SKIP=0 NO-OP=0 REUSED=0 TOTAL=27
[0m02:22:48.154455 [debug] [MainThread]: Resource report: {"command_name": "build", "command_success": true, "command_wall_clock_time": 3.6577742, "process_in_blocks": "5728", "process_kernel_time": 0.299328, "process_mem_max_rss": "147960", "process_out_blocks": "2344", "process_user_time": 3.872568}
[0m02:22:48.155319 [debug] [MainThread]: Command `dbt build` succeeded at 02:22:48.155210 after 3.66 seconds
[0m02:22:48.156112 [debug] [MainThread]: Sending event: {'category': 'dbt', 'action': 'invocation', 'label': 'end', 'context': [<snowplow_tracker.self_describing_json.SelfDescribingJson object at 0x7f328814ce10>, <snowplow_tracker.self_describing_json.SelfDescribingJson object at 0x7f3288163e90>, <snowplow_tracker.self_describing_json.SelfDescribingJson object at 0x7f328810b4d0>]}
[0m02:22:48.157123 [debug] [MainThread]: Flushing usage events
[0m02:22:48.555263 [debug] [MainThread]: An error was encountered while trying to flush usage events
[0m03:07:52.234407 [debug] [MainThread]: Sending event: {'category': 'dbt', 'action': 'invocation', 'label': 'start', 'context': [<snowplow_tracker.self_describing_json.SelfDescribingJson object at 0x7f7913ff7610>, <snowplow_tracker.self_describing_json.SelfDescribingJson object at 0x7f79142a8f50>, <snowplow_tracker.self_describing_json.SelfDescribingJson object at 0x7f7914077b10>]}


============================== 03:07:52.241122 | 60f854cf-5333-407b-a4c6-3400e3558c87 ==============================
[0m03:07:52.241122 [info ] [MainThread]: Running with dbt=1.12.4
[0m03:07:52.243202 [debug] [MainThread]: running dbt with arguments {'warn_error': 'None', 'warn_error_options': 'WarnErrorOptionsV2(error=[], warn=[], silence=[])', 'write_json': 'True', 'profiles_dir': 'dbt', 'use_experimental_parser': 'False', 'no_print': 'None', 'target_path': 'None', 'send_anonymous_usage_stats': 'True', 'introspect': 'True', 'indirect_selection': 'eager', 'partial_parse': 'True', 'fail_fast': 'False', 'static_parser': 'True', 'debug': 'False', 'cache_selected_only': 'False', 'use_colors': 'True', 'printer_width': '80', 'maximum_seed_size_mib': '1', 'log_path': 'dbt/logs', 'empty': 'False', 'invocation_command': 'dbt build --project-dir dbt --profiles-dir dbt', 'hints_enabled': 'True', 'log_cache_events': 'False', 'quiet': 'False', 'version_check': 'True', 'log_format': 'default'}
[0m03:07:52.439457 [debug] [MainThread]: Sending event: {'category': 'dbt', 'action': 'project_id', 'label': '60f854cf-5333-407b-a4c6-3400e3558c87', 'context': [<snowplow_tracker.self_describing_json.SelfDescribingJson object at 0x7f7914095e50>]}
[0m03:07:52.544920 [debug] [MainThread]: Sending event: {'category': 'dbt', 'action': 'adapter_info', 'label': '60f854cf-5333-407b-a4c6-3400e3558c87', 'context': [<snowplow_tracker.self_describing_json.SelfDescribingJson object at 0x7f7917305d90>]}
[0m03:07:52.553939 [info ] [MainThread]: Registered adapter: postgres=1.11.0
[0m03:07:52.623118 [debug] [MainThread]: checksum: d0ae13726430808d53368a611dcc448868af2e91ec7c8fa7fbc4e3d001aaea19, vars: {}, profile: cryptopulse, target: dev, version: 1.12.4
[0m03:07:52.903167 [debug] [MainThread]: Partial parsing enabled: 0 files deleted, 0 files added, 0 files changed.
[0m03:07:52.904093 [debug] [MainThread]: Nothing changed, skipping partial parsing.
[0m03:07:52.904813 [debug] [MainThread]: Partial parsing enabled, no changes found, skipping parsing
[0m03:07:52.914802 [debug] [MainThread]: Sending event: {'category': 'dbt', 'action': 'load_project', 'label': '60f854cf-5333-407b-a4c6-3400e3558c87', 'context': [<snowplow_tracker.self_describing_json.SelfDescribingJson object at 0x7f7912374110>]}
[0m03:07:53.067299 [debug] [MainThread]: Wrote artifact WritableManifest to dbt/target/manifest.json
[0m03:07:53.073746 [debug] [MainThread]: Wrote artifact SemanticManifest to dbt/target/semantic_manifest.json
[0m03:07:53.093098 [debug] [MainThread]: Wrote artifact OsiDocument to dbt/target/osi_document.json
[0m03:07:53.131110 [debug] [MainThread]: Sending event: {'category': 'dbt', 'action': 'resource_counts', 'label': '60f854cf-5333-407b-a4c6-3400e3558c87', 'context': [<snowplow_tracker.self_describing_json.SelfDescribingJson object at 0x7f7912f087d0>]}
[0m03:07:53.132607 [info ] [MainThread]: Found 7 models, 20 data tests, 1 source, 478 macros
[0m03:07:53.137366 [info ] [MainThread]: 
[0m03:07:53.143633 [info ] [MainThread]: Concurrency: 4 threads (target='dev')
[0m03:07:53.147192 [info ] [MainThread]: 
[0m03:07:53.149719 [debug] [MainThread]: Acquiring new postgres connection 'master'
[0m03:07:53.159628 [debug] [ThreadPool]: Acquiring new postgres connection 'list_cryptopulse'
[0m03:07:53.160345 [debug] [ThreadPool]: Acquiring new postgres connection 'list_cryptopulse'
[0m03:07:53.165418 [debug] [ThreadPool]: Acquiring new postgres connection 'list_cryptopulse'
[0m03:07:53.224472 [debug] [ThreadPool]: Using postgres connection "list_cryptopulse"
[0m03:07:53.224887 [debug] [ThreadPool]: Using postgres connection "list_cryptopulse"
[0m03:07:53.225280 [debug] [ThreadPool]: Using postgres connection "list_cryptopulse"
[0m03:07:53.226109 [debug] [ThreadPool]: On list_cryptopulse: /* {"app": "dbt", "dbt_version": "1.12.4", "profile_name": "cryptopulse", "target_name": "dev", "connection_name": "list_cryptopulse"} */

    select distinct nspname from pg_namespace
  
[0m03:07:53.227456 [debug] [ThreadPool]: On list_cryptopulse: /* {"app": "dbt", "dbt_version": "1.12.4", "profile_name": "cryptopulse", "target_name": "dev", "connection_name": "list_cryptopulse"} */

    select distinct nspname from pg_namespace
  
[0m03:07:53.228293 [debug] [ThreadPool]: On list_cryptopulse: /* {"app": "dbt", "dbt_version": "1.12.4", "profile_name": "cryptopulse", "target_name": "dev", "connection_name": "list_cryptopulse"} */

    select distinct nspname from pg_namespace
  
[0m03:07:53.229556 [debug] [ThreadPool]: Opening a new connection, currently in state init
[0m03:07:53.230358 [debug] [ThreadPool]: Opening a new connection, currently in state init
[0m03:07:53.231146 [debug] [ThreadPool]: Opening a new connection, currently in state init
[0m03:07:53.252684 [debug] [ThreadPool]: SQL status: SELECT 8 in 0.021 seconds
[0m03:07:53.253125 [debug] [ThreadPool]: SQL status: SELECT 8 in 0.023 seconds
[0m03:07:53.253489 [debug] [ThreadPool]: SQL status: SELECT 8 in 0.024 seconds
[0m03:07:53.255059 [debug] [ThreadPool]: On list_cryptopulse: Close
[0m03:07:53.256575 [debug] [ThreadPool]: On list_cryptopulse: Close
[0m03:07:53.257941 [debug] [ThreadPool]: On list_cryptopulse: Close
[0m03:07:53.261842 [debug] [ThreadPool]: Re-using an available connection from the pool (formerly list_cryptopulse, now list_cryptopulse_analytics_intermediate)
[0m03:07:53.262472 [debug] [ThreadPool]: Re-using an available connection from the pool (formerly list_cryptopulse, now list_cryptopulse_analytics_staging)
[0m03:07:53.263027 [debug] [ThreadPool]: Re-using an available connection from the pool (formerly list_cryptopulse, now list_cryptopulse_analytics_analytics)
[0m03:07:53.268245 [debug] [ThreadPool]: Using postgres connection "list_cryptopulse_analytics_intermediate"
[0m03:07:53.270036 [debug] [ThreadPool]: Using postgres connection "list_cryptopulse_analytics_staging"
[0m03:07:53.271586 [debug] [ThreadPool]: Using postgres connection "list_cryptopulse_analytics_analytics"
[0m03:07:53.274170 [debug] [ThreadPool]: On list_cryptopulse_analytics_intermediate: /* {"app": "dbt", "dbt_version": "1.12.4", "profile_name": "cryptopulse", "target_name": "dev", "connection_name": "list_cryptopulse_analytics_intermediate"} */
select
      'cryptopulse' as database,
      tablename as name,
      schemaname as schema,
      'table' as type
    from pg_tables
    where schemaname ilike 'analytics_intermediate'
    union all
    select
      'cryptopulse' as database,
      viewname as name,
      schemaname as schema,
      'view' as type
    from pg_views
    where schemaname ilike 'analytics_intermediate'
    union all
    select
      'cryptopulse' as database,
      matviewname as name,
      schemaname as schema,
      'materialized_view' as type
    from pg_matviews
    where schemaname ilike 'analytics_intermediate'
    union all
    select distinct
     'cryptopulse' as database,
     proname as name,
     ns.nspname as schema,
     'function' as type
    from pg_proc
     join pg_namespace as ns on pronamespace = ns.oid
    where ns.nspname ilike 'analytics_intermediate'
  
[0m03:07:53.274984 [debug] [ThreadPool]: On list_cryptopulse_analytics_staging: /* {"app": "dbt", "dbt_version": "1.12.4", "profile_name": "cryptopulse", "target_name": "dev", "connection_name": "list_cryptopulse_analytics_staging"} */
select
      'cryptopulse' as database,
      tablename as name,
      schemaname as schema,
      'table' as type
    from pg_tables
    where schemaname ilike 'analytics_staging'
    union all
    select
      'cryptopulse' as database,
      viewname as name,
      schemaname as schema,
      'view' as type
    from pg_views
    where schemaname ilike 'analytics_staging'
    union all
    select
      'cryptopulse' as database,
      matviewname as name,
      schemaname as schema,
      'materialized_view' as type
    from pg_matviews
    where schemaname ilike 'analytics_staging'
    union all
    select distinct
     'cryptopulse' as database,
     proname as name,
     ns.nspname as schema,
     'function' as type
    from pg_proc
     join pg_namespace as ns on pronamespace = ns.oid
    where ns.nspname ilike 'analytics_staging'
  
[0m03:07:53.275777 [debug] [ThreadPool]: On list_cryptopulse_analytics_analytics: /* {"app": "dbt", "dbt_version": "1.12.4", "profile_name": "cryptopulse", "target_name": "dev", "connection_name": "list_cryptopulse_analytics_analytics"} */
select
      'cryptopulse' as database,
      tablename as name,
      schemaname as schema,
      'table' as type
    from pg_tables
    where schemaname ilike 'analytics_analytics'
    union all
    select
      'cryptopulse' as database,
      viewname as name,
      schemaname as schema,
      'view' as type
    from pg_views
    where schemaname ilike 'analytics_analytics'
    union all
    select
      'cryptopulse' as database,
      matviewname as name,
      schemaname as schema,
      'materialized_view' as type
    from pg_matviews
    where schemaname ilike 'analytics_analytics'
    union all
    select distinct
     'cryptopulse' as database,
     proname as name,
     ns.nspname as schema,
     'function' as type
    from pg_proc
     join pg_namespace as ns on pronamespace = ns.oid
    where ns.nspname ilike 'analytics_analytics'
  
[0m03:07:53.276652 [debug] [ThreadPool]: Opening a new connection, currently in state closed
[0m03:07:53.277371 [debug] [ThreadPool]: Opening a new connection, currently in state closed
[0m03:07:53.278109 [debug] [ThreadPool]: Opening a new connection, currently in state closed
[0m03:07:53.299607 [debug] [ThreadPool]: SQL status: SELECT 1 in 0.023 seconds
[0m03:07:53.300042 [debug] [ThreadPool]: SQL status: SELECT 1 in 0.023 seconds
[0m03:07:53.300465 [debug] [ThreadPool]: SQL status: SELECT 5 in 0.022 seconds
[0m03:07:53.301903 [debug] [ThreadPool]: On list_cryptopulse_analytics_intermediate: ROLLBACK
[0m03:07:53.304085 [debug] [ThreadPool]: On list_cryptopulse_analytics_staging: ROLLBACK
[0m03:07:53.305530 [debug] [ThreadPool]: On list_cryptopulse_analytics_analytics: ROLLBACK
[0m03:07:53.306575 [debug] [ThreadPool]: On list_cryptopulse_analytics_intermediate: Close
[0m03:07:53.307389 [debug] [ThreadPool]: On list_cryptopulse_analytics_staging: Close
[0m03:07:53.308121 [debug] [ThreadPool]: On list_cryptopulse_analytics_analytics: Close
[0m03:07:53.314963 [debug] [MainThread]: Using postgres connection "master"
[0m03:07:53.315653 [debug] [MainThread]: On master: /* {"app": "dbt", "dbt_version": "1.12.4", "profile_name": "cryptopulse", "target_name": "dev", "connection_name": "master"} */
select distinct
        dependent_namespace.nspname as dependent_schema,
        dependent_class.relname as dependent_name,
        referenced_namespace.nspname as referenced_schema,
        referenced_class.relname as referenced_name

    -- Query for views: views are entries in pg_class with an entry in pg_rewrite, but we avoid
    -- a seq scan on pg_rewrite by leveraging the fact there is an "internal" row in pg_depend for
    -- the view...
    from pg_class as dependent_class
    join pg_namespace as dependent_namespace on dependent_namespace.oid = dependent_class.relnamespace
    join pg_depend as dependent_depend on dependent_depend.refobjid = dependent_class.oid
        and dependent_depend.classid = 'pg_rewrite'::regclass
        and dependent_depend.refclassid = 'pg_class'::regclass
        and dependent_depend.deptype = 'i'

    -- ... and via pg_depend (that has a row per column, hence the need for "distinct" above, and
    -- making sure to exclude the internal row to avoid a view appearing to depend on itself)...
    join pg_depend as joining_depend on joining_depend.objid = dependent_depend.objid
        and joining_depend.classid = 'pg_rewrite'::regclass
        and joining_depend.refclassid = 'pg_class'::regclass
        and joining_depend.refobjid != dependent_depend.refobjid

    -- ... we can find the tables they query from in pg_class, but excluding system tables. Note we
    -- don't need need to exclude _dependent_ system tables, because they only query from other
    -- system tables, and so are automatically excluded by excluding _referenced_ system tables
    join pg_class as referenced_class on referenced_class.oid = joining_depend.refobjid
    join pg_namespace as referenced_namespace on referenced_namespace.oid = referenced_class.relnamespace
        and referenced_namespace.nspname != 'information_schema'
        and referenced_namespace.nspname not like 'pg\_%'

    order by
        dependent_schema, dependent_name, referenced_schema, referenced_name;
[0m03:07:53.316336 [debug] [MainThread]: Opening a new connection, currently in state init
[0m03:07:53.329886 [debug] [MainThread]: SQL status: SELECT 2 in 0.014 seconds
[0m03:07:53.331939 [debug] [MainThread]: Sending event: {'category': 'dbt', 'action': 'runnable_timing', 'label': '60f854cf-5333-407b-a4c6-3400e3558c87', 'context': [<snowplow_tracker.self_describing_json.SelfDescribingJson object at 0x7f791405ab10>]}
[0m03:07:53.332788 [debug] [MainThread]: On master: ROLLBACK
[0m03:07:53.333603 [debug] [MainThread]: On master: COMMIT
[0m03:07:53.334765 [debug] [MainThread]: Using postgres connection "master"
[0m03:07:53.335659 [debug] [MainThread]: On master: COMMIT
[0m03:07:53.336700 [debug] [MainThread]: SQL status: COMMIT in 0.000 seconds
[0m03:07:53.337556 [debug] [MainThread]: On master: Close
[0m03:07:53.342992 [debug] [Thread-1 (]: Began running node test.cryptopulse.source_accepted_values_raw_market_bars_interval__1_minute__5_minutes__15_minutes__1_hour.c593af3e17
[0m03:07:53.343414 [debug] [Thread-2 (]: Began running node test.cryptopulse.source_not_null_raw_market_bars_bar_start.94c088dadc
[0m03:07:53.343757 [debug] [Thread-3 (]: Began running node test.cryptopulse.source_not_null_raw_market_bars_interval.d6fc8f0666
[0m03:07:53.344159 [debug] [Thread-4 (]: Began running node test.cryptopulse.source_not_null_raw_market_bars_provider.d07d64066e
[0m03:07:53.344690 [info ] [Thread-1 (]: 1 of 27 START test source_accepted_values_raw_market_bars_interval__1_minute__5_minutes__15_minutes__1_hour  [RUN]
[0m03:07:53.345570 [info ] [Thread-2 (]: 2 of 27 START test source_not_null_raw_market_bars_bar_start ................... [RUN]
[0m03:07:53.346800 [info ] [Thread-3 (]: 3 of 27 START test source_not_null_raw_market_bars_interval .................... [RUN]
[0m03:07:53.348707 [info ] [Thread-4 (]: 4 of 27 START test source_not_null_raw_market_bars_provider .................... [RUN]
[0m03:07:53.350116 [debug] [Thread-1 (]: Re-using an available connection from the pool (formerly list_cryptopulse_analytics_analytics, now test.cryptopulse.source_accepted_values_raw_market_bars_interval__1_minute__5_minutes__15_minutes__1_hour.c593af3e17)
[0m03:07:53.351212 [debug] [Thread-2 (]: Re-using an available connection from the pool (formerly list_cryptopulse_analytics_staging, now test.cryptopulse.source_not_null_raw_market_bars_bar_start.94c088dadc)
[0m03:07:53.352107 [debug] [Thread-3 (]: Re-using an available connection from the pool (formerly list_cryptopulse_analytics_intermediate, now test.cryptopulse.source_not_null_raw_market_bars_interval.d6fc8f0666)
[0m03:07:53.353360 [debug] [Thread-4 (]: Acquiring new postgres connection 'test.cryptopulse.source_not_null_raw_market_bars_provider.d07d64066e'
[0m03:07:53.354231 [debug] [Thread-1 (]: Began compiling node test.cryptopulse.source_accepted_values_raw_market_bars_interval__1_minute__5_minutes__15_minutes__1_hour.c593af3e17
[0m03:07:53.355121 [debug] [Thread-2 (]: Began compiling node test.cryptopulse.source_not_null_raw_market_bars_bar_start.94c088dadc
[0m03:07:53.356000 [debug] [Thread-3 (]: Began compiling node test.cryptopulse.source_not_null_raw_market_bars_interval.d6fc8f0666
[0m03:07:53.356823 [debug] [Thread-4 (]: Began compiling node test.cryptopulse.source_not_null_raw_market_bars_provider.d07d64066e
[0m03:07:53.394938 [debug] [Thread-1 (]: Writing injected SQL for node "test.cryptopulse.source_accepted_values_raw_market_bars_interval__1_minute__5_minutes__15_minutes__1_hour.c593af3e17"
[0m03:07:53.400613 [debug] [Thread-2 (]: Writing injected SQL for node "test.cryptopulse.source_not_null_raw_market_bars_bar_start.94c088dadc"
[0m03:07:53.407297 [debug] [Thread-3 (]: Writing injected SQL for node "test.cryptopulse.source_not_null_raw_market_bars_interval.d6fc8f0666"
[0m03:07:53.413556 [debug] [Thread-4 (]: Writing injected SQL for node "test.cryptopulse.source_not_null_raw_market_bars_provider.d07d64066e"
[0m03:07:53.419188 [debug] [Thread-1 (]: Began executing node test.cryptopulse.source_accepted_values_raw_market_bars_interval__1_minute__5_minutes__15_minutes__1_hour.c593af3e17
[0m03:07:53.419734 [debug] [Thread-3 (]: Began executing node test.cryptopulse.source_not_null_raw_market_bars_interval.d6fc8f0666
[0m03:07:53.421604 [debug] [Thread-2 (]: Began executing node test.cryptopulse.source_not_null_raw_market_bars_bar_start.94c088dadc
[0m03:07:53.434946 [debug] [Thread-4 (]: Began executing node test.cryptopulse.source_not_null_raw_market_bars_provider.d07d64066e
[0m03:07:53.440269 [debug] [Thread-1 (]: Writing runtime sql for node "test.cryptopulse.source_accepted_values_raw_market_bars_interval__1_minute__5_minutes__15_minutes__1_hour.c593af3e17"
[0m03:07:53.442155 [debug] [Thread-3 (]: Writing runtime sql for node "test.cryptopulse.source_not_null_raw_market_bars_interval.d6fc8f0666"
[0m03:07:53.444339 [debug] [Thread-2 (]: Writing runtime sql for node "test.cryptopulse.source_not_null_raw_market_bars_bar_start.94c088dadc"
[0m03:07:53.446117 [debug] [Thread-4 (]: Writing runtime sql for node "test.cryptopulse.source_not_null_raw_market_bars_provider.d07d64066e"
[0m03:07:53.450888 [debug] [Thread-1 (]: Using postgres connection "test.cryptopulse.source_accepted_values_raw_market_bars_interval__1_minute__5_minutes__15_minutes__1_hour.c593af3e17"
[0m03:07:53.451999 [debug] [Thread-2 (]: Using postgres connection "test.cryptopulse.source_not_null_raw_market_bars_bar_start.94c088dadc"
[0m03:07:53.453313 [debug] [Thread-1 (]: On test.cryptopulse.source_accepted_values_raw_market_bars_interval__1_minute__5_minutes__15_minutes__1_hour.c593af3e17: /* {"app": "dbt", "dbt_version": "1.12.4", "profile_name": "cryptopulse", "target_name": "dev", "node_id": "test.cryptopulse.source_accepted_values_raw_market_bars_interval__1_minute__5_minutes__15_minutes__1_hour.c593af3e17"} */

    
    select
      count(*) as failures,
      count(*) != 0 as should_warn,
      count(*) != 0 as should_error
    from (
      
    
  
    
    

with all_values as (

    select
        interval as value_field,
        count(*) as n_records

    from "cryptopulse"."raw"."market_bars"
    group by interval

)

select *
from all_values
where value_field not in (
    '1 minute','5 minutes','15 minutes','1 hour'
)



  
  
      
    ) dbt_internal_test
[0m03:07:53.454705 [debug] [Thread-3 (]: Using postgres connection "test.cryptopulse.source_not_null_raw_market_bars_interval.d6fc8f0666"
[0m03:07:53.455387 [debug] [Thread-4 (]: Using postgres connection "test.cryptopulse.source_not_null_raw_market_bars_provider.d07d64066e"
[0m03:07:53.456497 [debug] [Thread-2 (]: On test.cryptopulse.source_not_null_raw_market_bars_bar_start.94c088dadc: /* {"app": "dbt", "dbt_version": "1.12.4", "profile_name": "cryptopulse", "target_name": "dev", "node_id": "test.cryptopulse.source_not_null_raw_market_bars_bar_start.94c088dadc"} */

    
    select
      count(*) as failures,
      count(*) != 0 as should_warn,
      count(*) != 0 as should_error
    from (
      
    
  
    
    



select bar_start
from "cryptopulse"."raw"."market_bars"
where bar_start is null



  
  
      
    ) dbt_internal_test
[0m03:07:53.457278 [debug] [Thread-1 (]: Opening a new connection, currently in state closed
[0m03:07:53.460086 [debug] [Thread-3 (]: On test.cryptopulse.source_not_null_raw_market_bars_interval.d6fc8f0666: /* {"app": "dbt", "dbt_version": "1.12.4", "profile_name": "cryptopulse", "target_name": "dev", "node_id": "test.cryptopulse.source_not_null_raw_market_bars_interval.d6fc8f0666"} */

    
    select
      count(*) as failures,
      count(*) != 0 as should_warn,
      count(*) != 0 as should_error
    from (
      
    
  
    
    



select interval
from "cryptopulse"."raw"."market_bars"
where interval is null



  
  
      
    ) dbt_internal_test
[0m03:07:53.461819 [debug] [Thread-4 (]: On test.cryptopulse.source_not_null_raw_market_bars_provider.d07d64066e: /* {"app": "dbt", "dbt_version": "1.12.4", "profile_name": "cryptopulse", "target_name": "dev", "node_id": "test.cryptopulse.source_not_null_raw_market_bars_provider.d07d64066e"} */

    
    select
      count(*) as failures,
      count(*) != 0 as should_warn,
      count(*) != 0 as should_error
    from (
      
    
  
    
    



select provider
from "cryptopulse"."raw"."market_bars"
where provider is null



  
  
      
    ) dbt_internal_test
[0m03:07:53.462504 [debug] [Thread-2 (]: Opening a new connection, currently in state closed
[0m03:07:53.464149 [debug] [Thread-3 (]: Opening a new connection, currently in state closed
[0m03:07:53.464894 [debug] [Thread-4 (]: Opening a new connection, currently in state init
[0m03:07:53.471873 [debug] [Thread-1 (]: SQL status: SELECT 1 in 0.015 seconds
[0m03:07:53.472706 [debug] [Thread-2 (]: SQL status: SELECT 1 in 0.010 seconds
[0m03:07:53.477373 [debug] [Thread-1 (]: On test.cryptopulse.source_accepted_values_raw_market_bars_interval__1_minute__5_minutes__15_minutes__1_hour.c593af3e17: ROLLBACK
[0m03:07:53.477833 [debug] [Thread-3 (]: SQL status: SELECT 1 in 0.014 seconds
[0m03:07:53.479978 [debug] [Thread-2 (]: On test.cryptopulse.source_not_null_raw_market_bars_bar_start.94c088dadc: ROLLBACK
[0m03:07:53.480325 [debug] [Thread-4 (]: SQL status: SELECT 1 in 0.015 seconds
[0m03:07:53.481192 [debug] [Thread-1 (]: On test.cryptopulse.source_accepted_values_raw_market_bars_interval__1_minute__5_minutes__15_minutes__1_hour.c593af3e17: Close
[0m03:07:53.483008 [debug] [Thread-3 (]: On test.cryptopulse.source_not_null_raw_market_bars_interval.d6fc8f0666: ROLLBACK
[0m03:07:53.483945 [debug] [Thread-2 (]: On test.cryptopulse.source_not_null_raw_market_bars_bar_start.94c088dadc: Close
[0m03:07:53.485362 [debug] [Thread-4 (]: On test.cryptopulse.source_not_null_raw_market_bars_provider.d07d64066e: ROLLBACK
[0m03:07:53.486488 [info ] [Thread-1 (]: 1 of 27 PASS source_accepted_values_raw_market_bars_interval__1_minute__5_minutes__15_minutes__1_hour  [[32mPASS[0m in 0.14s]
[0m03:07:53.487338 [debug] [Thread-3 (]: On test.cryptopulse.source_not_null_raw_market_bars_interval.d6fc8f0666: Close
[0m03:07:53.488346 [info ] [Thread-2 (]: 2 of 27 PASS source_not_null_raw_market_bars_bar_start ......................... [[32mPASS[0m in 0.14s]
[0m03:07:53.489326 [debug] [Thread-4 (]: On test.cryptopulse.source_not_null_raw_market_bars_provider.d07d64066e: Close
[0m03:07:53.490197 [debug] [Thread-1 (]: Finished running node test.cryptopulse.source_accepted_values_raw_market_bars_interval__1_minute__5_minutes__15_minutes__1_hour.c593af3e17
[0m03:07:53.491180 [info ] [Thread-3 (]: 3 of 27 PASS source_not_null_raw_market_bars_interval .......................... [[32mPASS[0m in 0.14s]
[0m03:07:53.492280 [debug] [Thread-2 (]: Finished running node test.cryptopulse.source_not_null_raw_market_bars_bar_start.94c088dadc
[0m03:07:53.493480 [info ] [Thread-4 (]: 4 of 27 PASS source_not_null_raw_market_bars_provider .......................... [[32mPASS[0m in 0.14s]
[0m03:07:53.496355 [debug] [Thread-1 (]: Began running node test.cryptopulse.source_not_null_raw_market_bars_symbol.8105414bc0
[0m03:07:53.497473 [debug] [Thread-3 (]: Finished running node test.cryptopulse.source_not_null_raw_market_bars_interval.d6fc8f0666
[0m03:07:53.499111 [debug] [Thread-4 (]: Finished running node test.cryptopulse.source_not_null_raw_market_bars_provider.d07d64066e
[0m03:07:53.500035 [info ] [Thread-1 (]: 5 of 27 START test source_not_null_raw_market_bars_symbol ...................... [RUN]
[0m03:07:53.503066 [debug] [Thread-1 (]: Re-using an available connection from the pool (formerly test.cryptopulse.source_accepted_values_raw_market_bars_interval__1_minute__5_minutes__15_minutes__1_hour.c593af3e17, now test.cryptopulse.source_not_null_raw_market_bars_symbol.8105414bc0)
[0m03:07:53.503983 [debug] [Thread-1 (]: Began compiling node test.cryptopulse.source_not_null_raw_market_bars_symbol.8105414bc0
[0m03:07:53.510898 [debug] [Thread-1 (]: Writing injected SQL for node "test.cryptopulse.source_not_null_raw_market_bars_symbol.8105414bc0"
[0m03:07:53.520698 [debug] [Thread-1 (]: Began executing node test.cryptopulse.source_not_null_raw_market_bars_symbol.8105414bc0
[0m03:07:53.523043 [debug] [Thread-1 (]: Writing runtime sql for node "test.cryptopulse.source_not_null_raw_market_bars_symbol.8105414bc0"
[0m03:07:53.529834 [debug] [Thread-1 (]: Using postgres connection "test.cryptopulse.source_not_null_raw_market_bars_symbol.8105414bc0"
[0m03:07:53.530556 [debug] [Thread-1 (]: On test.cryptopulse.source_not_null_raw_market_bars_symbol.8105414bc0: /* {"app": "dbt", "dbt_version": "1.12.4", "profile_name": "cryptopulse", "target_name": "dev", "node_id": "test.cryptopulse.source_not_null_raw_market_bars_symbol.8105414bc0"} */

    
    select
      count(*) as failures,
      count(*) != 0 as should_warn,
      count(*) != 0 as should_error
    from (
      
    
  
    
    



select symbol
from "cryptopulse"."raw"."market_bars"
where symbol is null



  
  
      
    ) dbt_internal_test
[0m03:07:53.531687 [debug] [Thread-1 (]: Opening a new connection, currently in state closed
[0m03:07:53.540035 [debug] [Thread-1 (]: SQL status: SELECT 1 in 0.008 seconds
[0m03:07:53.541763 [debug] [Thread-1 (]: On test.cryptopulse.source_not_null_raw_market_bars_symbol.8105414bc0: ROLLBACK
[0m03:07:53.542606 [debug] [Thread-1 (]: On test.cryptopulse.source_not_null_raw_market_bars_symbol.8105414bc0: Close
[0m03:07:53.543824 [info ] [Thread-1 (]: 5 of 27 PASS source_not_null_raw_market_bars_symbol ............................ [[32mPASS[0m in 0.04s]
[0m03:07:53.545042 [debug] [Thread-1 (]: Finished running node test.cryptopulse.source_not_null_raw_market_bars_symbol.8105414bc0
[0m03:07:53.547277 [debug] [Thread-2 (]: Began running node model.cryptopulse.stg_market_bars
[0m03:07:53.548217 [info ] [Thread-2 (]: 6 of 27 START sql view model analytics_staging.stg_market_bars ................. [RUN]
[0m03:07:53.549492 [debug] [Thread-2 (]: Re-using an available connection from the pool (formerly test.cryptopulse.source_not_null_raw_market_bars_bar_start.94c088dadc, now model.cryptopulse.stg_market_bars)
[0m03:07:53.550299 [debug] [Thread-2 (]: Began compiling node model.cryptopulse.stg_market_bars
[0m03:07:53.555547 [debug] [Thread-2 (]: Writing injected SQL for node "model.cryptopulse.stg_market_bars"
[0m03:07:53.562545 [debug] [Thread-2 (]: Began executing node model.cryptopulse.stg_market_bars
[0m03:07:53.593310 [debug] [Thread-2 (]: Writing runtime sql for node "model.cryptopulse.stg_market_bars"
[0m03:07:53.600677 [debug] [Thread-2 (]: Using postgres connection "model.cryptopulse.stg_market_bars"
[0m03:07:53.602084 [debug] [Thread-2 (]: On model.cryptopulse.stg_market_bars: /* {"app": "dbt", "dbt_version": "1.12.4", "profile_name": "cryptopulse", "target_name": "dev", "node_id": "model.cryptopulse.stg_market_bars"} */

  create view "cryptopulse"."analytics_staging"."stg_market_bars__dbt_tmp"
    
    
  as (
    with source as (
    select * from "cryptopulse"."raw"."market_bars"
)

select
    md5(concat_ws('||', coalesce(cast(provider as text), '_null_'), coalesce(cast(symbol as text), '_null_'), coalesce(cast(interval as text), '_null_'), coalesce(cast(bar_start as text), '_null_'))) as market_bar_key,
    provider,
    symbol,
    currency,
    interval,
    bar_start,
    bar_end,
    open::numeric(20, 8) as open,
    high::numeric(20, 8) as high,
    low::numeric(20, 8) as low,
    close::numeric(20, 8) as close,
    volume::numeric(28, 8) as volume,
    trade_count::bigint as trade_count,
    vwap::numeric(20, 8) as vwap,
    loaded_at
from source
  );
[0m03:07:53.603089 [debug] [Thread-2 (]: Opening a new connection, currently in state closed
[0m03:07:53.616910 [debug] [Thread-2 (]: SQL status: CREATE VIEW in 0.014 seconds
[0m03:07:53.626689 [debug] [Thread-2 (]: Using postgres connection "model.cryptopulse.stg_market_bars"
[0m03:07:53.627852 [debug] [Thread-2 (]: On model.cryptopulse.stg_market_bars: /* {"app": "dbt", "dbt_version": "1.12.4", "profile_name": "cryptopulse", "target_name": "dev", "node_id": "model.cryptopulse.stg_market_bars"} */
alter table "cryptopulse"."analytics_staging"."stg_market_bars" rename to "stg_market_bars__dbt_backup"
[0m03:07:53.629651 [debug] [Thread-2 (]: SQL status: ALTER TABLE in 0.001 seconds
[0m03:07:53.631810 [debug] [Thread-2 (]: Using postgres connection "model.cryptopulse.stg_market_bars"
[0m03:07:53.632578 [debug] [Thread-2 (]: On model.cryptopulse.stg_market_bars: /* {"app": "dbt", "dbt_version": "1.12.4", "profile_name": "cryptopulse", "target_name": "dev", "node_id": "model.cryptopulse.stg_market_bars"} */
alter table "cryptopulse"."analytics_staging"."stg_market_bars__dbt_tmp" rename to "stg_market_bars"
[0m03:07:53.633860 [debug] [Thread-2 (]: SQL status: ALTER TABLE in 0.001 seconds
[0m03:07:53.649760 [debug] [Thread-2 (]: On model.cryptopulse.stg_market_bars: COMMIT
[0m03:07:53.650656 [debug] [Thread-2 (]: Using postgres connection "model.cryptopulse.stg_market_bars"
[0m03:07:53.651428 [debug] [Thread-2 (]: On model.cryptopulse.stg_market_bars: COMMIT
[0m03:07:53.656717 [debug] [Thread-2 (]: SQL status: COMMIT in 0.003 seconds
[0m03:07:53.662188 [debug] [Thread-2 (]: Applying DROP to: "cryptopulse"."analytics_staging"."stg_market_bars__dbt_backup"
[0m03:07:53.667453 [debug] [Thread-2 (]: Using postgres connection "model.cryptopulse.stg_market_bars"
[0m03:07:53.669845 [debug] [Thread-2 (]: On model.cryptopulse.stg_market_bars: /* {"app": "dbt", "dbt_version": "1.12.4", "profile_name": "cryptopulse", "target_name": "dev", "node_id": "model.cryptopulse.stg_market_bars"} */
drop view if exists "cryptopulse"."analytics_staging"."stg_market_bars__dbt_backup" cascade
[0m03:07:53.679076 [debug] [Thread-2 (]: SQL status: DROP VIEW in 0.008 seconds
[0m03:07:53.680803 [debug] [Thread-2 (]: On model.cryptopulse.stg_market_bars: Close
[0m03:07:53.684101 [debug] [Thread-2 (]: Sending event: {'category': 'dbt', 'action': 'run_model', 'label': '60f854cf-5333-407b-a4c6-3400e3558c87', 'context': [<snowplow_tracker.self_describing_json.SelfDescribingJson object at 0x7f7910100590>]}
[0m03:07:53.685337 [info ] [Thread-2 (]: 6 of 27 OK created sql view model analytics_staging.stg_market_bars ............ [[32mCREATE VIEW[0m in 0.13s]
[0m03:07:53.687026 [debug] [Thread-2 (]: Finished running node model.cryptopulse.stg_market_bars
[0m03:07:53.688988 [debug] [Thread-4 (]: Began running node model.cryptopulse.dim_asset
[0m03:07:53.689331 [debug] [Thread-1 (]: Began running node model.cryptopulse.dim_date
[0m03:07:53.689664 [debug] [Thread-3 (]: Began running node model.cryptopulse.dim_provider
[0m03:07:53.689955 [debug] [Thread-2 (]: Began running node model.cryptopulse.int_market_returns
[0m03:07:53.690819 [info ] [Thread-4 (]: 7 of 27 START sql table model analytics_analytics.dim_asset .................... [RUN]
[0m03:07:53.692078 [info ] [Thread-1 (]: 8 of 27 START sql table model analytics_analytics.dim_date ..................... [RUN]
[0m03:07:53.693291 [info ] [Thread-3 (]: 9 of 27 START sql table model analytics_analytics.dim_provider ................. [RUN]
[0m03:07:53.694439 [info ] [Thread-2 (]: 10 of 27 START sql view model analytics_intermediate.int_market_returns ........ [RUN]
[0m03:07:53.695662 [debug] [Thread-4 (]: Re-using an available connection from the pool (formerly test.cryptopulse.source_not_null_raw_market_bars_provider.d07d64066e, now model.cryptopulse.dim_asset)
[0m03:07:53.696618 [debug] [Thread-1 (]: Re-using an available connection from the pool (formerly test.cryptopulse.source_not_null_raw_market_bars_symbol.8105414bc0, now model.cryptopulse.dim_date)
[0m03:07:53.697560 [debug] [Thread-3 (]: Re-using an available connection from the pool (formerly test.cryptopulse.source_not_null_raw_market_bars_interval.d6fc8f0666, now model.cryptopulse.dim_provider)
[0m03:07:53.698493 [debug] [Thread-2 (]: Re-using an available connection from the pool (formerly model.cryptopulse.stg_market_bars, now model.cryptopulse.int_market_returns)
[0m03:07:53.699134 [debug] [Thread-4 (]: Began compiling node model.cryptopulse.dim_asset
[0m03:07:53.700225 [debug] [Thread-1 (]: Began compiling node model.cryptopulse.dim_date
[0m03:07:53.700991 [debug] [Thread-3 (]: Began compiling node model.cryptopulse.dim_provider
[0m03:07:53.701771 [debug] [Thread-2 (]: Began compiling node model.cryptopulse.int_market_returns
[0m03:07:53.704340 [debug] [Thread-4 (]: Writing injected SQL for node "model.cryptopulse.dim_asset"
[0m03:07:53.706796 [debug] [Thread-1 (]: Writing injected SQL for node "model.cryptopulse.dim_date"
[0m03:07:53.709063 [debug] [Thread-3 (]: Writing injected SQL for node "model.cryptopulse.dim_provider"
[0m03:07:53.711140 [debug] [Thread-2 (]: Writing injected SQL for node "model.cryptopulse.int_market_returns"
[0m03:07:53.716311 [debug] [Thread-3 (]: Began executing node model.cryptopulse.dim_provider
[0m03:07:53.717542 [debug] [Thread-1 (]: Began executing node model.cryptopulse.dim_date
[0m03:07:53.725802 [debug] [Thread-4 (]: Began executing node model.cryptopulse.dim_asset
[0m03:07:53.726237 [debug] [Thread-2 (]: Began executing node model.cryptopulse.int_market_returns
[0m03:07:53.739875 [debug] [Thread-3 (]: Writing runtime sql for node "model.cryptopulse.dim_provider"
[0m03:07:53.743100 [debug] [Thread-1 (]: Writing runtime sql for node "model.cryptopulse.dim_date"
[0m03:07:53.745959 [debug] [Thread-4 (]: Writing runtime sql for node "model.cryptopulse.dim_asset"
[0m03:07:53.749331 [debug] [Thread-2 (]: Writing runtime sql for node "model.cryptopulse.int_market_returns"
[0m03:07:53.758203 [debug] [Thread-3 (]: Using postgres connection "model.cryptopulse.dim_provider"
[0m03:07:53.758674 [debug] [Thread-4 (]: Using postgres connection "model.cryptopulse.dim_asset"
[0m03:07:53.759668 [debug] [Thread-3 (]: On model.cryptopulse.dim_provider: /* {"app": "dbt", "dbt_version": "1.12.4", "profile_name": "cryptopulse", "target_name": "dev", "node_id": "model.cryptopulse.dim_provider"} */

  
    

  create  table "cryptopulse"."analytics_analytics"."dim_provider__dbt_tmp"
  
  
    as
  
  (
    select distinct
    md5(concat_ws('||', coalesce(cast(provider as text), '_null_'))) as provider_key,
    provider
from "cryptopulse"."analytics_staging"."stg_market_bars"
  );
  
[0m03:07:53.760933 [debug] [Thread-1 (]: Using postgres connection "model.cryptopulse.dim_date"
[0m03:07:53.762032 [debug] [Thread-4 (]: On model.cryptopulse.dim_asset: /* {"app": "dbt", "dbt_version": "1.12.4", "profile_name": "cryptopulse", "target_name": "dev", "node_id": "model.cryptopulse.dim_asset"} */

  
    

  create  table "cryptopulse"."analytics_analytics"."dim_asset__dbt_tmp"
  
  
    as
  
  (
    select distinct
    md5(concat_ws('||', coalesce(cast(symbol as text), '_null_'), coalesce(cast(currency as text), '_null_'))) as asset_key,
    symbol,
    currency,
    split_part(symbol, '-', 1) as asset_code
from "cryptopulse"."analytics_staging"."stg_market_bars"
  );
  
[0m03:07:53.762719 [debug] [Thread-2 (]: Using postgres connection "model.cryptopulse.int_market_returns"
[0m03:07:53.763532 [debug] [Thread-3 (]: Opening a new connection, currently in state closed
[0m03:07:53.764477 [debug] [Thread-1 (]: On model.cryptopulse.dim_date: /* {"app": "dbt", "dbt_version": "1.12.4", "profile_name": "cryptopulse", "target_name": "dev", "node_id": "model.cryptopulse.dim_date"} */

  
    

  create  table "cryptopulse"."analytics_analytics"."dim_date__dbt_tmp"
  
  
    as
  
  (
    select distinct
    bar_start::date as date_key,
    extract(isodow from bar_start)::integer as iso_day_of_week,
    extract(hour from bar_start)::integer as hour_of_day,
    extract(month from bar_start)::integer as month_number,
    extract(year from bar_start)::integer as year_number
from "cryptopulse"."analytics_staging"."stg_market_bars"
  );
  
[0m03:07:53.765238 [debug] [Thread-4 (]: Opening a new connection, currently in state closed
[0m03:07:53.766011 [debug] [Thread-2 (]: On model.cryptopulse.int_market_returns: /* {"app": "dbt", "dbt_version": "1.12.4", "profile_name": "cryptopulse", "target_name": "dev", "node_id": "model.cryptopulse.int_market_returns"} */

  create view "cryptopulse"."analytics_intermediate"."int_market_returns__dbt_tmp"
    
    
  as (
    with bars as (
    select * from "cryptopulse"."analytics_staging"."stg_market_bars"
), enriched as (
    select
        *,
        lag(close) over (
            partition by provider, symbol, interval
            order by bar_start
        ) as prior_close
    from bars
)

select
    *,
    case when prior_close > 0 then (close / prior_close) - 1 end as simple_return,
    case when prior_close > 0 then ln(close / prior_close) end as log_return
from enriched
  );
[0m03:07:53.768370 [debug] [Thread-1 (]: Opening a new connection, currently in state closed
[0m03:07:53.770293 [debug] [Thread-2 (]: Opening a new connection, currently in state closed
[0m03:07:53.783434 [debug] [Thread-1 (]: SQL status: SELECT 1 in 0.015 seconds
[0m03:07:53.789812 [debug] [Thread-1 (]: Using postgres connection "model.cryptopulse.dim_date"
[0m03:07:53.790235 [debug] [Thread-2 (]: SQL status: CREATE VIEW in 0.020 seconds
[0m03:07:53.790863 [debug] [Thread-3 (]: SQL status: SELECT 1 in 0.027 seconds
[0m03:07:53.791202 [debug] [Thread-1 (]: On model.cryptopulse.dim_date: /* {"app": "dbt", "dbt_version": "1.12.4", "profile_name": "cryptopulse", "target_name": "dev", "node_id": "model.cryptopulse.dim_date"} */
alter table "cryptopulse"."analytics_analytics"."dim_date" rename to "dim_date__dbt_backup"
[0m03:07:53.793534 [debug] [Thread-2 (]: Using postgres connection "model.cryptopulse.int_market_returns"
[0m03:07:53.796219 [debug] [Thread-3 (]: Using postgres connection "model.cryptopulse.dim_provider"
[0m03:07:53.796596 [debug] [Thread-4 (]: SQL status: SELECT 1 in 0.031 seconds
[0m03:07:53.797566 [debug] [Thread-1 (]: SQL status: ALTER TABLE in 0.000 seconds
[0m03:07:53.798087 [debug] [Thread-2 (]: On model.cryptopulse.int_market_returns: /* {"app": "dbt", "dbt_version": "1.12.4", "profile_name": "cryptopulse", "target_name": "dev", "node_id": "model.cryptopulse.int_market_returns"} */
alter table "cryptopulse"."analytics_intermediate"."int_market_returns__dbt_tmp" rename to "int_market_returns"
[0m03:07:53.799193 [debug] [Thread-3 (]: On model.cryptopulse.dim_provider: /* {"app": "dbt", "dbt_version": "1.12.4", "profile_name": "cryptopulse", "target_name": "dev", "node_id": "model.cryptopulse.dim_provider"} */
alter table "cryptopulse"."analytics_analytics"."dim_provider" rename to "dim_provider__dbt_backup"
[0m03:07:53.802123 [debug] [Thread-4 (]: Using postgres connection "model.cryptopulse.dim_asset"
[0m03:07:53.805503 [debug] [Thread-1 (]: Using postgres connection "model.cryptopulse.dim_date"
[0m03:07:53.807054 [debug] [Thread-2 (]: SQL status: ALTER TABLE in 0.001 seconds
[0m03:07:53.807444 [debug] [Thread-3 (]: SQL status: ALTER TABLE in 0.001 seconds
[0m03:07:53.808399 [debug] [Thread-4 (]: On model.cryptopulse.dim_asset: /* {"app": "dbt", "dbt_version": "1.12.4", "profile_name": "cryptopulse", "target_name": "dev", "node_id": "model.cryptopulse.dim_asset"} */
alter table "cryptopulse"."analytics_analytics"."dim_asset" rename to "dim_asset__dbt_backup"
[0m03:07:53.809239 [debug] [Thread-1 (]: On model.cryptopulse.dim_date: /* {"app": "dbt", "dbt_version": "1.12.4", "profile_name": "cryptopulse", "target_name": "dev", "node_id": "model.cryptopulse.dim_date"} */
alter table "cryptopulse"."analytics_analytics"."dim_date__dbt_tmp" rename to "dim_date"
[0m03:07:53.810800 [debug] [Thread-2 (]: On model.cryptopulse.int_market_returns: COMMIT
[0m03:07:53.813095 [debug] [Thread-3 (]: Using postgres connection "model.cryptopulse.dim_provider"
[0m03:07:53.814200 [debug] [Thread-4 (]: SQL status: ALTER TABLE in 0.000 seconds
[0m03:07:53.815167 [debug] [Thread-1 (]: SQL status: ALTER TABLE in 0.000 seconds
[0m03:07:53.815496 [debug] [Thread-2 (]: Using postgres connection "model.cryptopulse.int_market_returns"
[0m03:07:53.816262 [debug] [Thread-3 (]: On model.cryptopulse.dim_provider: /* {"app": "dbt", "dbt_version": "1.12.4", "profile_name": "cryptopulse", "target_name": "dev", "node_id": "model.cryptopulse.dim_provider"} */
alter table "cryptopulse"."analytics_analytics"."dim_provider__dbt_tmp" rename to "dim_provider"
[0m03:07:53.818359 [debug] [Thread-4 (]: Using postgres connection "model.cryptopulse.dim_asset"
[0m03:07:53.820060 [debug] [Thread-1 (]: On model.cryptopulse.dim_date: COMMIT
[0m03:07:53.820830 [debug] [Thread-2 (]: On model.cryptopulse.int_market_returns: COMMIT
[0m03:07:53.821866 [debug] [Thread-3 (]: SQL status: ALTER TABLE in 0.000 seconds
[0m03:07:53.823762 [debug] [Thread-4 (]: On model.cryptopulse.dim_asset: /* {"app": "dbt", "dbt_version": "1.12.4", "profile_name": "cryptopulse", "target_name": "dev", "node_id": "model.cryptopulse.dim_asset"} */
alter table "cryptopulse"."analytics_analytics"."dim_asset__dbt_tmp" rename to "dim_asset"
[0m03:07:53.824504 [debug] [Thread-1 (]: Using postgres connection "model.cryptopulse.dim_date"
[0m03:07:53.827174 [debug] [Thread-3 (]: On model.cryptopulse.dim_provider: COMMIT
[0m03:07:53.828246 [debug] [Thread-4 (]: SQL status: ALTER TABLE in 0.000 seconds
[0m03:07:53.828877 [debug] [Thread-1 (]: On model.cryptopulse.dim_date: COMMIT
[0m03:07:53.830219 [debug] [Thread-3 (]: Using postgres connection "model.cryptopulse.dim_provider"
[0m03:07:53.831873 [debug] [Thread-4 (]: On model.cryptopulse.dim_asset: COMMIT
[0m03:07:53.832341 [debug] [Thread-2 (]: SQL status: COMMIT in 0.007 seconds
[0m03:07:53.833679 [debug] [Thread-3 (]: On model.cryptopulse.dim_provider: COMMIT
[0m03:07:53.834469 [debug] [Thread-4 (]: Using postgres connection "model.cryptopulse.dim_asset"
[0m03:07:53.836214 [debug] [Thread-2 (]: Applying DROP to: "cryptopulse"."analytics_intermediate"."int_market_returns__dbt_backup"
[0m03:07:53.836532 [debug] [Thread-1 (]: SQL status: COMMIT in 0.003 seconds
[0m03:07:53.837693 [debug] [Thread-4 (]: On model.cryptopulse.dim_asset: COMMIT
[0m03:07:53.838668 [debug] [Thread-2 (]: Using postgres connection "model.cryptopulse.int_market_returns"
[0m03:07:53.840474 [debug] [Thread-1 (]: Applying DROP to: "cryptopulse"."analytics_analytics"."dim_date__dbt_backup"
[0m03:07:53.840812 [debug] [Thread-3 (]: SQL status: COMMIT in 0.004 seconds
[0m03:07:53.841918 [debug] [Thread-2 (]: On model.cryptopulse.int_market_returns: /* {"app": "dbt", "dbt_version": "1.12.4", "profile_name": "cryptopulse", "target_name": "dev", "node_id": "model.cryptopulse.int_market_returns"} */
drop view if exists "cryptopulse"."analytics_intermediate"."int_market_returns__dbt_backup" cascade
[0m03:07:53.845345 [debug] [Thread-1 (]: Using postgres connection "model.cryptopulse.dim_date"
[0m03:07:53.845677 [debug] [Thread-4 (]: SQL status: COMMIT in 0.004 seconds
[0m03:07:53.848423 [debug] [Thread-3 (]: Applying DROP to: "cryptopulse"."analytics_analytics"."dim_provider__dbt_backup"
[0m03:07:53.849627 [debug] [Thread-2 (]: SQL status: DROP VIEW in 0.000 seconds
[0m03:07:53.850095 [debug] [Thread-1 (]: On model.cryptopulse.dim_date: /* {"app": "dbt", "dbt_version": "1.12.4", "profile_name": "cryptopulse", "target_name": "dev", "node_id": "model.cryptopulse.dim_date"} */
drop table if exists "cryptopulse"."analytics_analytics"."dim_date__dbt_backup" cascade
[0m03:07:53.851768 [debug] [Thread-4 (]: Applying DROP to: "cryptopulse"."analytics_analytics"."dim_asset__dbt_backup"
[0m03:07:53.854508 [debug] [Thread-3 (]: Using postgres connection "model.cryptopulse.dim_provider"
[0m03:07:53.857692 [debug] [Thread-2 (]: On model.cryptopulse.int_market_returns: Close
[0m03:07:53.861406 [debug] [Thread-4 (]: Using postgres connection "model.cryptopulse.dim_asset"
[0m03:07:53.863808 [debug] [Thread-3 (]: On model.cryptopulse.dim_provider: /* {"app": "dbt", "dbt_version": "1.12.4", "profile_name": "cryptopulse", "target_name": "dev", "node_id": "model.cryptopulse.dim_provider"} */
drop table if exists "cryptopulse"."analytics_analytics"."dim_provider__dbt_backup" cascade
[0m03:07:53.865853 [debug] [Thread-2 (]: Sending event: {'category': 'dbt', 'action': 'run_model', 'label': '60f854cf-5333-407b-a4c6-3400e3558c87', 'context': [<snowplow_tracker.self_describing_json.SelfDescribingJson object at 0x7f790977a090>]}
[0m03:07:53.867867 [debug] [Thread-1 (]: SQL status: DROP TABLE in 0.008 seconds
[0m03:07:53.870236 [debug] [Thread-4 (]: On model.cryptopulse.dim_asset: /* {"app": "dbt", "dbt_version": "1.12.4", "profile_name": "cryptopulse", "target_name": "dev", "node_id": "model.cryptopulse.dim_asset"} */
drop table if exists "cryptopulse"."analytics_analytics"."dim_asset__dbt_backup" cascade
[0m03:07:53.873692 [info ] [Thread-2 (]: 10 of 27 OK created sql view model analytics_intermediate.int_market_returns ... [[32mCREATE VIEW[0m in 0.17s]
[0m03:07:53.875727 [debug] [Thread-1 (]: On model.cryptopulse.dim_date: Close
[0m03:07:53.877245 [debug] [Thread-2 (]: Finished running node model.cryptopulse.int_market_returns
[0m03:07:53.877629 [debug] [Thread-3 (]: SQL status: DROP TABLE in 0.005 seconds
[0m03:07:53.878681 [debug] [Thread-1 (]: Sending event: {'category': 'dbt', 'action': 'run_model', 'label': '60f854cf-5333-407b-a4c6-3400e3558c87', 'context': [<snowplow_tracker.self_describing_json.SelfDescribingJson object at 0x7f7910128b10>]}
[0m03:07:53.879840 [debug] [Thread-2 (]: Began running node model.cryptopulse.fact_market_bar
[0m03:07:53.881305 [debug] [Thread-3 (]: On model.cryptopulse.dim_provider: Close
[0m03:07:53.881674 [debug] [Thread-4 (]: SQL status: DROP TABLE in 0.005 seconds
[0m03:07:53.882586 [info ] [Thread-1 (]: 8 of 27 OK created sql table model analytics_analytics.dim_date ................ [[32mSELECT 1[0m in 0.18s]
[0m03:07:53.883665 [info ] [Thread-2 (]: 11 of 27 START sql table model analytics_analytics.fact_market_bar ............. [RUN]
[0m03:07:53.885087 [debug] [Thread-3 (]: Sending event: {'category': 'dbt', 'action': 'run_model', 'label': '60f854cf-5333-407b-a4c6-3400e3558c87', 'context': [<snowplow_tracker.self_describing_json.SelfDescribingJson object at 0x7f79102ebc50>]}
[0m03:07:53.888140 [debug] [Thread-4 (]: On model.cryptopulse.dim_asset: Close
[0m03:07:53.889265 [debug] [Thread-1 (]: Finished running node model.cryptopulse.dim_date
[0m03:07:53.891998 [debug] [Thread-2 (]: Re-using an available connection from the pool (formerly model.cryptopulse.int_market_returns, now model.cryptopulse.fact_market_bar)
[0m03:07:53.893072 [info ] [Thread-3 (]: 9 of 27 OK created sql table model analytics_analytics.dim_provider ............ [[32mSELECT 1[0m in 0.19s]
[0m03:07:53.894280 [debug] [Thread-4 (]: Sending event: {'category': 'dbt', 'action': 'run_model', 'label': '60f854cf-5333-407b-a4c6-3400e3558c87', 'context': [<snowplow_tracker.self_describing_json.SelfDescribingJson object at 0x7f791171ba90>]}
[0m03:07:53.895415 [debug] [Thread-1 (]: Began running node test.cryptopulse.not_null_dim_date_date_key.881d0a31b6
[0m03:07:53.896343 [debug] [Thread-2 (]: Began compiling node model.cryptopulse.fact_market_bar
[0m03:07:53.898078 [debug] [Thread-3 (]: Finished running node model.cryptopulse.dim_provider
[0m03:07:53.899317 [info ] [Thread-4 (]: 7 of 27 OK created sql table model analytics_analytics.dim_asset ............... [[32mSELECT 1[0m in 0.20s]
[0m03:07:53.900169 [info ] [Thread-1 (]: 12 of 27 START test not_null_dim_date_date_key ................................. [RUN]
[0m03:07:53.904050 [debug] [Thread-2 (]: Writing injected SQL for node "model.cryptopulse.fact_market_bar"
[0m03:07:53.905282 [debug] [Thread-3 (]: Began running node test.cryptopulse.unique_dim_date_date_key.0869fd48f9
[0m03:07:53.906476 [debug] [Thread-4 (]: Finished running node model.cryptopulse.dim_asset
[0m03:07:53.907295 [debug] [Thread-1 (]: Re-using an available connection from the pool (formerly model.cryptopulse.dim_date, now test.cryptopulse.not_null_dim_date_date_key.881d0a31b6)
[0m03:07:53.910973 [info ] [Thread-3 (]: 13 of 27 START test unique_dim_date_date_key ................................... [RUN]
[0m03:07:53.912697 [debug] [Thread-4 (]: Began running node test.cryptopulse.not_null_dim_provider_provider_key.acace107bf
[0m03:07:53.913991 [debug] [Thread-1 (]: Began compiling node test.cryptopulse.not_null_dim_date_date_key.881d0a31b6
[0m03:07:53.914812 [debug] [Thread-3 (]: Re-using an available connection from the pool (formerly model.cryptopulse.dim_provider, now test.cryptopulse.unique_dim_date_date_key.0869fd48f9)
[0m03:07:53.915718 [info ] [Thread-4 (]: 14 of 27 START test not_null_dim_provider_provider_key ......................... [RUN]
[0m03:07:53.923656 [debug] [Thread-1 (]: Writing injected SQL for node "test.cryptopulse.not_null_dim_date_date_key.881d0a31b6"
[0m03:07:53.925264 [debug] [Thread-2 (]: Began executing node model.cryptopulse.fact_market_bar
[0m03:07:53.925655 [debug] [Thread-3 (]: Began compiling node test.cryptopulse.unique_dim_date_date_key.0869fd48f9
[0m03:07:53.926670 [debug] [Thread-4 (]: Re-using an available connection from the pool (formerly model.cryptopulse.dim_asset, now test.cryptopulse.not_null_dim_provider_provider_key.acace107bf)
[0m03:07:53.931210 [debug] [Thread-2 (]: Writing runtime sql for node "model.cryptopulse.fact_market_bar"
[0m03:07:53.940755 [debug] [Thread-3 (]: Writing injected SQL for node "test.cryptopulse.unique_dim_date_date_key.0869fd48f9"
[0m03:07:53.941651 [debug] [Thread-4 (]: Began compiling node test.cryptopulse.not_null_dim_provider_provider_key.acace107bf
[0m03:07:53.944420 [debug] [Thread-1 (]: Began executing node test.cryptopulse.not_null_dim_date_date_key.881d0a31b6
[0m03:07:53.951168 [debug] [Thread-4 (]: Writing injected SQL for node "test.cryptopulse.not_null_dim_provider_provider_key.acace107bf"
[0m03:07:53.954317 [debug] [Thread-1 (]: Writing runtime sql for node "test.cryptopulse.not_null_dim_date_date_key.881d0a31b6"
[0m03:07:53.958001 [debug] [Thread-3 (]: Began executing node test.cryptopulse.unique_dim_date_date_key.0869fd48f9
[0m03:07:53.963407 [debug] [Thread-2 (]: Using postgres connection "model.cryptopulse.fact_market_bar"
[0m03:07:53.965297 [debug] [Thread-3 (]: Writing runtime sql for node "test.cryptopulse.unique_dim_date_date_key.0869fd48f9"
[0m03:07:53.966503 [debug] [Thread-2 (]: On model.cryptopulse.fact_market_bar: /* {"app": "dbt", "dbt_version": "1.12.4", "profile_name": "cryptopulse", "target_name": "dev", "node_id": "model.cryptopulse.fact_market_bar"} */

  
    

  create  table "cryptopulse"."analytics_analytics"."fact_market_bar__dbt_tmp"
  
  
    as
  
  (
    select
    bars.market_bar_key,
    md5(concat_ws('||', coalesce(cast(bars.symbol as text), '_null_'), coalesce(cast(bars.currency as text), '_null_'))) as asset_key,
    md5(concat_ws('||', coalesce(cast(bars.provider as text), '_null_'))) as provider_key,
    bars.bar_start::date as date_key,
    bars.provider,
    bars.symbol,
    bars.currency,
    bars.interval,
    bars.bar_start,
    bars.bar_end,
    bars.open,
    bars.high,
    bars.low,
    bars.close,
    bars.volume,
    bars.trade_count,
    bars.vwap,
    bars.simple_return,
    bars.log_return,
    bars.loaded_at
from "cryptopulse"."analytics_intermediate"."int_market_returns" as bars
  );
  
[0m03:07:53.967907 [debug] [Thread-2 (]: Opening a new connection, currently in state closed
[0m03:07:53.973215 [debug] [Thread-1 (]: Using postgres connection "test.cryptopulse.not_null_dim_date_date_key.881d0a31b6"
[0m03:07:53.974847 [debug] [Thread-4 (]: Began executing node test.cryptopulse.not_null_dim_provider_provider_key.acace107bf
[0m03:07:53.975377 [debug] [Thread-1 (]: On test.cryptopulse.not_null_dim_date_date_key.881d0a31b6: /* {"app": "dbt", "dbt_version": "1.12.4", "profile_name": "cryptopulse", "target_name": "dev", "node_id": "test.cryptopulse.not_null_dim_date_date_key.881d0a31b6"} */

    
    select
      count(*) as failures,
      count(*) != 0 as should_warn,
      count(*) != 0 as should_error
    from (
      
    
  
    
    



select date_key
from "cryptopulse"."analytics_analytics"."dim_date"
where date_key is null



  
  
      
    ) dbt_internal_test
[0m03:07:53.975918 [debug] [Thread-3 (]: Using postgres connection "test.cryptopulse.unique_dim_date_date_key.0869fd48f9"
[0m03:07:53.979489 [debug] [Thread-4 (]: Writing runtime sql for node "test.cryptopulse.not_null_dim_provider_provider_key.acace107bf"
[0m03:07:53.981005 [debug] [Thread-1 (]: Opening a new connection, currently in state closed
[0m03:07:53.981919 [debug] [Thread-3 (]: On test.cryptopulse.unique_dim_date_date_key.0869fd48f9: /* {"app": "dbt", "dbt_version": "1.12.4", "profile_name": "cryptopulse", "target_name": "dev", "node_id": "test.cryptopulse.unique_dim_date_date_key.0869fd48f9"} */

    
    select
      count(*) as failures,
      count(*) != 0 as should_warn,
      count(*) != 0 as should_error
    from (
      
    
  
    
    

select
    date_key as unique_field,
    count(*) as n_records

from "cryptopulse"."analytics_analytics"."dim_date"
where date_key is not null
group by date_key
having count(*) > 1



  
  
      
    ) dbt_internal_test
[0m03:07:53.984926 [debug] [Thread-3 (]: Opening a new connection, currently in state closed
[0m03:07:53.989928 [debug] [Thread-1 (]: SQL status: SELECT 1 in 0.009 seconds
[0m03:07:53.991712 [debug] [Thread-2 (]: SQL status: SELECT 20 in 0.024 seconds
[0m03:07:53.993941 [debug] [Thread-1 (]: On test.cryptopulse.not_null_dim_date_date_key.881d0a31b6: ROLLBACK
[0m03:07:53.994358 [debug] [Thread-3 (]: SQL status: SELECT 1 in 0.009 seconds
[0m03:07:53.997120 [debug] [Thread-2 (]: Using postgres connection "model.cryptopulse.fact_market_bar"
[0m03:07:53.999917 [debug] [Thread-4 (]: Using postgres connection "test.cryptopulse.not_null_dim_provider_provider_key.acace107bf"
[0m03:07:54.002798 [debug] [Thread-1 (]: On test.cryptopulse.not_null_dim_date_date_key.881d0a31b6: Close
[0m03:07:54.004181 [debug] [Thread-3 (]: On test.cryptopulse.unique_dim_date_date_key.0869fd48f9: ROLLBACK
[0m03:07:54.005483 [debug] [Thread-2 (]: On model.cryptopulse.fact_market_bar: /* {"app": "dbt", "dbt_version": "1.12.4", "profile_name": "cryptopulse", "target_name": "dev", "node_id": "model.cryptopulse.fact_market_bar"} */
alter table "cryptopulse"."analytics_analytics"."fact_market_bar" rename to "fact_market_bar__dbt_backup"
[0m03:07:54.007031 [debug] [Thread-4 (]: On test.cryptopulse.not_null_dim_provider_provider_key.acace107bf: /* {"app": "dbt", "dbt_version": "1.12.4", "profile_name": "cryptopulse", "target_name": "dev", "node_id": "test.cryptopulse.not_null_dim_provider_provider_key.acace107bf"} */

    
    select
      count(*) as failures,
      count(*) != 0 as should_warn,
      count(*) != 0 as should_error
    from (
      
    
  
    
    



select provider_key
from "cryptopulse"."analytics_analytics"."dim_provider"
where provider_key is null



  
  
      
    ) dbt_internal_test
[0m03:07:54.008203 [info ] [Thread-1 (]: 12 of 27 PASS not_null_dim_date_date_key ....................................... [[32mPASS[0m in 0.10s]
[0m03:07:54.009566 [debug] [Thread-3 (]: On test.cryptopulse.unique_dim_date_date_key.0869fd48f9: Close
[0m03:07:54.010983 [debug] [Thread-2 (]: SQL status: ALTER TABLE in 0.001 seconds
[0m03:07:54.011298 [debug] [Thread-4 (]: Opening a new connection, currently in state closed
[0m03:07:54.012284 [debug] [Thread-1 (]: Finished running node test.cryptopulse.not_null_dim_date_date_key.881d0a31b6
[0m03:07:54.013523 [info ] [Thread-3 (]: 13 of 27 PASS unique_dim_date_date_key ......................................... [[32mPASS[0m in 0.10s]
[0m03:07:54.017662 [debug] [Thread-2 (]: Using postgres connection "model.cryptopulse.fact_market_bar"
[0m03:07:54.019782 [debug] [Thread-1 (]: Began running node test.cryptopulse.unique_dim_provider_provider_key.b5fbec487b
[0m03:07:54.021168 [debug] [Thread-3 (]: Finished running node test.cryptopulse.unique_dim_date_date_key.0869fd48f9
[0m03:07:54.022027 [debug] [Thread-2 (]: On model.cryptopulse.fact_market_bar: /* {"app": "dbt", "dbt_version": "1.12.4", "profile_name": "cryptopulse", "target_name": "dev", "node_id": "model.cryptopulse.fact_market_bar"} */
alter table "cryptopulse"."analytics_analytics"."fact_market_bar__dbt_tmp" rename to "fact_market_bar"
[0m03:07:54.023307 [info ] [Thread-1 (]: 15 of 27 START test unique_dim_provider_provider_key ........................... [RUN]
[0m03:07:54.024773 [debug] [Thread-4 (]: SQL status: SELECT 1 in 0.013 seconds
[0m03:07:54.025332 [debug] [Thread-3 (]: Began running node test.cryptopulse.not_null_dim_asset_asset_key.a810898cee
[0m03:07:54.026707 [debug] [Thread-2 (]: SQL status: ALTER TABLE in 0.000 seconds
[0m03:07:54.027554 [debug] [Thread-1 (]: Re-using an available connection from the pool (formerly test.cryptopulse.not_null_dim_date_date_key.881d0a31b6, now test.cryptopulse.unique_dim_provider_provider_key.b5fbec487b)
[0m03:07:54.029271 [debug] [Thread-4 (]: On test.cryptopulse.not_null_dim_provider_provider_key.acace107bf: ROLLBACK
[0m03:07:54.031132 [info ] [Thread-3 (]: 16 of 27 START test not_null_dim_asset_asset_key ............................... [RUN]
[0m03:07:54.033208 [debug] [Thread-2 (]: On model.cryptopulse.fact_market_bar: COMMIT
[0m03:07:54.033898 [debug] [Thread-1 (]: Began compiling node test.cryptopulse.unique_dim_provider_provider_key.b5fbec487b
[0m03:07:54.034829 [debug] [Thread-4 (]: On test.cryptopulse.not_null_dim_provider_provider_key.acace107bf: Close
[0m03:07:54.035496 [debug] [Thread-3 (]: Re-using an available connection from the pool (formerly test.cryptopulse.unique_dim_date_date_key.0869fd48f9, now test.cryptopulse.not_null_dim_asset_asset_key.a810898cee)
[0m03:07:54.036324 [debug] [Thread-2 (]: Using postgres connection "model.cryptopulse.fact_market_bar"
[0m03:07:54.044010 [debug] [Thread-1 (]: Writing injected SQL for node "test.cryptopulse.unique_dim_provider_provider_key.b5fbec487b"
[0m03:07:54.044925 [info ] [Thread-4 (]: 14 of 27 PASS not_null_dim_provider_provider_key ............................... [[32mPASS[0m in 0.12s]
[0m03:07:54.047008 [debug] [Thread-3 (]: Began compiling node test.cryptopulse.not_null_dim_asset_asset_key.a810898cee
[0m03:07:54.048544 [debug] [Thread-2 (]: On model.cryptopulse.fact_market_bar: COMMIT
[0m03:07:54.051809 [debug] [Thread-4 (]: Finished running node test.cryptopulse.not_null_dim_provider_provider_key.acace107bf
[0m03:07:54.058331 [debug] [Thread-3 (]: Writing injected SQL for node "test.cryptopulse.not_null_dim_asset_asset_key.a810898cee"
[0m03:07:54.059948 [debug] [Thread-4 (]: Began running node test.cryptopulse.not_null_dim_asset_symbol.6d84ebfacb
[0m03:07:54.061620 [info ] [Thread-4 (]: 17 of 27 START test not_null_dim_asset_symbol .................................. [RUN]
[0m03:07:54.063094 [debug] [Thread-4 (]: Re-using an available connection from the pool (formerly test.cryptopulse.not_null_dim_provider_provider_key.acace107bf, now test.cryptopulse.not_null_dim_asset_symbol.6d84ebfacb)
[0m03:07:54.063485 [debug] [Thread-2 (]: SQL status: COMMIT in 0.004 seconds
[0m03:07:54.064305 [debug] [Thread-4 (]: Began compiling node test.cryptopulse.not_null_dim_asset_symbol.6d84ebfacb
[0m03:07:54.066301 [debug] [Thread-2 (]: Applying DROP to: "cryptopulse"."analytics_analytics"."fact_market_bar__dbt_backup"
[0m03:07:54.066621 [debug] [Thread-1 (]: Began executing node test.cryptopulse.unique_dim_provider_provider_key.b5fbec487b
[0m03:07:54.073089 [debug] [Thread-3 (]: Began executing node test.cryptopulse.not_null_dim_asset_asset_key.a810898cee
[0m03:07:54.074243 [debug] [Thread-4 (]: Writing injected SQL for node "test.cryptopulse.not_null_dim_asset_symbol.6d84ebfacb"
[0m03:07:54.076126 [debug] [Thread-2 (]: Using postgres connection "model.cryptopulse.fact_market_bar"
[0m03:07:54.077945 [debug] [Thread-1 (]: Writing runtime sql for node "test.cryptopulse.unique_dim_provider_provider_key.b5fbec487b"
[0m03:07:54.079749 [debug] [Thread-3 (]: Writing runtime sql for node "test.cryptopulse.not_null_dim_asset_asset_key.a810898cee"
[0m03:07:54.081726 [debug] [Thread-2 (]: On model.cryptopulse.fact_market_bar: /* {"app": "dbt", "dbt_version": "1.12.4", "profile_name": "cryptopulse", "target_name": "dev", "node_id": "model.cryptopulse.fact_market_bar"} */
drop table if exists "cryptopulse"."analytics_analytics"."fact_market_bar__dbt_backup" cascade
[0m03:07:54.087803 [debug] [Thread-1 (]: Using postgres connection "test.cryptopulse.unique_dim_provider_provider_key.b5fbec487b"
[0m03:07:54.088956 [debug] [Thread-2 (]: SQL status: DROP TABLE in 0.005 seconds
[0m03:07:54.089776 [debug] [Thread-1 (]: On test.cryptopulse.unique_dim_provider_provider_key.b5fbec487b: /* {"app": "dbt", "dbt_version": "1.12.4", "profile_name": "cryptopulse", "target_name": "dev", "node_id": "test.cryptopulse.unique_dim_provider_provider_key.b5fbec487b"} */

    
    select
      count(*) as failures,
      count(*) != 0 as should_warn,
      count(*) != 0 as should_error
    from (
      
    
  
    
    

select
    provider_key as unique_field,
    count(*) as n_records

from "cryptopulse"."analytics_analytics"."dim_provider"
where provider_key is not null
group by provider_key
having count(*) > 1



  
  
      
    ) dbt_internal_test
[0m03:07:54.091962 [debug] [Thread-2 (]: On model.cryptopulse.fact_market_bar: Close
[0m03:07:54.092335 [debug] [Thread-3 (]: Using postgres connection "test.cryptopulse.not_null_dim_asset_asset_key.a810898cee"
[0m03:07:54.092651 [debug] [Thread-4 (]: Began executing node test.cryptopulse.not_null_dim_asset_symbol.6d84ebfacb
[0m03:07:54.093703 [debug] [Thread-1 (]: Opening a new connection, currently in state closed
[0m03:07:54.095258 [debug] [Thread-2 (]: Sending event: {'category': 'dbt', 'action': 'run_model', 'label': '60f854cf-5333-407b-a4c6-3400e3558c87', 'context': [<snowplow_tracker.self_describing_json.SelfDescribingJson object at 0x7f791170a7d0>]}
[0m03:07:54.096146 [debug] [Thread-3 (]: On test.cryptopulse.not_null_dim_asset_asset_key.a810898cee: /* {"app": "dbt", "dbt_version": "1.12.4", "profile_name": "cryptopulse", "target_name": "dev", "node_id": "test.cryptopulse.not_null_dim_asset_asset_key.a810898cee"} */

    
    select
      count(*) as failures,
      count(*) != 0 as should_warn,
      count(*) != 0 as should_error
    from (
      
    
  
    
    



select asset_key
from "cryptopulse"."analytics_analytics"."dim_asset"
where asset_key is null



  
  
      
    ) dbt_internal_test
[0m03:07:54.099873 [debug] [Thread-4 (]: Writing runtime sql for node "test.cryptopulse.not_null_dim_asset_symbol.6d84ebfacb"
[0m03:07:54.101913 [info ] [Thread-2 (]: 11 of 27 OK created sql table model analytics_analytics.fact_market_bar ........ [[32mSELECT 20[0m in 0.20s]
[0m03:07:54.103552 [debug] [Thread-3 (]: Opening a new connection, currently in state closed
[0m03:07:54.105756 [debug] [Thread-2 (]: Finished running node model.cryptopulse.fact_market_bar
[0m03:07:54.107636 [debug] [Thread-1 (]: SQL status: SELECT 1 in 0.014 seconds
[0m03:07:54.108570 [debug] [Thread-2 (]: Began running node test.cryptopulse.unique_dim_asset_asset_key.1e356d7858
[0m03:07:54.110799 [debug] [Thread-1 (]: On test.cryptopulse.unique_dim_provider_provider_key.b5fbec487b: ROLLBACK
[0m03:07:54.111885 [info ] [Thread-2 (]: 18 of 27 START test unique_dim_asset_asset_key ................................. [RUN]
[0m03:07:54.113245 [debug] [Thread-3 (]: SQL status: SELECT 1 in 0.010 seconds
[0m03:07:54.113965 [debug] [Thread-1 (]: On test.cryptopulse.unique_dim_provider_provider_key.b5fbec487b: Close
[0m03:07:54.115368 [debug] [Thread-2 (]: Re-using an available connection from the pool (formerly model.cryptopulse.fact_market_bar, now test.cryptopulse.unique_dim_asset_asset_key.1e356d7858)
[0m03:07:54.117537 [debug] [Thread-3 (]: On test.cryptopulse.not_null_dim_asset_asset_key.a810898cee: ROLLBACK
[0m03:07:54.118694 [info ] [Thread-1 (]: 15 of 27 PASS unique_dim_provider_provider_key ................................. [[32mPASS[0m in 0.09s]
[0m03:07:54.122215 [debug] [Thread-2 (]: Began compiling node test.cryptopulse.unique_dim_asset_asset_key.1e356d7858
[0m03:07:54.123090 [debug] [Thread-4 (]: Using postgres connection "test.cryptopulse.not_null_dim_asset_symbol.6d84ebfacb"
[0m03:07:54.124082 [debug] [Thread-3 (]: On test.cryptopulse.not_null_dim_asset_asset_key.a810898cee: Close
[0m03:07:54.124774 [debug] [Thread-1 (]: Finished running node test.cryptopulse.unique_dim_provider_provider_key.b5fbec487b
[0m03:07:54.131794 [debug] [Thread-2 (]: Writing injected SQL for node "test.cryptopulse.unique_dim_asset_asset_key.1e356d7858"
[0m03:07:54.133482 [debug] [Thread-4 (]: On test.cryptopulse.not_null_dim_asset_symbol.6d84ebfacb: /* {"app": "dbt", "dbt_version": "1.12.4", "profile_name": "cryptopulse", "target_name": "dev", "node_id": "test.cryptopulse.not_null_dim_asset_symbol.6d84ebfacb"} */

    
    select
      count(*) as failures,
      count(*) != 0 as should_warn,
      count(*) != 0 as should_error
    from (
      
    
  
    
    



select symbol
from "cryptopulse"."analytics_analytics"."dim_asset"
where symbol is null



  
  
      
    ) dbt_internal_test
[0m03:07:54.134710 [info ] [Thread-3 (]: 16 of 27 PASS not_null_dim_asset_asset_key ..................................... [[32mPASS[0m in 0.10s]
[0m03:07:54.135722 [debug] [Thread-1 (]: Began running node test.cryptopulse.not_null_fact_market_bar_asset_key.29e72edeb9
[0m03:07:54.138142 [debug] [Thread-4 (]: Opening a new connection, currently in state closed
[0m03:07:54.139531 [debug] [Thread-3 (]: Finished running node test.cryptopulse.not_null_dim_asset_asset_key.a810898cee
[0m03:07:54.140813 [info ] [Thread-1 (]: 19 of 27 START test not_null_fact_market_bar_asset_key ......................... [RUN]
[0m03:07:54.143330 [debug] [Thread-3 (]: Began running node test.cryptopulse.not_null_fact_market_bar_close.0d139f179e
[0m03:07:54.144522 [debug] [Thread-1 (]: Re-using an available connection from the pool (formerly test.cryptopulse.unique_dim_provider_provider_key.b5fbec487b, now test.cryptopulse.not_null_fact_market_bar_asset_key.29e72edeb9)
[0m03:07:54.145568 [info ] [Thread-3 (]: 20 of 27 START test not_null_fact_market_bar_close ............................. [RUN]
[0m03:07:54.146735 [debug] [Thread-1 (]: Began compiling node test.cryptopulse.not_null_fact_market_bar_asset_key.29e72edeb9
[0m03:07:54.148372 [debug] [Thread-3 (]: Re-using an available connection from the pool (formerly test.cryptopulse.not_null_dim_asset_asset_key.a810898cee, now test.cryptopulse.not_null_fact_market_bar_close.0d139f179e)
[0m03:07:54.149042 [debug] [Thread-4 (]: SQL status: SELECT 1 in 0.011 seconds
[0m03:07:54.155441 [debug] [Thread-2 (]: Began executing node test.cryptopulse.unique_dim_asset_asset_key.1e356d7858
[0m03:07:54.156502 [debug] [Thread-1 (]: Writing injected SQL for node "test.cryptopulse.not_null_fact_market_bar_asset_key.29e72edeb9"
[0m03:07:54.157398 [debug] [Thread-3 (]: Began compiling node test.cryptopulse.not_null_fact_market_bar_close.0d139f179e
[0m03:07:54.159316 [debug] [Thread-4 (]: On test.cryptopulse.not_null_dim_asset_symbol.6d84ebfacb: ROLLBACK
[0m03:07:54.161277 [debug] [Thread-2 (]: Writing runtime sql for node "test.cryptopulse.unique_dim_asset_asset_key.1e356d7858"
[0m03:07:54.168228 [debug] [Thread-3 (]: Writing injected SQL for node "test.cryptopulse.not_null_fact_market_bar_close.0d139f179e"
[0m03:07:54.169089 [debug] [Thread-4 (]: On test.cryptopulse.not_null_dim_asset_symbol.6d84ebfacb: Close
[0m03:07:54.171247 [info ] [Thread-4 (]: 17 of 27 PASS not_null_dim_asset_symbol ........................................ [[32mPASS[0m in 0.11s]
[0m03:07:54.172687 [debug] [Thread-4 (]: Finished running node test.cryptopulse.not_null_dim_asset_symbol.6d84ebfacb
[0m03:07:54.173745 [debug] [Thread-1 (]: Began executing node test.cryptopulse.not_null_fact_market_bar_asset_key.29e72edeb9
[0m03:07:54.174622 [debug] [Thread-4 (]: Began running node test.cryptopulse.not_null_fact_market_bar_market_bar_key.53f1070523
[0m03:07:54.177794 [debug] [Thread-1 (]: Writing runtime sql for node "test.cryptopulse.not_null_fact_market_bar_asset_key.29e72edeb9"
[0m03:07:54.178152 [debug] [Thread-3 (]: Began executing node test.cryptopulse.not_null_fact_market_bar_close.0d139f179e
[0m03:07:54.178788 [info ] [Thread-4 (]: 21 of 27 START test not_null_fact_market_bar_market_bar_key .................... [RUN]
[0m03:07:54.180400 [debug] [Thread-2 (]: Using postgres connection "test.cryptopulse.unique_dim_asset_asset_key.1e356d7858"
[0m03:07:54.182630 [debug] [Thread-3 (]: Writing runtime sql for node "test.cryptopulse.not_null_fact_market_bar_close.0d139f179e"
[0m03:07:54.183581 [debug] [Thread-4 (]: Re-using an available connection from the pool (formerly test.cryptopulse.not_null_dim_asset_symbol.6d84ebfacb, now test.cryptopulse.not_null_fact_market_bar_market_bar_key.53f1070523)
[0m03:07:54.186083 [debug] [Thread-2 (]: On test.cryptopulse.unique_dim_asset_asset_key.1e356d7858: /* {"app": "dbt", "dbt_version": "1.12.4", "profile_name": "cryptopulse", "target_name": "dev", "node_id": "test.cryptopulse.unique_dim_asset_asset_key.1e356d7858"} */

    
    select
      count(*) as failures,
      count(*) != 0 as should_warn,
      count(*) != 0 as should_error
    from (
      
    
  
    
    

select
    asset_key as unique_field,
    count(*) as n_records

from "cryptopulse"."analytics_analytics"."dim_asset"
where asset_key is not null
group by asset_key
having count(*) > 1



  
  
      
    ) dbt_internal_test
[0m03:07:54.187713 [debug] [Thread-4 (]: Began compiling node test.cryptopulse.not_null_fact_market_bar_market_bar_key.53f1070523
[0m03:07:54.188572 [debug] [Thread-2 (]: Opening a new connection, currently in state closed
[0m03:07:54.196551 [debug] [Thread-4 (]: Writing injected SQL for node "test.cryptopulse.not_null_fact_market_bar_market_bar_key.53f1070523"
[0m03:07:54.197061 [debug] [Thread-3 (]: Using postgres connection "test.cryptopulse.not_null_fact_market_bar_close.0d139f179e"
[0m03:07:54.199375 [debug] [Thread-1 (]: Using postgres connection "test.cryptopulse.not_null_fact_market_bar_asset_key.29e72edeb9"
[0m03:07:54.200279 [debug] [Thread-3 (]: On test.cryptopulse.not_null_fact_market_bar_close.0d139f179e: /* {"app": "dbt", "dbt_version": "1.12.4", "profile_name": "cryptopulse", "target_name": "dev", "node_id": "test.cryptopulse.not_null_fact_market_bar_close.0d139f179e"} */

    
    select
      count(*) as failures,
      count(*) != 0 as should_warn,
      count(*) != 0 as should_error
    from (
      
    
  
    
    



select close
from "cryptopulse"."analytics_analytics"."fact_market_bar"
where close is null



  
  
      
    ) dbt_internal_test
[0m03:07:54.200970 [debug] [Thread-1 (]: On test.cryptopulse.not_null_fact_market_bar_asset_key.29e72edeb9: /* {"app": "dbt", "dbt_version": "1.12.4", "profile_name": "cryptopulse", "target_name": "dev", "node_id": "test.cryptopulse.not_null_fact_market_bar_asset_key.29e72edeb9"} */

    
    select
      count(*) as failures,
      count(*) != 0 as should_warn,
      count(*) != 0 as should_error
    from (
      
    
  
    
    



select asset_key
from "cryptopulse"."analytics_analytics"."fact_market_bar"
where asset_key is null



  
  
      
    ) dbt_internal_test
[0m03:07:54.201924 [debug] [Thread-3 (]: Opening a new connection, currently in state closed
[0m03:07:54.202770 [debug] [Thread-1 (]: Opening a new connection, currently in state closed
[0m03:07:54.205350 [debug] [Thread-2 (]: SQL status: SELECT 1 in 0.017 seconds
[0m03:07:54.207543 [debug] [Thread-2 (]: On test.cryptopulse.unique_dim_asset_asset_key.1e356d7858: ROLLBACK
[0m03:07:54.208628 [debug] [Thread-2 (]: On test.cryptopulse.unique_dim_asset_asset_key.1e356d7858: Close
[0m03:07:54.209914 [info ] [Thread-2 (]: 18 of 27 PASS unique_dim_asset_asset_key ....................................... [[32mPASS[0m in 0.09s]
[0m03:07:54.210380 [debug] [Thread-3 (]: SQL status: SELECT 1 in 0.008 seconds
[0m03:07:54.211494 [debug] [Thread-1 (]: SQL status: SELECT 1 in 0.009 seconds
[0m03:07:54.212002 [debug] [Thread-2 (]: Finished running node test.cryptopulse.unique_dim_asset_asset_key.1e356d7858
[0m03:07:54.212526 [debug] [Thread-4 (]: Began executing node test.cryptopulse.not_null_fact_market_bar_market_bar_key.53f1070523
[0m03:07:54.214460 [debug] [Thread-3 (]: On test.cryptopulse.not_null_fact_market_bar_close.0d139f179e: ROLLBACK
[0m03:07:54.216063 [debug] [Thread-1 (]: On test.cryptopulse.not_null_fact_market_bar_asset_key.29e72edeb9: ROLLBACK
[0m03:07:54.217086 [debug] [Thread-2 (]: Began running node test.cryptopulse.not_null_fact_market_bar_provider_key.8be4a3d773
[0m03:07:54.219097 [debug] [Thread-4 (]: Writing runtime sql for node "test.cryptopulse.not_null_fact_market_bar_market_bar_key.53f1070523"
[0m03:07:54.220175 [debug] [Thread-3 (]: On test.cryptopulse.not_null_fact_market_bar_close.0d139f179e: Close
[0m03:07:54.220892 [debug] [Thread-1 (]: On test.cryptopulse.not_null_fact_market_bar_asset_key.29e72edeb9: Close
[0m03:07:54.221594 [info ] [Thread-2 (]: 22 of 27 START test not_null_fact_market_bar_provider_key ...................... [RUN]
[0m03:07:54.223778 [info ] [Thread-3 (]: 20 of 27 PASS not_null_fact_market_bar_close ................................... [[32mPASS[0m in 0.08s]
[0m03:07:54.225925 [info ] [Thread-1 (]: 19 of 27 PASS not_null_fact_market_bar_asset_key ............................... [[32mPASS[0m in 0.08s]
[0m03:07:54.227693 [debug] [Thread-2 (]: Re-using an available connection from the pool (formerly test.cryptopulse.unique_dim_asset_asset_key.1e356d7858, now test.cryptopulse.not_null_fact_market_bar_provider_key.8be4a3d773)
[0m03:07:54.228864 [debug] [Thread-3 (]: Finished running node test.cryptopulse.not_null_fact_market_bar_close.0d139f179e
[0m03:07:54.230320 [debug] [Thread-1 (]: Finished running node test.cryptopulse.not_null_fact_market_bar_asset_key.29e72edeb9
[0m03:07:54.231338 [debug] [Thread-2 (]: Began compiling node test.cryptopulse.not_null_fact_market_bar_provider_key.8be4a3d773
[0m03:07:54.232209 [debug] [Thread-3 (]: Began running node test.cryptopulse.relationships_fact_market_bar_asset_key__asset_key__ref_dim_asset_.5b491ea399
[0m03:07:54.233283 [debug] [Thread-1 (]: Began running node test.cryptopulse.relationships_fact_market_bar_provider_key__provider_key__ref_dim_provider_.e51f36ecb4
[0m03:07:54.239911 [debug] [Thread-4 (]: Using postgres connection "test.cryptopulse.not_null_fact_market_bar_market_bar_key.53f1070523"
[0m03:07:54.242177 [debug] [Thread-2 (]: Writing injected SQL for node "test.cryptopulse.not_null_fact_market_bar_provider_key.8be4a3d773"
[0m03:07:54.242998 [info ] [Thread-3 (]: 23 of 27 START test relationships_fact_market_bar_asset_key__asset_key__ref_dim_asset_  [RUN]
[0m03:07:54.244065 [info ] [Thread-1 (]: 24 of 27 START test relationships_fact_market_bar_provider_key__provider_key__ref_dim_provider_  [RUN]
[0m03:07:54.245091 [debug] [Thread-4 (]: On test.cryptopulse.not_null_fact_market_bar_market_bar_key.53f1070523: /* {"app": "dbt", "dbt_version": "1.12.4", "profile_name": "cryptopulse", "target_name": "dev", "node_id": "test.cryptopulse.not_null_fact_market_bar_market_bar_key.53f1070523"} */

    
    select
      count(*) as failures,
      count(*) != 0 as should_warn,
      count(*) != 0 as should_error
    from (
      
    
  
    
    



select market_bar_key
from "cryptopulse"."analytics_analytics"."fact_market_bar"
where market_bar_key is null



  
  
      
    ) dbt_internal_test
[0m03:07:54.246837 [debug] [Thread-3 (]: Re-using an available connection from the pool (formerly test.cryptopulse.not_null_fact_market_bar_close.0d139f179e, now test.cryptopulse.relationships_fact_market_bar_asset_key__asset_key__ref_dim_asset_.5b491ea399)
[0m03:07:54.248345 [debug] [Thread-1 (]: Re-using an available connection from the pool (formerly test.cryptopulse.not_null_fact_market_bar_asset_key.29e72edeb9, now test.cryptopulse.relationships_fact_market_bar_provider_key__provider_key__ref_dim_provider_.e51f36ecb4)
[0m03:07:54.249258 [debug] [Thread-4 (]: Opening a new connection, currently in state closed
[0m03:07:54.250243 [debug] [Thread-3 (]: Began compiling node test.cryptopulse.relationships_fact_market_bar_asset_key__asset_key__ref_dim_asset_.5b491ea399
[0m03:07:54.251029 [debug] [Thread-1 (]: Began compiling node test.cryptopulse.relationships_fact_market_bar_provider_key__provider_key__ref_dim_provider_.e51f36ecb4
[0m03:07:54.271550 [debug] [Thread-3 (]: Writing injected SQL for node "test.cryptopulse.relationships_fact_market_bar_asset_key__asset_key__ref_dim_asset_.5b491ea399"
[0m03:07:54.272080 [debug] [Thread-4 (]: SQL status: SELECT 1 in 0.023 seconds
[0m03:07:54.272449 [debug] [Thread-2 (]: Began executing node test.cryptopulse.not_null_fact_market_bar_provider_key.8be4a3d773
[0m03:07:54.286482 [debug] [Thread-1 (]: Writing injected SQL for node "test.cryptopulse.relationships_fact_market_bar_provider_key__provider_key__ref_dim_provider_.e51f36ecb4"
[0m03:07:54.288482 [debug] [Thread-4 (]: On test.cryptopulse.not_null_fact_market_bar_market_bar_key.53f1070523: ROLLBACK
[0m03:07:54.290356 [debug] [Thread-2 (]: Writing runtime sql for node "test.cryptopulse.not_null_fact_market_bar_provider_key.8be4a3d773"
[0m03:07:54.292232 [debug] [Thread-4 (]: On test.cryptopulse.not_null_fact_market_bar_market_bar_key.53f1070523: Close
[0m03:07:54.293106 [debug] [Thread-3 (]: Began executing node test.cryptopulse.relationships_fact_market_bar_asset_key__asset_key__ref_dim_asset_.5b491ea399
[0m03:07:54.294500 [info ] [Thread-4 (]: 21 of 27 PASS not_null_fact_market_bar_market_bar_key .......................... [[32mPASS[0m in 0.11s]
[0m03:07:54.296875 [debug] [Thread-3 (]: Writing runtime sql for node "test.cryptopulse.relationships_fact_market_bar_asset_key__asset_key__ref_dim_asset_.5b491ea399"
[0m03:07:54.297237 [debug] [Thread-1 (]: Began executing node test.cryptopulse.relationships_fact_market_bar_provider_key__provider_key__ref_dim_provider_.e51f36ecb4
[0m03:07:54.298303 [debug] [Thread-4 (]: Finished running node test.cryptopulse.not_null_fact_market_bar_market_bar_key.53f1070523
[0m03:07:54.301758 [debug] [Thread-1 (]: Writing runtime sql for node "test.cryptopulse.relationships_fact_market_bar_provider_key__provider_key__ref_dim_provider_.e51f36ecb4"
[0m03:07:54.302969 [debug] [Thread-4 (]: Began running node test.cryptopulse.unique_fact_market_bar_market_bar_key.b88512ab4b
[0m03:07:54.304754 [info ] [Thread-4 (]: 25 of 27 START test unique_fact_market_bar_market_bar_key ...................... [RUN]
[0m03:07:54.305418 [debug] [Thread-2 (]: Using postgres connection "test.cryptopulse.not_null_fact_market_bar_provider_key.8be4a3d773"
[0m03:07:54.305795 [debug] [Thread-3 (]: Using postgres connection "test.cryptopulse.relationships_fact_market_bar_asset_key__asset_key__ref_dim_asset_.5b491ea399"
[0m03:07:54.307120 [debug] [Thread-4 (]: Re-using an available connection from the pool (formerly test.cryptopulse.not_null_fact_market_bar_market_bar_key.53f1070523, now test.cryptopulse.unique_fact_market_bar_market_bar_key.b88512ab4b)
[0m03:07:54.308143 [debug] [Thread-2 (]: On test.cryptopulse.not_null_fact_market_bar_provider_key.8be4a3d773: /* {"app": "dbt", "dbt_version": "1.12.4", "profile_name": "cryptopulse", "target_name": "dev", "node_id": "test.cryptopulse.not_null_fact_market_bar_provider_key.8be4a3d773"} */

    
    select
      count(*) as failures,
      count(*) != 0 as should_warn,
      count(*) != 0 as should_error
    from (
      
    
  
    
    



select provider_key
from "cryptopulse"."analytics_analytics"."fact_market_bar"
where provider_key is null



  
  
      
    ) dbt_internal_test
[0m03:07:54.308646 [debug] [Thread-1 (]: Using postgres connection "test.cryptopulse.relationships_fact_market_bar_provider_key__provider_key__ref_dim_provider_.e51f36ecb4"
[0m03:07:54.309255 [debug] [Thread-3 (]: On test.cryptopulse.relationships_fact_market_bar_asset_key__asset_key__ref_dim_asset_.5b491ea399: /* {"app": "dbt", "dbt_version": "1.12.4", "profile_name": "cryptopulse", "target_name": "dev", "node_id": "test.cryptopulse.relationships_fact_market_bar_asset_key__asset_key__ref_dim_asset_.5b491ea399"} */

    
    select
      count(*) as failures,
      count(*) != 0 as should_warn,
      count(*) != 0 as should_error
    from (
      
    
  
    
    

with child as (
    select asset_key as from_field
    from "cryptopulse"."analytics_analytics"."fact_market_bar"
    where asset_key is not null
),

parent as (
    select asset_key as to_field
    from "cryptopulse"."analytics_analytics"."dim_asset"
)

select
    from_field

from child
left join parent
    on child.from_field = parent.to_field

where parent.to_field is null



  
  
      
    ) dbt_internal_test
[0m03:07:54.310070 [debug] [Thread-4 (]: Began compiling node test.cryptopulse.unique_fact_market_bar_market_bar_key.b88512ab4b
[0m03:07:54.310837 [debug] [Thread-2 (]: Opening a new connection, currently in state closed
[0m03:07:54.311707 [debug] [Thread-1 (]: On test.cryptopulse.relationships_fact_market_bar_provider_key__provider_key__ref_dim_provider_.e51f36ecb4: /* {"app": "dbt", "dbt_version": "1.12.4", "profile_name": "cryptopulse", "target_name": "dev", "node_id": "test.cryptopulse.relationships_fact_market_bar_provider_key__provider_key__ref_dim_provider_.e51f36ecb4"} */

    
    select
      count(*) as failures,
      count(*) != 0 as should_warn,
      count(*) != 0 as should_error
    from (
      
    
  
    
    

with child as (
    select provider_key as from_field
    from "cryptopulse"."analytics_analytics"."fact_market_bar"
    where provider_key is not null
),

parent as (
    select provider_key as to_field
    from "cryptopulse"."analytics_analytics"."dim_provider"
)

select
    from_field

from child
left join parent
    on child.from_field = parent.to_field

where parent.to_field is null



  
  
      
    ) dbt_internal_test
[0m03:07:54.312475 [debug] [Thread-3 (]: Opening a new connection, currently in state closed
[0m03:07:54.318911 [debug] [Thread-4 (]: Writing injected SQL for node "test.cryptopulse.unique_fact_market_bar_market_bar_key.b88512ab4b"
[0m03:07:54.320622 [debug] [Thread-1 (]: Opening a new connection, currently in state closed
[0m03:07:54.326857 [debug] [Thread-2 (]: SQL status: SELECT 1 in 0.016 seconds
[0m03:07:54.328153 [debug] [Thread-3 (]: SQL status: SELECT 1 in 0.016 seconds
[0m03:07:54.329643 [debug] [Thread-2 (]: On test.cryptopulse.not_null_fact_market_bar_provider_key.8be4a3d773: ROLLBACK
[0m03:07:54.331370 [debug] [Thread-3 (]: On test.cryptopulse.relationships_fact_market_bar_asset_key__asset_key__ref_dim_asset_.5b491ea399: ROLLBACK
[0m03:07:54.331819 [debug] [Thread-1 (]: SQL status: SELECT 1 in 0.011 seconds
[0m03:07:54.332939 [debug] [Thread-2 (]: On test.cryptopulse.not_null_fact_market_bar_provider_key.8be4a3d773: Close
[0m03:07:54.333628 [debug] [Thread-3 (]: On test.cryptopulse.relationships_fact_market_bar_asset_key__asset_key__ref_dim_asset_.5b491ea399: Close
[0m03:07:54.335094 [debug] [Thread-1 (]: On test.cryptopulse.relationships_fact_market_bar_provider_key__provider_key__ref_dim_provider_.e51f36ecb4: ROLLBACK
[0m03:07:54.336292 [info ] [Thread-2 (]: 22 of 27 PASS not_null_fact_market_bar_provider_key ............................ [[32mPASS[0m in 0.11s]
[0m03:07:54.337720 [info ] [Thread-3 (]: 23 of 27 PASS relationships_fact_market_bar_asset_key__asset_key__ref_dim_asset_  [[32mPASS[0m in 0.09s]
[0m03:07:54.339415 [debug] [Thread-4 (]: Began executing node test.cryptopulse.unique_fact_market_bar_market_bar_key.b88512ab4b
[0m03:07:54.340014 [debug] [Thread-1 (]: On test.cryptopulse.relationships_fact_market_bar_provider_key__provider_key__ref_dim_provider_.e51f36ecb4: Close
[0m03:07:54.340952 [debug] [Thread-2 (]: Finished running node test.cryptopulse.not_null_fact_market_bar_provider_key.8be4a3d773
[0m03:07:54.341961 [debug] [Thread-3 (]: Finished running node test.cryptopulse.relationships_fact_market_bar_asset_key__asset_key__ref_dim_asset_.5b491ea399
[0m03:07:54.344083 [debug] [Thread-4 (]: Writing runtime sql for node "test.cryptopulse.unique_fact_market_bar_market_bar_key.b88512ab4b"
[0m03:07:54.345219 [info ] [Thread-1 (]: 24 of 27 PASS relationships_fact_market_bar_provider_key__provider_key__ref_dim_provider_  [[32mPASS[0m in 0.10s]
[0m03:07:54.348190 [debug] [Thread-1 (]: Finished running node test.cryptopulse.relationships_fact_market_bar_provider_key__provider_key__ref_dim_provider_.e51f36ecb4
[0m03:07:54.355829 [debug] [Thread-4 (]: Using postgres connection "test.cryptopulse.unique_fact_market_bar_market_bar_key.b88512ab4b"
[0m03:07:54.356736 [debug] [Thread-4 (]: On test.cryptopulse.unique_fact_market_bar_market_bar_key.b88512ab4b: /* {"app": "dbt", "dbt_version": "1.12.4", "profile_name": "cryptopulse", "target_name": "dev", "node_id": "test.cryptopulse.unique_fact_market_bar_market_bar_key.b88512ab4b"} */

    
    select
      count(*) as failures,
      count(*) != 0 as should_warn,
      count(*) != 0 as should_error
    from (
      
    
  
    
    

select
    market_bar_key as unique_field,
    count(*) as n_records

from "cryptopulse"."analytics_analytics"."fact_market_bar"
where market_bar_key is not null
group by market_bar_key
having count(*) > 1



  
  
      
    ) dbt_internal_test
[0m03:07:54.357579 [debug] [Thread-4 (]: Opening a new connection, currently in state closed
[0m03:07:54.365492 [debug] [Thread-4 (]: SQL status: SELECT 1 in 0.008 seconds
[0m03:07:54.367537 [debug] [Thread-4 (]: On test.cryptopulse.unique_fact_market_bar_market_bar_key.b88512ab4b: ROLLBACK
[0m03:07:54.368507 [debug] [Thread-4 (]: On test.cryptopulse.unique_fact_market_bar_market_bar_key.b88512ab4b: Close
[0m03:07:54.369629 [info ] [Thread-4 (]: 25 of 27 PASS unique_fact_market_bar_market_bar_key ............................ [[32mPASS[0m in 0.06s]
[0m03:07:54.370898 [debug] [Thread-4 (]: Finished running node test.cryptopulse.unique_fact_market_bar_market_bar_key.b88512ab4b
[0m03:07:54.372192 [debug] [Thread-2 (]: Began running node model.cryptopulse.mart_market_hourly
[0m03:07:54.373093 [info ] [Thread-2 (]: 26 of 27 START sql table model analytics_analytics.mart_market_hourly .......... [RUN]
[0m03:07:54.374409 [debug] [Thread-2 (]: Re-using an available connection from the pool (formerly test.cryptopulse.not_null_fact_market_bar_provider_key.8be4a3d773, now model.cryptopulse.mart_market_hourly)
[0m03:07:54.375257 [debug] [Thread-2 (]: Began compiling node model.cryptopulse.mart_market_hourly
[0m03:07:54.377646 [debug] [Thread-2 (]: Writing injected SQL for node "model.cryptopulse.mart_market_hourly"
[0m03:07:54.384853 [debug] [Thread-2 (]: Began executing node model.cryptopulse.mart_market_hourly
[0m03:07:54.388353 [debug] [Thread-2 (]: Writing runtime sql for node "model.cryptopulse.mart_market_hourly"
[0m03:07:54.397607 [debug] [Thread-2 (]: Using postgres connection "model.cryptopulse.mart_market_hourly"
[0m03:07:54.398384 [debug] [Thread-2 (]: On model.cryptopulse.mart_market_hourly: /* {"app": "dbt", "dbt_version": "1.12.4", "profile_name": "cryptopulse", "target_name": "dev", "node_id": "model.cryptopulse.mart_market_hourly"} */

  
    

  create  table "cryptopulse"."analytics_analytics"."mart_market_hourly__dbt_tmp"
  
  
    as
  
  (
    select
    provider,
    symbol,
    currency,
    date_trunc('hour', bar_start) as hour_start,
    (array_agg(open order by bar_start))[1] as open,
    max(high) as high,
    min(low) as low,
    (array_agg(close order by bar_start desc))[1] as close,
    sum(volume) as volume,
    sum(trade_count) as trade_count,
    sum(vwap * volume) / nullif(sum(volume), 0) as vwap
from "cryptopulse"."analytics_analytics"."fact_market_bar"
where interval = '1 minute'
group by provider, symbol, currency, date_trunc('hour', bar_start)
  );
  
[0m03:07:54.399229 [debug] [Thread-2 (]: Opening a new connection, currently in state closed
[0m03:07:54.417101 [debug] [Thread-2 (]: SQL status: SELECT 1 in 0.018 seconds
[0m03:07:54.419950 [debug] [Thread-2 (]: Using postgres connection "model.cryptopulse.mart_market_hourly"
[0m03:07:54.420762 [debug] [Thread-2 (]: On model.cryptopulse.mart_market_hourly: /* {"app": "dbt", "dbt_version": "1.12.4", "profile_name": "cryptopulse", "target_name": "dev", "node_id": "model.cryptopulse.mart_market_hourly"} */
alter table "cryptopulse"."analytics_analytics"."mart_market_hourly" rename to "mart_market_hourly__dbt_backup"
[0m03:07:54.421894 [debug] [Thread-2 (]: SQL status: ALTER TABLE in 0.000 seconds
[0m03:07:54.424858 [debug] [Thread-2 (]: Using postgres connection "model.cryptopulse.mart_market_hourly"
[0m03:07:54.425678 [debug] [Thread-2 (]: On model.cryptopulse.mart_market_hourly: /* {"app": "dbt", "dbt_version": "1.12.4", "profile_name": "cryptopulse", "target_name": "dev", "node_id": "model.cryptopulse.mart_market_hourly"} */
alter table "cryptopulse"."analytics_analytics"."mart_market_hourly__dbt_tmp" rename to "mart_market_hourly"
[0m03:07:54.427212 [debug] [Thread-2 (]: SQL status: ALTER TABLE in 0.000 seconds
[0m03:07:54.428999 [debug] [Thread-2 (]: On model.cryptopulse.mart_market_hourly: COMMIT
[0m03:07:54.429874 [debug] [Thread-2 (]: Using postgres connection "model.cryptopulse.mart_market_hourly"
[0m03:07:54.430665 [debug] [Thread-2 (]: On model.cryptopulse.mart_market_hourly: COMMIT
[0m03:07:54.434020 [debug] [Thread-2 (]: SQL status: COMMIT in 0.003 seconds
[0m03:07:54.435871 [debug] [Thread-2 (]: Applying DROP to: "cryptopulse"."analytics_analytics"."mart_market_hourly__dbt_backup"
[0m03:07:54.436817 [debug] [Thread-2 (]: Using postgres connection "model.cryptopulse.mart_market_hourly"
[0m03:07:54.437567 [debug] [Thread-2 (]: On model.cryptopulse.mart_market_hourly: /* {"app": "dbt", "dbt_version": "1.12.4", "profile_name": "cryptopulse", "target_name": "dev", "node_id": "model.cryptopulse.mart_market_hourly"} */
drop table if exists "cryptopulse"."analytics_analytics"."mart_market_hourly__dbt_backup" cascade
[0m03:07:54.442338 [debug] [Thread-2 (]: SQL status: DROP TABLE in 0.004 seconds
[0m03:07:54.443853 [debug] [Thread-2 (]: On model.cryptopulse.mart_market_hourly: Close
[0m03:07:54.445129 [debug] [Thread-2 (]: Sending event: {'category': 'dbt', 'action': 'run_model', 'label': '60f854cf-5333-407b-a4c6-3400e3558c87', 'context': [<snowplow_tracker.self_describing_json.SelfDescribingJson object at 0x7f7914097210>]}
[0m03:07:54.446126 [info ] [Thread-2 (]: 26 of 27 OK created sql table model analytics_analytics.mart_market_hourly ..... [[32mSELECT 1[0m in 0.07s]
[0m03:07:54.447490 [debug] [Thread-2 (]: Finished running node model.cryptopulse.mart_market_hourly
[0m03:07:54.448845 [debug] [Thread-1 (]: Began running node test.cryptopulse.not_null_mart_market_hourly_hour_start.4334a1b23c
[0m03:07:54.449743 [info ] [Thread-1 (]: 27 of 27 START test not_null_mart_market_hourly_hour_start ..................... [RUN]
[0m03:07:54.450836 [debug] [Thread-1 (]: Re-using an available connection from the pool (formerly test.cryptopulse.relationships_fact_market_bar_provider_key__provider_key__ref_dim_provider_.e51f36ecb4, now test.cryptopulse.not_null_mart_market_hourly_hour_start.4334a1b23c)
[0m03:07:54.452410 [debug] [Thread-1 (]: Began compiling node test.cryptopulse.not_null_mart_market_hourly_hour_start.4334a1b23c
[0m03:07:54.459758 [debug] [Thread-1 (]: Writing injected SQL for node "test.cryptopulse.not_null_mart_market_hourly_hour_start.4334a1b23c"
[0m03:07:54.469949 [debug] [Thread-1 (]: Began executing node test.cryptopulse.not_null_mart_market_hourly_hour_start.4334a1b23c
[0m03:07:54.472255 [debug] [Thread-1 (]: Writing runtime sql for node "test.cryptopulse.not_null_mart_market_hourly_hour_start.4334a1b23c"
[0m03:07:54.483282 [debug] [Thread-1 (]: Using postgres connection "test.cryptopulse.not_null_mart_market_hourly_hour_start.4334a1b23c"
[0m03:07:54.484124 [debug] [Thread-1 (]: On test.cryptopulse.not_null_mart_market_hourly_hour_start.4334a1b23c: /* {"app": "dbt", "dbt_version": "1.12.4", "profile_name": "cryptopulse", "target_name": "dev", "node_id": "test.cryptopulse.not_null_mart_market_hourly_hour_start.4334a1b23c"} */

    
    select
      count(*) as failures,
      count(*) != 0 as should_warn,
      count(*) != 0 as should_error
    from (
      
    
  
    
    



select hour_start
from "cryptopulse"."analytics_analytics"."mart_market_hourly"
where hour_start is null



  
  
      
    ) dbt_internal_test
[0m03:07:54.485401 [debug] [Thread-1 (]: Opening a new connection, currently in state closed
[0m03:07:54.492580 [debug] [Thread-1 (]: SQL status: SELECT 1 in 0.007 seconds
[0m03:07:54.494437 [debug] [Thread-1 (]: On test.cryptopulse.not_null_mart_market_hourly_hour_start.4334a1b23c: ROLLBACK
[0m03:07:54.495264 [debug] [Thread-1 (]: On test.cryptopulse.not_null_mart_market_hourly_hour_start.4334a1b23c: Close
[0m03:07:54.496309 [info ] [Thread-1 (]: 27 of 27 PASS not_null_mart_market_hourly_hour_start ........................... [[32mPASS[0m in 0.05s]
[0m03:07:54.498223 [debug] [Thread-1 (]: Finished running node test.cryptopulse.not_null_mart_market_hourly_hour_start.4334a1b23c
[0m03:07:54.500343 [debug] [MainThread]: On master: COMMIT
[0m03:07:54.501060 [debug] [MainThread]: Using postgres connection "master"
[0m03:07:54.501727 [debug] [MainThread]: On master: COMMIT
[0m03:07:54.502457 [debug] [MainThread]: Opening a new connection, currently in state closed
[0m03:07:54.508407 [debug] [MainThread]: SQL status: COMMIT in 0.006 seconds
[0m03:07:54.509195 [debug] [MainThread]: On master: Close
[0m03:07:54.510123 [debug] [MainThread]: Connection 'master' was properly closed.
[0m03:07:54.510753 [debug] [MainThread]: Connection 'test.cryptopulse.relationships_fact_market_bar_asset_key__asset_key__ref_dim_asset_.5b491ea399' was properly closed.
[0m03:07:54.511423 [debug] [MainThread]: Connection 'model.cryptopulse.mart_market_hourly' was properly closed.
[0m03:07:54.512082 [debug] [MainThread]: Connection 'test.cryptopulse.not_null_mart_market_hourly_hour_start.4334a1b23c' was properly closed.
[0m03:07:54.512616 [debug] [MainThread]: Connection 'test.cryptopulse.unique_fact_market_bar_market_bar_key.b88512ab4b' was properly closed.
[0m03:07:54.513682 [info ] [MainThread]: 
[0m03:07:54.514911 [info ] [MainThread]: Finished running 5 table models, 20 data tests, 2 view models in 0 hours 0 minutes and 1.36 seconds (1.36s).
[0m03:07:54.518123 [debug] [MainThread]: Command end result
[0m03:07:54.571643 [debug] [MainThread]: Wrote artifact WritableManifest to dbt/target/manifest.json
[0m03:07:54.578373 [debug] [MainThread]: Wrote artifact SemanticManifest to dbt/target/semantic_manifest.json
[0m03:07:54.583849 [debug] [MainThread]: Wrote artifact OsiDocument to dbt/target/osi_document.json
[0m03:07:54.594354 [debug] [MainThread]: Wrote artifact RunExecutionResult to dbt/target/run_results.json
[0m03:07:54.597200 [info ] [MainThread]: 
[0m03:07:54.599294 [info ] [MainThread]: [32mCompleted successfully[0m
[0m03:07:54.600171 [info ] [MainThread]: 
[0m03:07:54.601149 [info ] [MainThread]: Done. PASS=27 WARN=0 ERROR=0 SKIP=0 NO-OP=0 REUSED=0 TOTAL=27
[0m03:07:54.604908 [debug] [MainThread]: Resource report: {"command_name": "build", "command_success": true, "command_wall_clock_time": 2.4690168, "process_in_blocks": "0", "process_kernel_time": 0.619218, "process_mem_max_rss": "137088", "process_out_blocks": "2344", "process_user_time": 2.680198}
[0m03:07:54.605814 [debug] [MainThread]: Command `dbt build` succeeded at 03:07:54.605699 after 2.47 seconds
[0m03:07:54.606624 [debug] [MainThread]: Sending event: {'category': 'dbt', 'action': 'invocation', 'label': 'end', 'context': [<snowplow_tracker.self_describing_json.SelfDescribingJson object at 0x7f7914161d90>, <snowplow_tracker.self_describing_json.SelfDescribingJson object at 0x7f7914163250>, <snowplow_tracker.self_describing_json.SelfDescribingJson object at 0x7f7914103e10>]}
[0m03:07:54.607514 [debug] [MainThread]: Flushing usage events
[0m03:07:55.036228 [debug] [MainThread]: An error was encountered while trying to flush usage events
[0m15:21:03.208120 [debug] [MainThread]: Sending event: {'category': 'dbt', 'action': 'invocation', 'label': 'start', 'context': [<snowplow_tracker.self_describing_json.SelfDescribingJson object at 0x7f826a46f890>, <snowplow_tracker.self_describing_json.SelfDescribingJson object at 0x7f826a439950>, <snowplow_tracker.self_describing_json.SelfDescribingJson object at 0x7f826a43bed0>]}


============================== 15:21:03.216814 | de7a2b1e-88a7-4551-82ea-7656227a7d9a ==============================
[0m15:21:03.216814 [info ] [MainThread]: Running with dbt=1.12.4
[0m15:21:03.218242 [debug] [MainThread]: running dbt with arguments {'invocation_command': 'dbt build --project-dir dbt --profiles-dir dbt', 'indirect_selection': 'eager', 'use_colors': 'True', 'static_parser': 'True', 'use_experimental_parser': 'False', 'profiles_dir': 'dbt', 'fail_fast': 'False', 'partial_parse': 'True', 'target_path': 'None', 'debug': 'False', 'maximum_seed_size_mib': '1', 'empty': 'False', 'log_cache_events': 'False', 'introspect': 'True', 'quiet': 'False', 'version_check': 'True', 'no_print': 'None', 'hints_enabled': 'True', 'send_anonymous_usage_stats': 'True', 'warn_error_options': 'WarnErrorOptionsV2(error=[], warn=[], silence=[])', 'warn_error': 'None', 'write_json': 'True', 'cache_selected_only': 'False', 'printer_width': '80', 'log_format': 'default', 'log_path': 'dbt/logs'}
[0m15:21:03.449111 [debug] [MainThread]: Sending event: {'category': 'dbt', 'action': 'project_id', 'label': 'de7a2b1e-88a7-4551-82ea-7656227a7d9a', 'context': [<snowplow_tracker.self_describing_json.SelfDescribingJson object at 0x7f826a354190>]}
[0m15:21:03.518200 [debug] [MainThread]: Sending event: {'category': 'dbt', 'action': 'adapter_info', 'label': 'de7a2b1e-88a7-4551-82ea-7656227a7d9a', 'context': [<snowplow_tracker.self_describing_json.SelfDescribingJson object at 0x7f826d621250>]}
[0m15:21:03.521300 [info ] [MainThread]: Registered adapter: postgres=1.11.0
[0m15:21:03.596264 [debug] [MainThread]: checksum: d0ae13726430808d53368a611dcc448868af2e91ec7c8fa7fbc4e3d001aaea19, vars: {}, profile: cryptopulse, target: dev, version: 1.12.4
[0m15:21:04.098135 [error] [MainThread]: [[31mERROR[0m]: Encountered an error:
Parsing Error
  Error reading cryptopulse: marts/schema.yml - Runtime Error
    Syntax error near line 48
    ------------------------------
    45 |       - name: hour_start
    46 |         tests: [not_null]
    47 |   - name: mart_data_quality
    48 |     description: Grain: one persisted reconciliation check outcome per run.
    49 |     columns:
    50 |       - name: reconciliation_id
    51 |         tests: [unique, not_null]
    
    Raw Error:
    ------------------------------
    mapping values are not allowed in this context
      in "<unicode string>", line 48, column 23
[0m15:21:04.101012 [debug] [MainThread]: Resource report: {"command_name": "build", "command_success": false, "command_wall_clock_time": 1.0429873, "process_in_blocks": "83712", "process_kernel_time": 0.357583, "process_mem_max_rss": "123456", "process_out_blocks": "2224", "process_user_time": 2.418945}
[0m15:21:04.103486 [debug] [MainThread]: Command `dbt build` failed at 15:21:04.103330 after 1.05 seconds
[0m15:21:04.104892 [debug] [MainThread]: Sending event: {'category': 'dbt', 'action': 'invocation', 'label': 'end', 'context': [<snowplow_tracker.self_describing_json.SelfDescribingJson object at 0x7f826a34a110>, <snowplow_tracker.self_describing_json.SelfDescribingJson object at 0x7f826a34a350>, <snowplow_tracker.self_describing_json.SelfDescribingJson object at 0x7f8268b728d0>]}
[0m15:21:04.106299 [debug] [MainThread]: Flushing usage events
[0m15:21:04.376518 [debug] [MainThread]: An error was encountered while trying to flush usage events
[0m15:21:29.643570 [debug] [MainThread]: Sending event: {'category': 'dbt', 'action': 'invocation', 'label': 'start', 'context': [<snowplow_tracker.self_describing_json.SelfDescribingJson object at 0x7f28d142b950>, <snowplow_tracker.self_describing_json.SelfDescribingJson object at 0x7f28d12d4890>, <snowplow_tracker.self_describing_json.SelfDescribingJson object at 0x7f28d12d6a90>]}


============================== 15:21:29.650266 | 488e4a66-0d6e-4e63-949f-0c6ea4265830 ==============================
[0m15:21:29.650266 [info ] [MainThread]: Running with dbt=1.12.4
[0m15:21:29.652006 [debug] [MainThread]: running dbt with arguments {'use_experimental_parser': 'False', 'target_path': 'None', 'fail_fast': 'False', 'log_cache_events': 'False', 'maximum_seed_size_mib': '1', 'log_format': 'default', 'indirect_selection': 'eager', 'static_parser': 'True', 'write_json': 'True', 'send_anonymous_usage_stats': 'True', 'invocation_command': 'dbt build --project-dir dbt --profiles-dir dbt', 'empty': 'False', 'profiles_dir': 'dbt', 'hints_enabled': 'True', 'log_path': 'dbt/logs', 'cache_selected_only': 'False', 'introspect': 'True', 'version_check': 'True', 'debug': 'False', 'quiet': 'False', 'warn_error_options': 'WarnErrorOptionsV2(error=[], warn=[], silence=[])', 'partial_parse': 'True', 'warn_error': 'None', 'use_colors': 'True', 'printer_width': '80', 'no_print': 'None'}
[0m15:21:29.826985 [debug] [MainThread]: Sending event: {'category': 'dbt', 'action': 'project_id', 'label': '488e4a66-0d6e-4e63-949f-0c6ea4265830', 'context': [<snowplow_tracker.self_describing_json.SelfDescribingJson object at 0x7f28d1dc7450>]}
[0m15:21:29.889766 [debug] [MainThread]: Sending event: {'category': 'dbt', 'action': 'adapter_info', 'label': '488e4a66-0d6e-4e63-949f-0c6ea4265830', 'context': [<snowplow_tracker.self_describing_json.SelfDescribingJson object at 0x7f28d45c8fd0>]}
[0m15:21:29.892192 [info ] [MainThread]: Registered adapter: postgres=1.11.0
[0m15:21:29.954938 [debug] [MainThread]: checksum: d0ae13726430808d53368a611dcc448868af2e91ec7c8fa7fbc4e3d001aaea19, vars: {}, profile: cryptopulse, target: dev, version: 1.12.4
[0m15:21:30.419910 [debug] [MainThread]: Partial parsing enabled: 0 files deleted, 1 files added, 2 files changed.
[0m15:21:30.421223 [debug] [MainThread]: Partial parsing: added file: cryptopulse://models/marts/mart_data_quality.sql
[0m15:21:30.422629 [debug] [MainThread]: Partial parsing: updated file: cryptopulse://models/marts/fact_market_bar.sql
[0m15:21:30.424044 [debug] [MainThread]: Partial parsing: updated file: cryptopulse://models/sources.yml
[0m15:21:30.425383 [debug] [MainThread]: Partial parsing: updated file: cryptopulse://models/marts/schema.yml
[0m15:21:31.225838 [warn ] [MainThread]: [[33mWARNING[0m][MissingArgumentsPropertyInGenericTestDeprecation]: Deprecated
functionality
Found top-level arguments to test `accepted_values` defined on 'raw_market_bars'
in package 'cryptopulse' (models/sources.yml). Arguments to generic tests should
be nested under the `arguments` property.
[0m15:21:31.241051 [debug] [MainThread]: Sending event: {'category': 'dbt', 'action': 'deprecation', 'label': '488e4a66-0d6e-4e63-949f-0c6ea4265830', 'property_': 'warn', 'context': [<snowplow_tracker.self_describing_json.SelfDescribingJson object at 0x7f28d032a450>]}
[0m15:21:31.378298 [debug] [MainThread]: Sending event: {'category': 'dbt', 'action': 'load_project', 'label': '488e4a66-0d6e-4e63-949f-0c6ea4265830', 'context': [<snowplow_tracker.self_describing_json.SelfDescribingJson object at 0x7f28838a2050>]}
[0m15:21:31.544246 [debug] [MainThread]: Wrote artifact WritableManifest to dbt/target/manifest.json
[0m15:21:31.556530 [debug] [MainThread]: Wrote artifact SemanticManifest to dbt/target/semantic_manifest.json
[0m15:21:31.594830 [debug] [MainThread]: Wrote artifact OsiDocument to dbt/target/osi_document.json
[0m15:21:31.644826 [debug] [MainThread]: Sending event: {'category': 'dbt', 'action': 'resource_counts', 'label': '488e4a66-0d6e-4e63-949f-0c6ea4265830', 'context': [<snowplow_tracker.self_describing_json.SelfDescribingJson object at 0x7f2883533bd0>]}
[0m15:21:31.650570 [info ] [MainThread]: Found 8 models, 27 data tests, 2 sources, 478 macros
[0m15:21:31.656359 [info ] [MainThread]: 
[0m15:21:31.658003 [info ] [MainThread]: Concurrency: 4 threads (target='dev')
[0m15:21:31.661596 [info ] [MainThread]: 
[0m15:21:31.663802 [debug] [MainThread]: Acquiring new postgres connection 'master'
[0m15:21:31.669633 [debug] [ThreadPool]: Acquiring new postgres connection 'list_cryptopulse'
[0m15:21:31.670380 [debug] [ThreadPool]: Acquiring new postgres connection 'list_cryptopulse'
[0m15:21:31.671475 [debug] [ThreadPool]: Acquiring new postgres connection 'list_cryptopulse'
[0m15:21:31.813674 [debug] [ThreadPool]: Using postgres connection "list_cryptopulse"
[0m15:21:31.814131 [debug] [ThreadPool]: Using postgres connection "list_cryptopulse"
[0m15:21:31.814475 [debug] [ThreadPool]: Using postgres connection "list_cryptopulse"
[0m15:21:31.815301 [debug] [ThreadPool]: On list_cryptopulse: /* {"app": "dbt", "dbt_version": "1.12.4", "profile_name": "cryptopulse", "target_name": "dev", "connection_name": "list_cryptopulse"} */

    select distinct nspname from pg_namespace
  
[0m15:21:31.816269 [debug] [ThreadPool]: On list_cryptopulse: /* {"app": "dbt", "dbt_version": "1.12.4", "profile_name": "cryptopulse", "target_name": "dev", "connection_name": "list_cryptopulse"} */

    select distinct nspname from pg_namespace
  
[0m15:21:31.817132 [debug] [ThreadPool]: On list_cryptopulse: /* {"app": "dbt", "dbt_version": "1.12.4", "profile_name": "cryptopulse", "target_name": "dev", "connection_name": "list_cryptopulse"} */

    select distinct nspname from pg_namespace
  
[0m15:21:31.817954 [debug] [ThreadPool]: Opening a new connection, currently in state init
[0m15:21:31.818919 [debug] [ThreadPool]: Opening a new connection, currently in state init
[0m15:21:31.819716 [debug] [ThreadPool]: Opening a new connection, currently in state init
[0m15:21:31.854150 [debug] [ThreadPool]: SQL status: SELECT 8 in 0.036 seconds
[0m15:21:31.854632 [debug] [ThreadPool]: SQL status: SELECT 8 in 0.035 seconds
[0m15:21:31.854959 [debug] [ThreadPool]: SQL status: SELECT 8 in 0.036 seconds
[0m15:21:31.858360 [debug] [ThreadPool]: On list_cryptopulse: Close
[0m15:21:31.860504 [debug] [ThreadPool]: On list_cryptopulse: Close
[0m15:21:31.863164 [debug] [ThreadPool]: On list_cryptopulse: Close
[0m15:21:31.870896 [debug] [ThreadPool]: Re-using an available connection from the pool (formerly list_cryptopulse, now list_cryptopulse_analytics_intermediate)
[0m15:21:31.871666 [debug] [ThreadPool]: Re-using an available connection from the pool (formerly list_cryptopulse, now list_cryptopulse_analytics_staging)
[0m15:21:31.872552 [debug] [ThreadPool]: Re-using an available connection from the pool (formerly list_cryptopulse, now list_cryptopulse_analytics_analytics)
[0m15:21:31.878453 [debug] [ThreadPool]: Using postgres connection "list_cryptopulse_analytics_intermediate"
[0m15:21:31.881289 [debug] [ThreadPool]: Using postgres connection "list_cryptopulse_analytics_staging"
[0m15:21:31.882890 [debug] [ThreadPool]: Using postgres connection "list_cryptopulse_analytics_analytics"
[0m15:21:31.884204 [debug] [ThreadPool]: On list_cryptopulse_analytics_intermediate: /* {"app": "dbt", "dbt_version": "1.12.4", "profile_name": "cryptopulse", "target_name": "dev", "connection_name": "list_cryptopulse_analytics_intermediate"} */
select
      'cryptopulse' as database,
      tablename as name,
      schemaname as schema,
      'table' as type
    from pg_tables
    where schemaname ilike 'analytics_intermediate'
    union all
    select
      'cryptopulse' as database,
      viewname as name,
      schemaname as schema,
      'view' as type
    from pg_views
    where schemaname ilike 'analytics_intermediate'
    union all
    select
      'cryptopulse' as database,
      matviewname as name,
      schemaname as schema,
      'materialized_view' as type
    from pg_matviews
    where schemaname ilike 'analytics_intermediate'
    union all
    select distinct
     'cryptopulse' as database,
     proname as name,
     ns.nspname as schema,
     'function' as type
    from pg_proc
     join pg_namespace as ns on pronamespace = ns.oid
    where ns.nspname ilike 'analytics_intermediate'
  
[0m15:21:31.885374 [debug] [ThreadPool]: On list_cryptopulse_analytics_staging: /* {"app": "dbt", "dbt_version": "1.12.4", "profile_name": "cryptopulse", "target_name": "dev", "connection_name": "list_cryptopulse_analytics_staging"} */
select
      'cryptopulse' as database,
      tablename as name,
      schemaname as schema,
      'table' as type
    from pg_tables
    where schemaname ilike 'analytics_staging'
    union all
    select
      'cryptopulse' as database,
      viewname as name,
      schemaname as schema,
      'view' as type
    from pg_views
    where schemaname ilike 'analytics_staging'
    union all
    select
      'cryptopulse' as database,
      matviewname as name,
      schemaname as schema,
      'materialized_view' as type
    from pg_matviews
    where schemaname ilike 'analytics_staging'
    union all
    select distinct
     'cryptopulse' as database,
     proname as name,
     ns.nspname as schema,
     'function' as type
    from pg_proc
     join pg_namespace as ns on pronamespace = ns.oid
    where ns.nspname ilike 'analytics_staging'
  
[0m15:21:31.886702 [debug] [ThreadPool]: On list_cryptopulse_analytics_analytics: /* {"app": "dbt", "dbt_version": "1.12.4", "profile_name": "cryptopulse", "target_name": "dev", "connection_name": "list_cryptopulse_analytics_analytics"} */
select
      'cryptopulse' as database,
      tablename as name,
      schemaname as schema,
      'table' as type
    from pg_tables
    where schemaname ilike 'analytics_analytics'
    union all
    select
      'cryptopulse' as database,
      viewname as name,
      schemaname as schema,
      'view' as type
    from pg_views
    where schemaname ilike 'analytics_analytics'
    union all
    select
      'cryptopulse' as database,
      matviewname as name,
      schemaname as schema,
      'materialized_view' as type
    from pg_matviews
    where schemaname ilike 'analytics_analytics'
    union all
    select distinct
     'cryptopulse' as database,
     proname as name,
     ns.nspname as schema,
     'function' as type
    from pg_proc
     join pg_namespace as ns on pronamespace = ns.oid
    where ns.nspname ilike 'analytics_analytics'
  
[0m15:21:31.888062 [debug] [ThreadPool]: Opening a new connection, currently in state closed
[0m15:21:31.890467 [debug] [ThreadPool]: Opening a new connection, currently in state closed
[0m15:21:31.891523 [debug] [ThreadPool]: Opening a new connection, currently in state closed
[0m15:21:31.911214 [debug] [ThreadPool]: SQL status: SELECT 1 in 0.021 seconds
[0m15:21:31.911687 [debug] [ThreadPool]: SQL status: SELECT 1 in 0.024 seconds
[0m15:21:31.912094 [debug] [ThreadPool]: SQL status: SELECT 5 in 0.021 seconds
[0m15:21:31.914680 [debug] [ThreadPool]: On list_cryptopulse_analytics_staging: ROLLBACK
[0m15:21:31.916904 [debug] [ThreadPool]: On list_cryptopulse_analytics_intermediate: ROLLBACK
[0m15:21:31.919885 [debug] [ThreadPool]: On list_cryptopulse_analytics_analytics: ROLLBACK
[0m15:21:31.922121 [debug] [ThreadPool]: On list_cryptopulse_analytics_staging: Close
[0m15:21:31.923160 [debug] [ThreadPool]: On list_cryptopulse_analytics_intermediate: Close
[0m15:21:31.924329 [debug] [ThreadPool]: On list_cryptopulse_analytics_analytics: Close
[0m15:21:31.932641 [debug] [MainThread]: Using postgres connection "master"
[0m15:21:31.934033 [debug] [MainThread]: On master: /* {"app": "dbt", "dbt_version": "1.12.4", "profile_name": "cryptopulse", "target_name": "dev", "connection_name": "master"} */
select distinct
        dependent_namespace.nspname as dependent_schema,
        dependent_class.relname as dependent_name,
        referenced_namespace.nspname as referenced_schema,
        referenced_class.relname as referenced_name

    -- Query for views: views are entries in pg_class with an entry in pg_rewrite, but we avoid
    -- a seq scan on pg_rewrite by leveraging the fact there is an "internal" row in pg_depend for
    -- the view...
    from pg_class as dependent_class
    join pg_namespace as dependent_namespace on dependent_namespace.oid = dependent_class.relnamespace
    join pg_depend as dependent_depend on dependent_depend.refobjid = dependent_class.oid
        and dependent_depend.classid = 'pg_rewrite'::regclass
        and dependent_depend.refclassid = 'pg_class'::regclass
        and dependent_depend.deptype = 'i'

    -- ... and via pg_depend (that has a row per column, hence the need for "distinct" above, and
    -- making sure to exclude the internal row to avoid a view appearing to depend on itself)...
    join pg_depend as joining_depend on joining_depend.objid = dependent_depend.objid
        and joining_depend.classid = 'pg_rewrite'::regclass
        and joining_depend.refclassid = 'pg_class'::regclass
        and joining_depend.refobjid != dependent_depend.refobjid

    -- ... we can find the tables they query from in pg_class, but excluding system tables. Note we
    -- don't need need to exclude _dependent_ system tables, because they only query from other
    -- system tables, and so are automatically excluded by excluding _referenced_ system tables
    join pg_class as referenced_class on referenced_class.oid = joining_depend.refobjid
    join pg_namespace as referenced_namespace on referenced_namespace.oid = referenced_class.relnamespace
        and referenced_namespace.nspname != 'information_schema'
        and referenced_namespace.nspname not like 'pg\_%'

    order by
        dependent_schema, dependent_name, referenced_schema, referenced_name;
[0m15:21:31.935076 [debug] [MainThread]: Opening a new connection, currently in state init
[0m15:21:31.951356 [debug] [MainThread]: SQL status: SELECT 2 in 0.016 seconds
[0m15:21:31.954548 [debug] [MainThread]: Sending event: {'category': 'dbt', 'action': 'runnable_timing', 'label': '488e4a66-0d6e-4e63-949f-0c6ea4265830', 'context': [<snowplow_tracker.self_describing_json.SelfDescribingJson object at 0x7f288351bc50>]}
[0m15:21:31.956181 [debug] [MainThread]: On master: ROLLBACK
[0m15:21:31.957489 [debug] [MainThread]: On master: COMMIT
[0m15:21:31.958706 [debug] [MainThread]: Using postgres connection "master"
[0m15:21:31.959778 [debug] [MainThread]: On master: COMMIT
[0m15:21:31.961679 [debug] [MainThread]: SQL status: COMMIT in 0.001 seconds
[0m15:21:31.963098 [debug] [MainThread]: On master: Close
[0m15:21:31.974775 [debug] [Thread-1 (]: Began running node test.cryptopulse.source_accepted_values_raw_market_bars_interval__1_minute__5_minutes__15_minutes__1_hour.c593af3e17
[0m15:21:31.975540 [debug] [Thread-2 (]: Began running node test.cryptopulse.source_accepted_values_raw_reconciliation_results_status__pass__fail.aa61e17b93
[0m15:21:31.976183 [debug] [Thread-3 (]: Began running node test.cryptopulse.source_not_null_raw_market_bars_bar_start.94c088dadc
[0m15:21:31.976837 [debug] [Thread-4 (]: Began running node test.cryptopulse.source_not_null_raw_market_bars_interval.d6fc8f0666
[0m15:21:31.977512 [info ] [Thread-1 (]: 1 of 35 START test source_accepted_values_raw_market_bars_interval__1_minute__5_minutes__15_minutes__1_hour  [RUN]
[0m15:21:31.978863 [info ] [Thread-2 (]: 2 of 35 START test source_accepted_values_raw_reconciliation_results_status__pass__fail  [RUN]
[0m15:21:31.980316 [info ] [Thread-3 (]: 3 of 35 START test source_not_null_raw_market_bars_bar_start ................... [RUN]
[0m15:21:31.981858 [info ] [Thread-4 (]: 4 of 35 START test source_not_null_raw_market_bars_interval .................... [RUN]
[0m15:21:31.983471 [debug] [Thread-1 (]: Re-using an available connection from the pool (formerly list_cryptopulse_analytics_analytics, now test.cryptopulse.source_accepted_values_raw_market_bars_interval__1_minute__5_minutes__15_minutes__1_hour.c593af3e17)
[0m15:21:31.985199 [debug] [Thread-2 (]: Re-using an available connection from the pool (formerly list_cryptopulse_analytics_intermediate, now test.cryptopulse.source_accepted_values_raw_reconciliation_results_status__pass__fail.aa61e17b93)
[0m15:21:31.987959 [debug] [Thread-3 (]: Re-using an available connection from the pool (formerly list_cryptopulse_analytics_staging, now test.cryptopulse.source_not_null_raw_market_bars_bar_start.94c088dadc)
[0m15:21:31.993864 [debug] [Thread-4 (]: Acquiring new postgres connection 'test.cryptopulse.source_not_null_raw_market_bars_interval.d6fc8f0666'
[0m15:21:31.995176 [debug] [Thread-1 (]: Began compiling node test.cryptopulse.source_accepted_values_raw_market_bars_interval__1_minute__5_minutes__15_minutes__1_hour.c593af3e17
[0m15:21:31.996340 [debug] [Thread-2 (]: Began compiling node test.cryptopulse.source_accepted_values_raw_reconciliation_results_status__pass__fail.aa61e17b93
[0m15:21:32.023161 [debug] [Thread-3 (]: Began compiling node test.cryptopulse.source_not_null_raw_market_bars_bar_start.94c088dadc
[0m15:21:32.032619 [debug] [Thread-4 (]: Began compiling node test.cryptopulse.source_not_null_raw_market_bars_interval.d6fc8f0666
[0m15:21:32.046829 [debug] [Thread-1 (]: Writing injected SQL for node "test.cryptopulse.source_accepted_values_raw_market_bars_interval__1_minute__5_minutes__15_minutes__1_hour.c593af3e17"
[0m15:21:32.054531 [debug] [Thread-2 (]: Writing injected SQL for node "test.cryptopulse.source_accepted_values_raw_reconciliation_results_status__pass__fail.aa61e17b93"
[0m15:21:32.066275 [debug] [Thread-3 (]: Writing injected SQL for node "test.cryptopulse.source_not_null_raw_market_bars_bar_start.94c088dadc"
[0m15:21:32.074554 [debug] [Thread-4 (]: Writing injected SQL for node "test.cryptopulse.source_not_null_raw_market_bars_interval.d6fc8f0666"
[0m15:21:32.085786 [debug] [Thread-2 (]: Began executing node test.cryptopulse.source_accepted_values_raw_reconciliation_results_status__pass__fail.aa61e17b93
[0m15:21:32.097886 [debug] [Thread-3 (]: Began executing node test.cryptopulse.source_not_null_raw_market_bars_bar_start.94c088dadc
[0m15:21:32.098487 [debug] [Thread-1 (]: Began executing node test.cryptopulse.source_accepted_values_raw_market_bars_interval__1_minute__5_minutes__15_minutes__1_hour.c593af3e17
[0m15:21:32.098858 [debug] [Thread-4 (]: Began executing node test.cryptopulse.source_not_null_raw_market_bars_interval.d6fc8f0666
[0m15:21:32.112245 [debug] [Thread-2 (]: Writing runtime sql for node "test.cryptopulse.source_accepted_values_raw_reconciliation_results_status__pass__fail.aa61e17b93"
[0m15:21:32.114476 [debug] [Thread-3 (]: Writing runtime sql for node "test.cryptopulse.source_not_null_raw_market_bars_bar_start.94c088dadc"
[0m15:21:32.117234 [debug] [Thread-1 (]: Writing runtime sql for node "test.cryptopulse.source_accepted_values_raw_market_bars_interval__1_minute__5_minutes__15_minutes__1_hour.c593af3e17"
[0m15:21:32.119967 [debug] [Thread-4 (]: Writing runtime sql for node "test.cryptopulse.source_not_null_raw_market_bars_interval.d6fc8f0666"
[0m15:21:32.128480 [debug] [Thread-2 (]: Using postgres connection "test.cryptopulse.source_accepted_values_raw_reconciliation_results_status__pass__fail.aa61e17b93"
[0m15:21:32.130206 [debug] [Thread-2 (]: On test.cryptopulse.source_accepted_values_raw_reconciliation_results_status__pass__fail.aa61e17b93: /* {"app": "dbt", "dbt_version": "1.12.4", "profile_name": "cryptopulse", "target_name": "dev", "node_id": "test.cryptopulse.source_accepted_values_raw_reconciliation_results_status__pass__fail.aa61e17b93"} */

    
    select
      count(*) as failures,
      count(*) != 0 as should_warn,
      count(*) != 0 as should_error
    from (
      
    
  
    
    

with all_values as (

    select
        status as value_field,
        count(*) as n_records

    from "cryptopulse"."raw"."reconciliation_results"
    group by status

)

select *
from all_values
where value_field not in (
    'pass','fail'
)



  
  
      
    ) dbt_internal_test
[0m15:21:32.131782 [debug] [Thread-1 (]: Using postgres connection "test.cryptopulse.source_accepted_values_raw_market_bars_interval__1_minute__5_minutes__15_minutes__1_hour.c593af3e17"
[0m15:21:32.132252 [debug] [Thread-3 (]: Using postgres connection "test.cryptopulse.source_not_null_raw_market_bars_bar_start.94c088dadc"
[0m15:21:32.132678 [debug] [Thread-2 (]: Opening a new connection, currently in state closed
[0m15:21:32.133608 [debug] [Thread-4 (]: Using postgres connection "test.cryptopulse.source_not_null_raw_market_bars_interval.d6fc8f0666"
[0m15:21:32.134202 [debug] [Thread-1 (]: On test.cryptopulse.source_accepted_values_raw_market_bars_interval__1_minute__5_minutes__15_minutes__1_hour.c593af3e17: /* {"app": "dbt", "dbt_version": "1.12.4", "profile_name": "cryptopulse", "target_name": "dev", "node_id": "test.cryptopulse.source_accepted_values_raw_market_bars_interval__1_minute__5_minutes__15_minutes__1_hour.c593af3e17"} */

    
    select
      count(*) as failures,
      count(*) != 0 as should_warn,
      count(*) != 0 as should_error
    from (
      
    
  
    
    

with all_values as (

    select
        interval as value_field,
        count(*) as n_records

    from "cryptopulse"."raw"."market_bars"
    group by interval

)

select *
from all_values
where value_field not in (
    '1 minute','5 minutes','15 minutes','1 hour'
)



  
  
      
    ) dbt_internal_test
[0m15:21:32.135167 [debug] [Thread-3 (]: On test.cryptopulse.source_not_null_raw_market_bars_bar_start.94c088dadc: /* {"app": "dbt", "dbt_version": "1.12.4", "profile_name": "cryptopulse", "target_name": "dev", "node_id": "test.cryptopulse.source_not_null_raw_market_bars_bar_start.94c088dadc"} */

    
    select
      count(*) as failures,
      count(*) != 0 as should_warn,
      count(*) != 0 as should_error
    from (
      
    
  
    
    



select bar_start
from "cryptopulse"."raw"."market_bars"
where bar_start is null



  
  
      
    ) dbt_internal_test
[0m15:21:32.138044 [debug] [Thread-4 (]: On test.cryptopulse.source_not_null_raw_market_bars_interval.d6fc8f0666: /* {"app": "dbt", "dbt_version": "1.12.4", "profile_name": "cryptopulse", "target_name": "dev", "node_id": "test.cryptopulse.source_not_null_raw_market_bars_interval.d6fc8f0666"} */

    
    select
      count(*) as failures,
      count(*) != 0 as should_warn,
      count(*) != 0 as should_error
    from (
      
    
  
    
    



select interval
from "cryptopulse"."raw"."market_bars"
where interval is null



  
  
      
    ) dbt_internal_test
[0m15:21:32.139573 [debug] [Thread-1 (]: Opening a new connection, currently in state closed
[0m15:21:32.140685 [debug] [Thread-3 (]: Opening a new connection, currently in state closed
[0m15:21:32.142026 [debug] [Thread-4 (]: Opening a new connection, currently in state init
[0m15:21:32.147051 [debug] [Thread-2 (]: SQL status: SELECT 1 in 0.014 seconds
[0m15:21:32.154180 [debug] [Thread-2 (]: On test.cryptopulse.source_accepted_values_raw_reconciliation_results_status__pass__fail.aa61e17b93: ROLLBACK
[0m15:21:32.155728 [debug] [Thread-2 (]: On test.cryptopulse.source_accepted_values_raw_reconciliation_results_status__pass__fail.aa61e17b93: Close
[0m15:21:32.156488 [debug] [Thread-4 (]: SQL status: SELECT 1 in 0.014 seconds
[0m15:21:32.157060 [debug] [Thread-3 (]: SQL status: SELECT 1 in 0.016 seconds
[0m15:21:32.157538 [debug] [Thread-1 (]: SQL status: SELECT 1 in 0.018 seconds
[0m15:21:32.159309 [info ] [Thread-2 (]: 2 of 35 PASS source_accepted_values_raw_reconciliation_results_status__pass__fail  [[32mPASS[0m in 0.17s]
[0m15:21:32.161862 [debug] [Thread-4 (]: On test.cryptopulse.source_not_null_raw_market_bars_interval.d6fc8f0666: ROLLBACK
[0m15:21:32.164028 [debug] [Thread-3 (]: On test.cryptopulse.source_not_null_raw_market_bars_bar_start.94c088dadc: ROLLBACK
[0m15:21:32.166259 [debug] [Thread-1 (]: On test.cryptopulse.source_accepted_values_raw_market_bars_interval__1_minute__5_minutes__15_minutes__1_hour.c593af3e17: ROLLBACK
[0m15:21:32.167624 [debug] [Thread-2 (]: Finished running node test.cryptopulse.source_accepted_values_raw_reconciliation_results_status__pass__fail.aa61e17b93
[0m15:21:32.169193 [debug] [Thread-4 (]: On test.cryptopulse.source_not_null_raw_market_bars_interval.d6fc8f0666: Close
[0m15:21:32.170503 [debug] [Thread-3 (]: On test.cryptopulse.source_not_null_raw_market_bars_bar_start.94c088dadc: Close
[0m15:21:32.171671 [debug] [Thread-1 (]: On test.cryptopulse.source_accepted_values_raw_market_bars_interval__1_minute__5_minutes__15_minutes__1_hour.c593af3e17: Close
[0m15:21:32.172713 [debug] [Thread-2 (]: Began running node test.cryptopulse.source_not_null_raw_market_bars_provider.d07d64066e
[0m15:21:32.174311 [info ] [Thread-4 (]: 4 of 35 PASS source_not_null_raw_market_bars_interval .......................... [[32mPASS[0m in 0.18s]
[0m15:21:32.175977 [info ] [Thread-3 (]: 3 of 35 PASS source_not_null_raw_market_bars_bar_start ......................... [[32mPASS[0m in 0.19s]
[0m15:21:32.177732 [info ] [Thread-1 (]: 1 of 35 PASS source_accepted_values_raw_market_bars_interval__1_minute__5_minutes__15_minutes__1_hour  [[32mPASS[0m in 0.19s]
[0m15:21:32.178962 [info ] [Thread-2 (]: 5 of 35 START test source_not_null_raw_market_bars_provider .................... [RUN]
[0m15:21:32.180323 [debug] [Thread-4 (]: Finished running node test.cryptopulse.source_not_null_raw_market_bars_interval.d6fc8f0666
[0m15:21:32.181895 [debug] [Thread-3 (]: Finished running node test.cryptopulse.source_not_null_raw_market_bars_bar_start.94c088dadc
[0m15:21:32.183299 [debug] [Thread-1 (]: Finished running node test.cryptopulse.source_accepted_values_raw_market_bars_interval__1_minute__5_minutes__15_minutes__1_hour.c593af3e17
[0m15:21:32.184467 [debug] [Thread-2 (]: Re-using an available connection from the pool (formerly test.cryptopulse.source_accepted_values_raw_reconciliation_results_status__pass__fail.aa61e17b93, now test.cryptopulse.source_not_null_raw_market_bars_provider.d07d64066e)
[0m15:21:32.186234 [debug] [Thread-4 (]: Began running node test.cryptopulse.source_not_null_raw_market_bars_symbol.8105414bc0
[0m15:21:32.187500 [debug] [Thread-3 (]: Began running node test.cryptopulse.source_not_null_raw_reconciliation_results_reconciliation_id.7ba5be6021
[0m15:21:32.188678 [debug] [Thread-1 (]: Began running node test.cryptopulse.source_not_null_raw_reconciliation_results_run_id.29d53b199f
[0m15:21:32.189800 [debug] [Thread-2 (]: Began compiling node test.cryptopulse.source_not_null_raw_market_bars_provider.d07d64066e
[0m15:21:32.190913 [info ] [Thread-4 (]: 6 of 35 START test source_not_null_raw_market_bars_symbol ...................... [RUN]
[0m15:21:32.192249 [info ] [Thread-3 (]: 7 of 35 START test source_not_null_raw_reconciliation_results_reconciliation_id  [RUN]
[0m15:21:32.193228 [info ] [Thread-1 (]: 8 of 35 START test source_not_null_raw_reconciliation_results_run_id ........... [RUN]
[0m15:21:32.202867 [debug] [Thread-2 (]: Writing injected SQL for node "test.cryptopulse.source_not_null_raw_market_bars_provider.d07d64066e"
[0m15:21:32.204362 [debug] [Thread-4 (]: Re-using an available connection from the pool (formerly test.cryptopulse.source_not_null_raw_market_bars_interval.d6fc8f0666, now test.cryptopulse.source_not_null_raw_market_bars_symbol.8105414bc0)
[0m15:21:32.205882 [debug] [Thread-3 (]: Re-using an available connection from the pool (formerly test.cryptopulse.source_not_null_raw_market_bars_bar_start.94c088dadc, now test.cryptopulse.source_not_null_raw_reconciliation_results_reconciliation_id.7ba5be6021)
[0m15:21:32.207400 [debug] [Thread-1 (]: Re-using an available connection from the pool (formerly test.cryptopulse.source_accepted_values_raw_market_bars_interval__1_minute__5_minutes__15_minutes__1_hour.c593af3e17, now test.cryptopulse.source_not_null_raw_reconciliation_results_run_id.29d53b199f)
[0m15:21:32.209569 [debug] [Thread-4 (]: Began compiling node test.cryptopulse.source_not_null_raw_market_bars_symbol.8105414bc0
[0m15:21:32.210955 [debug] [Thread-3 (]: Began compiling node test.cryptopulse.source_not_null_raw_reconciliation_results_reconciliation_id.7ba5be6021
[0m15:21:32.212250 [debug] [Thread-1 (]: Began compiling node test.cryptopulse.source_not_null_raw_reconciliation_results_run_id.29d53b199f
[0m15:21:32.221014 [debug] [Thread-4 (]: Writing injected SQL for node "test.cryptopulse.source_not_null_raw_market_bars_symbol.8105414bc0"
[0m15:21:32.227623 [debug] [Thread-2 (]: Began executing node test.cryptopulse.source_not_null_raw_market_bars_provider.d07d64066e
[0m15:21:32.230310 [debug] [Thread-3 (]: Writing injected SQL for node "test.cryptopulse.source_not_null_raw_reconciliation_results_reconciliation_id.7ba5be6021"
[0m15:21:32.239596 [debug] [Thread-1 (]: Writing injected SQL for node "test.cryptopulse.source_not_null_raw_reconciliation_results_run_id.29d53b199f"
[0m15:21:32.243602 [debug] [Thread-2 (]: Writing runtime sql for node "test.cryptopulse.source_not_null_raw_market_bars_provider.d07d64066e"
[0m15:21:32.252918 [debug] [Thread-4 (]: Began executing node test.cryptopulse.source_not_null_raw_market_bars_symbol.8105414bc0
[0m15:21:32.254215 [debug] [Thread-3 (]: Began executing node test.cryptopulse.source_not_null_raw_reconciliation_results_reconciliation_id.7ba5be6021
[0m15:21:32.256611 [debug] [Thread-4 (]: Writing runtime sql for node "test.cryptopulse.source_not_null_raw_market_bars_symbol.8105414bc0"
[0m15:21:32.259350 [debug] [Thread-3 (]: Writing runtime sql for node "test.cryptopulse.source_not_null_raw_reconciliation_results_reconciliation_id.7ba5be6021"
[0m15:21:32.260001 [debug] [Thread-1 (]: Began executing node test.cryptopulse.source_not_null_raw_reconciliation_results_run_id.29d53b199f
[0m15:21:32.260618 [debug] [Thread-2 (]: Using postgres connection "test.cryptopulse.source_not_null_raw_market_bars_provider.d07d64066e"
[0m15:21:32.266155 [debug] [Thread-1 (]: Writing runtime sql for node "test.cryptopulse.source_not_null_raw_reconciliation_results_run_id.29d53b199f"
[0m15:21:32.267484 [debug] [Thread-2 (]: On test.cryptopulse.source_not_null_raw_market_bars_provider.d07d64066e: /* {"app": "dbt", "dbt_version": "1.12.4", "profile_name": "cryptopulse", "target_name": "dev", "node_id": "test.cryptopulse.source_not_null_raw_market_bars_provider.d07d64066e"} */

    
    select
      count(*) as failures,
      count(*) != 0 as should_warn,
      count(*) != 0 as should_error
    from (
      
    
  
    
    



select provider
from "cryptopulse"."raw"."market_bars"
where provider is null



  
  
      
    ) dbt_internal_test
[0m15:21:32.271381 [debug] [Thread-2 (]: Opening a new connection, currently in state closed
[0m15:21:32.273711 [debug] [Thread-3 (]: Using postgres connection "test.cryptopulse.source_not_null_raw_reconciliation_results_reconciliation_id.7ba5be6021"
[0m15:21:32.275581 [debug] [Thread-3 (]: On test.cryptopulse.source_not_null_raw_reconciliation_results_reconciliation_id.7ba5be6021: /* {"app": "dbt", "dbt_version": "1.12.4", "profile_name": "cryptopulse", "target_name": "dev", "node_id": "test.cryptopulse.source_not_null_raw_reconciliation_results_reconciliation_id.7ba5be6021"} */

    
    select
      count(*) as failures,
      count(*) != 0 as should_warn,
      count(*) != 0 as should_error
    from (
      
    
  
    
    



select reconciliation_id
from "cryptopulse"."raw"."reconciliation_results"
where reconciliation_id is null



  
  
      
    ) dbt_internal_test
[0m15:21:32.278200 [debug] [Thread-4 (]: Using postgres connection "test.cryptopulse.source_not_null_raw_market_bars_symbol.8105414bc0"
[0m15:21:32.278675 [debug] [Thread-3 (]: Opening a new connection, currently in state closed
[0m15:21:32.281199 [debug] [Thread-2 (]: SQL status: SELECT 1 in 0.010 seconds
[0m15:21:32.282690 [debug] [Thread-4 (]: On test.cryptopulse.source_not_null_raw_market_bars_symbol.8105414bc0: /* {"app": "dbt", "dbt_version": "1.12.4", "profile_name": "cryptopulse", "target_name": "dev", "node_id": "test.cryptopulse.source_not_null_raw_market_bars_symbol.8105414bc0"} */

    
    select
      count(*) as failures,
      count(*) != 0 as should_warn,
      count(*) != 0 as should_error
    from (
      
    
  
    
    



select symbol
from "cryptopulse"."raw"."market_bars"
where symbol is null



  
  
      
    ) dbt_internal_test
[0m15:21:32.283159 [debug] [Thread-1 (]: Using postgres connection "test.cryptopulse.source_not_null_raw_reconciliation_results_run_id.29d53b199f"
[0m15:21:32.293360 [debug] [Thread-2 (]: On test.cryptopulse.source_not_null_raw_market_bars_provider.d07d64066e: ROLLBACK
[0m15:21:32.294786 [debug] [Thread-4 (]: Opening a new connection, currently in state closed
[0m15:21:32.295849 [debug] [Thread-3 (]: SQL status: SELECT 1 in 0.017 seconds
[0m15:21:32.296777 [debug] [Thread-1 (]: On test.cryptopulse.source_not_null_raw_reconciliation_results_run_id.29d53b199f: /* {"app": "dbt", "dbt_version": "1.12.4", "profile_name": "cryptopulse", "target_name": "dev", "node_id": "test.cryptopulse.source_not_null_raw_reconciliation_results_run_id.29d53b199f"} */

    
    select
      count(*) as failures,
      count(*) != 0 as should_warn,
      count(*) != 0 as should_error
    from (
      
    
  
    
    



select run_id
from "cryptopulse"."raw"."reconciliation_results"
where run_id is null



  
  
      
    ) dbt_internal_test
[0m15:21:32.298546 [debug] [Thread-2 (]: On test.cryptopulse.source_not_null_raw_market_bars_provider.d07d64066e: Close
[0m15:21:32.302776 [debug] [Thread-3 (]: On test.cryptopulse.source_not_null_raw_reconciliation_results_reconciliation_id.7ba5be6021: ROLLBACK
[0m15:21:32.304297 [debug] [Thread-1 (]: Opening a new connection, currently in state closed
[0m15:21:32.306625 [info ] [Thread-2 (]: 5 of 35 PASS source_not_null_raw_market_bars_provider .......................... [[32mPASS[0m in 0.12s]
[0m15:21:32.308170 [debug] [Thread-3 (]: On test.cryptopulse.source_not_null_raw_reconciliation_results_reconciliation_id.7ba5be6021: Close
[0m15:21:32.308867 [debug] [Thread-4 (]: SQL status: SELECT 1 in 0.014 seconds
[0m15:21:32.311050 [debug] [Thread-2 (]: Finished running node test.cryptopulse.source_not_null_raw_market_bars_provider.d07d64066e
[0m15:21:32.312784 [info ] [Thread-3 (]: 7 of 35 PASS source_not_null_raw_reconciliation_results_reconciliation_id ...... [[32mPASS[0m in 0.11s]
[0m15:21:32.315650 [debug] [Thread-4 (]: On test.cryptopulse.source_not_null_raw_market_bars_symbol.8105414bc0: ROLLBACK
[0m15:21:32.317076 [debug] [Thread-2 (]: Began running node test.cryptopulse.source_unique_raw_reconciliation_results_reconciliation_id.a04952d18d
[0m15:21:32.318662 [debug] [Thread-3 (]: Finished running node test.cryptopulse.source_not_null_raw_reconciliation_results_reconciliation_id.7ba5be6021
[0m15:21:32.319913 [debug] [Thread-4 (]: On test.cryptopulse.source_not_null_raw_market_bars_symbol.8105414bc0: Close
[0m15:21:32.320665 [debug] [Thread-1 (]: SQL status: SELECT 1 in 0.016 seconds
[0m15:21:32.321757 [info ] [Thread-2 (]: 9 of 35 START test source_unique_raw_reconciliation_results_reconciliation_id .. [RUN]
[0m15:21:32.324301 [info ] [Thread-4 (]: 6 of 35 PASS source_not_null_raw_market_bars_symbol ............................ [[32mPASS[0m in 0.12s]
[0m15:21:32.326482 [debug] [Thread-1 (]: On test.cryptopulse.source_not_null_raw_reconciliation_results_run_id.29d53b199f: ROLLBACK
[0m15:21:32.328600 [debug] [Thread-2 (]: Re-using an available connection from the pool (formerly test.cryptopulse.source_not_null_raw_market_bars_provider.d07d64066e, now test.cryptopulse.source_unique_raw_reconciliation_results_reconciliation_id.a04952d18d)
[0m15:21:32.330287 [debug] [Thread-4 (]: Finished running node test.cryptopulse.source_not_null_raw_market_bars_symbol.8105414bc0
[0m15:21:32.331781 [debug] [Thread-1 (]: On test.cryptopulse.source_not_null_raw_reconciliation_results_run_id.29d53b199f: Close
[0m15:21:32.332733 [debug] [Thread-2 (]: Began compiling node test.cryptopulse.source_unique_raw_reconciliation_results_reconciliation_id.a04952d18d
[0m15:21:32.334647 [debug] [Thread-3 (]: Began running node model.cryptopulse.stg_market_bars
[0m15:21:32.336093 [info ] [Thread-1 (]: 8 of 35 PASS source_not_null_raw_reconciliation_results_run_id ................. [[32mPASS[0m in 0.13s]
[0m15:21:32.352654 [debug] [Thread-2 (]: Writing injected SQL for node "test.cryptopulse.source_unique_raw_reconciliation_results_reconciliation_id.a04952d18d"
[0m15:21:32.353998 [info ] [Thread-3 (]: 10 of 35 START sql view model analytics_staging.stg_market_bars ................ [RUN]
[0m15:21:32.356295 [debug] [Thread-1 (]: Finished running node test.cryptopulse.source_not_null_raw_reconciliation_results_run_id.29d53b199f
[0m15:21:32.360142 [debug] [Thread-3 (]: Re-using an available connection from the pool (formerly test.cryptopulse.source_not_null_raw_reconciliation_results_reconciliation_id.7ba5be6021, now model.cryptopulse.stg_market_bars)
[0m15:21:32.362989 [debug] [Thread-3 (]: Began compiling node model.cryptopulse.stg_market_bars
[0m15:21:32.367668 [debug] [Thread-3 (]: Writing injected SQL for node "model.cryptopulse.stg_market_bars"
[0m15:21:32.369927 [debug] [Thread-2 (]: Began executing node test.cryptopulse.source_unique_raw_reconciliation_results_reconciliation_id.a04952d18d
[0m15:21:32.373057 [debug] [Thread-2 (]: Writing runtime sql for node "test.cryptopulse.source_unique_raw_reconciliation_results_reconciliation_id.a04952d18d"
[0m15:21:32.380488 [debug] [Thread-3 (]: Began executing node model.cryptopulse.stg_market_bars
[0m15:21:32.391662 [debug] [Thread-2 (]: Using postgres connection "test.cryptopulse.source_unique_raw_reconciliation_results_reconciliation_id.a04952d18d"
[0m15:21:32.408885 [debug] [Thread-2 (]: On test.cryptopulse.source_unique_raw_reconciliation_results_reconciliation_id.a04952d18d: /* {"app": "dbt", "dbt_version": "1.12.4", "profile_name": "cryptopulse", "target_name": "dev", "node_id": "test.cryptopulse.source_unique_raw_reconciliation_results_reconciliation_id.a04952d18d"} */

    
    select
      count(*) as failures,
      count(*) != 0 as should_warn,
      count(*) != 0 as should_error
    from (
      
    
  
    
    

select
    reconciliation_id as unique_field,
    count(*) as n_records

from "cryptopulse"."raw"."reconciliation_results"
where reconciliation_id is not null
group by reconciliation_id
having count(*) > 1



  
  
      
    ) dbt_internal_test
[0m15:21:32.422925 [debug] [Thread-3 (]: Writing runtime sql for node "model.cryptopulse.stg_market_bars"
[0m15:21:32.423522 [debug] [Thread-2 (]: Opening a new connection, currently in state closed
[0m15:21:32.434962 [debug] [Thread-2 (]: SQL status: SELECT 1 in 0.011 seconds
[0m15:21:32.435603 [debug] [Thread-3 (]: Using postgres connection "model.cryptopulse.stg_market_bars"
[0m15:21:32.438057 [debug] [Thread-2 (]: On test.cryptopulse.source_unique_raw_reconciliation_results_reconciliation_id.a04952d18d: ROLLBACK
[0m15:21:32.439714 [debug] [Thread-3 (]: On model.cryptopulse.stg_market_bars: /* {"app": "dbt", "dbt_version": "1.12.4", "profile_name": "cryptopulse", "target_name": "dev", "node_id": "model.cryptopulse.stg_market_bars"} */

  create view "cryptopulse"."analytics_staging"."stg_market_bars__dbt_tmp"
    
    
  as (
    with source as (
    select * from "cryptopulse"."raw"."market_bars"
)

select
    md5(concat_ws('||', coalesce(cast(provider as text), '_null_'), coalesce(cast(symbol as text), '_null_'), coalesce(cast(interval as text), '_null_'), coalesce(cast(bar_start as text), '_null_'))) as market_bar_key,
    provider,
    symbol,
    currency,
    interval,
    bar_start,
    bar_end,
    open::numeric(20, 8) as open,
    high::numeric(20, 8) as high,
    low::numeric(20, 8) as low,
    close::numeric(20, 8) as close,
    volume::numeric(28, 8) as volume,
    trade_count::bigint as trade_count,
    vwap::numeric(20, 8) as vwap,
    loaded_at
from source
  );
[0m15:21:32.441346 [debug] [Thread-2 (]: On test.cryptopulse.source_unique_raw_reconciliation_results_reconciliation_id.a04952d18d: Close
[0m15:21:32.442159 [debug] [Thread-3 (]: Opening a new connection, currently in state closed
[0m15:21:32.443710 [info ] [Thread-2 (]: 9 of 35 PASS source_unique_raw_reconciliation_results_reconciliation_id ........ [[32mPASS[0m in 0.12s]
[0m15:21:32.446244 [debug] [Thread-2 (]: Finished running node test.cryptopulse.source_unique_raw_reconciliation_results_reconciliation_id.a04952d18d
[0m15:21:32.447921 [debug] [Thread-4 (]: Began running node model.cryptopulse.mart_data_quality
[0m15:21:32.449188 [info ] [Thread-4 (]: 11 of 35 START sql table model analytics_analytics.mart_data_quality ........... [RUN]
[0m15:21:32.450832 [debug] [Thread-4 (]: Re-using an available connection from the pool (formerly test.cryptopulse.source_not_null_raw_market_bars_symbol.8105414bc0, now model.cryptopulse.mart_data_quality)
[0m15:21:32.452316 [debug] [Thread-4 (]: Began compiling node model.cryptopulse.mart_data_quality
[0m15:21:32.455764 [debug] [Thread-4 (]: Writing injected SQL for node "model.cryptopulse.mart_data_quality"
[0m15:21:32.456916 [debug] [Thread-3 (]: SQL status: CREATE VIEW in 0.015 seconds
[0m15:21:32.464016 [debug] [Thread-3 (]: Using postgres connection "model.cryptopulse.stg_market_bars"
[0m15:21:32.465555 [debug] [Thread-3 (]: On model.cryptopulse.stg_market_bars: /* {"app": "dbt", "dbt_version": "1.12.4", "profile_name": "cryptopulse", "target_name": "dev", "node_id": "model.cryptopulse.stg_market_bars"} */
alter table "cryptopulse"."analytics_staging"."stg_market_bars" rename to "stg_market_bars__dbt_backup"
[0m15:21:32.467823 [debug] [Thread-3 (]: SQL status: ALTER TABLE in 0.001 seconds
[0m15:21:32.475212 [debug] [Thread-3 (]: Using postgres connection "model.cryptopulse.stg_market_bars"
[0m15:21:32.477262 [debug] [Thread-3 (]: On model.cryptopulse.stg_market_bars: /* {"app": "dbt", "dbt_version": "1.12.4", "profile_name": "cryptopulse", "target_name": "dev", "node_id": "model.cryptopulse.stg_market_bars"} */
alter table "cryptopulse"."analytics_staging"."stg_market_bars__dbt_tmp" rename to "stg_market_bars"
[0m15:21:32.478548 [debug] [Thread-4 (]: Began executing node model.cryptopulse.mart_data_quality
[0m15:21:32.480321 [debug] [Thread-3 (]: SQL status: ALTER TABLE in 0.001 seconds
[0m15:21:32.508925 [debug] [Thread-4 (]: Writing runtime sql for node "model.cryptopulse.mart_data_quality"
[0m15:21:32.525286 [debug] [Thread-3 (]: On model.cryptopulse.stg_market_bars: COMMIT
[0m15:21:32.527174 [debug] [Thread-3 (]: Using postgres connection "model.cryptopulse.stg_market_bars"
[0m15:21:32.528336 [debug] [Thread-3 (]: On model.cryptopulse.stg_market_bars: COMMIT
[0m15:21:32.533538 [debug] [Thread-3 (]: SQL status: COMMIT in 0.004 seconds
[0m15:21:32.541208 [debug] [Thread-3 (]: Applying DROP to: "cryptopulse"."analytics_staging"."stg_market_bars__dbt_backup"
[0m15:21:32.549241 [debug] [Thread-4 (]: Using postgres connection "model.cryptopulse.mart_data_quality"
[0m15:21:32.548824 [debug] [Thread-3 (]: Using postgres connection "model.cryptopulse.stg_market_bars"
[0m15:21:32.550819 [debug] [Thread-4 (]: On model.cryptopulse.mart_data_quality: /* {"app": "dbt", "dbt_version": "1.12.4", "profile_name": "cryptopulse", "target_name": "dev", "node_id": "model.cryptopulse.mart_data_quality"} */

  
    

  create  table "cryptopulse"."analytics_analytics"."mart_data_quality__dbt_tmp"
  
  
    as
  
  (
    select
    reconciliation_id,
    run_id,
    checked_at,
    reconciliation_name,
    left_count,
    right_count,
    difference,
    threshold,
    status,
    case when status = 'pass' then 1 else 0 end as passed_flag
from "cryptopulse"."raw"."reconciliation_results"
  );
  
[0m15:21:32.552293 [debug] [Thread-3 (]: On model.cryptopulse.stg_market_bars: /* {"app": "dbt", "dbt_version": "1.12.4", "profile_name": "cryptopulse", "target_name": "dev", "node_id": "model.cryptopulse.stg_market_bars"} */
drop view if exists "cryptopulse"."analytics_staging"."stg_market_bars__dbt_backup" cascade
[0m15:21:32.553877 [debug] [Thread-4 (]: Opening a new connection, currently in state closed
[0m15:21:32.560969 [debug] [Thread-3 (]: SQL status: DROP VIEW in 0.006 seconds
[0m15:21:32.564031 [debug] [Thread-3 (]: On model.cryptopulse.stg_market_bars: Close
[0m15:21:32.567445 [debug] [Thread-3 (]: Sending event: {'category': 'dbt', 'action': 'run_model', 'label': '488e4a66-0d6e-4e63-949f-0c6ea4265830', 'context': [<snowplow_tracker.self_describing_json.SelfDescribingJson object at 0x7f2881a29210>]}
[0m15:21:32.569624 [info ] [Thread-3 (]: 10 of 35 OK created sql view model analytics_staging.stg_market_bars ........... [[32mCREATE VIEW[0m in 0.21s]
[0m15:21:32.570996 [debug] [Thread-3 (]: Finished running node model.cryptopulse.stg_market_bars
[0m15:21:32.572705 [debug] [Thread-2 (]: Began running node model.cryptopulse.dim_asset
[0m15:21:32.573124 [debug] [Thread-1 (]: Began running node model.cryptopulse.dim_date
[0m15:21:32.573544 [debug] [Thread-3 (]: Began running node model.cryptopulse.dim_provider
[0m15:21:32.574667 [info ] [Thread-2 (]: 12 of 35 START sql table model analytics_analytics.dim_asset ................... [RUN]
[0m15:21:32.576568 [debug] [Thread-4 (]: SQL status: SELECT 2 in 0.023 seconds
[0m15:21:32.576165 [info ] [Thread-1 (]: 13 of 35 START sql table model analytics_analytics.dim_date .................... [RUN]
[0m15:21:32.578068 [info ] [Thread-3 (]: 14 of 35 START sql table model analytics_analytics.dim_provider ................ [RUN]
[0m15:21:32.579657 [debug] [Thread-2 (]: Re-using an available connection from the pool (formerly test.cryptopulse.source_unique_raw_reconciliation_results_reconciliation_id.a04952d18d, now model.cryptopulse.dim_asset)
[0m15:21:32.587552 [debug] [Thread-4 (]: Using postgres connection "model.cryptopulse.mart_data_quality"
[0m15:21:32.588825 [debug] [Thread-1 (]: Re-using an available connection from the pool (formerly test.cryptopulse.source_not_null_raw_reconciliation_results_run_id.29d53b199f, now model.cryptopulse.dim_date)
[0m15:21:32.590760 [debug] [Thread-3 (]: Re-using an available connection from the pool (formerly model.cryptopulse.stg_market_bars, now model.cryptopulse.dim_provider)
[0m15:21:32.591981 [debug] [Thread-2 (]: Began compiling node model.cryptopulse.dim_asset
[0m15:21:32.593449 [debug] [Thread-4 (]: On model.cryptopulse.mart_data_quality: /* {"app": "dbt", "dbt_version": "1.12.4", "profile_name": "cryptopulse", "target_name": "dev", "node_id": "model.cryptopulse.mart_data_quality"} */
alter table "cryptopulse"."analytics_analytics"."mart_data_quality__dbt_tmp" rename to "mart_data_quality"
[0m15:21:32.594976 [debug] [Thread-1 (]: Began compiling node model.cryptopulse.dim_date
[0m15:21:32.596460 [debug] [Thread-3 (]: Began compiling node model.cryptopulse.dim_provider
[0m15:21:32.604485 [debug] [Thread-2 (]: Writing injected SQL for node "model.cryptopulse.dim_asset"
[0m15:21:32.606895 [debug] [Thread-4 (]: SQL status: ALTER TABLE in 0.001 seconds
[0m15:21:32.609781 [debug] [Thread-1 (]: Writing injected SQL for node "model.cryptopulse.dim_date"
[0m15:21:32.613240 [debug] [Thread-3 (]: Writing injected SQL for node "model.cryptopulse.dim_provider"
[0m15:21:32.617066 [debug] [Thread-4 (]: On model.cryptopulse.mart_data_quality: COMMIT
[0m15:21:32.620555 [debug] [Thread-4 (]: Using postgres connection "model.cryptopulse.mart_data_quality"
[0m15:21:32.622022 [debug] [Thread-4 (]: On model.cryptopulse.mart_data_quality: COMMIT
[0m15:21:32.624147 [debug] [Thread-3 (]: Began executing node model.cryptopulse.dim_provider
[0m15:21:32.624667 [debug] [Thread-2 (]: Began executing node model.cryptopulse.dim_asset
[0m15:21:32.628590 [debug] [Thread-3 (]: Writing runtime sql for node "model.cryptopulse.dim_provider"
[0m15:21:32.629454 [debug] [Thread-1 (]: Began executing node model.cryptopulse.dim_date
[0m15:21:32.630021 [debug] [Thread-4 (]: SQL status: COMMIT in 0.007 seconds
[0m15:21:32.633243 [debug] [Thread-2 (]: Writing runtime sql for node "model.cryptopulse.dim_asset"
[0m15:21:32.639531 [debug] [Thread-1 (]: Writing runtime sql for node "model.cryptopulse.dim_date"
[0m15:21:32.644885 [debug] [Thread-4 (]: Applying DROP to: "cryptopulse"."analytics_analytics"."mart_data_quality__dbt_backup"
[0m15:21:32.650807 [debug] [Thread-3 (]: Using postgres connection "model.cryptopulse.dim_provider"
[0m15:21:32.655579 [debug] [Thread-4 (]: Using postgres connection "model.cryptopulse.mart_data_quality"
[0m15:21:32.663063 [debug] [Thread-3 (]: On model.cryptopulse.dim_provider: /* {"app": "dbt", "dbt_version": "1.12.4", "profile_name": "cryptopulse", "target_name": "dev", "node_id": "model.cryptopulse.dim_provider"} */

  
    

  create  table "cryptopulse"."analytics_analytics"."dim_provider__dbt_tmp"
  
  
    as
  
  (
    select distinct
    md5(concat_ws('||', coalesce(cast(provider as text), '_null_'))) as provider_key,
    provider
from "cryptopulse"."analytics_staging"."stg_market_bars"
  );
  
[0m15:21:32.666313 [debug] [Thread-2 (]: Using postgres connection "model.cryptopulse.dim_asset"
[0m15:21:32.685863 [debug] [Thread-4 (]: On model.cryptopulse.mart_data_quality: /* {"app": "dbt", "dbt_version": "1.12.4", "profile_name": "cryptopulse", "target_name": "dev", "node_id": "model.cryptopulse.mart_data_quality"} */
drop table if exists "cryptopulse"."analytics_analytics"."mart_data_quality__dbt_backup" cascade
[0m15:21:32.686703 [debug] [Thread-1 (]: Using postgres connection "model.cryptopulse.dim_date"
[0m15:21:32.688785 [debug] [Thread-3 (]: Opening a new connection, currently in state closed
[0m15:21:32.690351 [debug] [Thread-2 (]: On model.cryptopulse.dim_asset: /* {"app": "dbt", "dbt_version": "1.12.4", "profile_name": "cryptopulse", "target_name": "dev", "node_id": "model.cryptopulse.dim_asset"} */

  
    

  create  table "cryptopulse"."analytics_analytics"."dim_asset__dbt_tmp"
  
  
    as
  
  (
    select distinct
    md5(concat_ws('||', coalesce(cast(symbol as text), '_null_'), coalesce(cast(currency as text), '_null_'))) as asset_key,
    symbol,
    currency,
    split_part(symbol, '-', 1) as asset_code
from "cryptopulse"."analytics_staging"."stg_market_bars"
  );
  
[0m15:21:32.694031 [debug] [Thread-4 (]: SQL status: DROP TABLE in 0.001 seconds
[0m15:21:32.695165 [debug] [Thread-1 (]: On model.cryptopulse.dim_date: /* {"app": "dbt", "dbt_version": "1.12.4", "profile_name": "cryptopulse", "target_name": "dev", "node_id": "model.cryptopulse.dim_date"} */

  
    

  create  table "cryptopulse"."analytics_analytics"."dim_date__dbt_tmp"
  
  
    as
  
  (
    select distinct
    bar_start::date as date_key,
    extract(isodow from bar_start)::integer as iso_day_of_week,
    extract(hour from bar_start)::integer as hour_of_day,
    extract(month from bar_start)::integer as month_number,
    extract(year from bar_start)::integer as year_number
from "cryptopulse"."analytics_staging"."stg_market_bars"
  );
  
[0m15:21:32.698421 [debug] [Thread-2 (]: Opening a new connection, currently in state closed
[0m15:21:32.701640 [debug] [Thread-4 (]: On model.cryptopulse.mart_data_quality: Close
[0m15:21:32.703878 [debug] [Thread-1 (]: Opening a new connection, currently in state closed
[0m15:21:32.707269 [debug] [Thread-4 (]: Sending event: {'category': 'dbt', 'action': 'run_model', 'label': '488e4a66-0d6e-4e63-949f-0c6ea4265830', 'context': [<snowplow_tracker.self_describing_json.SelfDescribingJson object at 0x7f2883814250>]}
[0m15:21:32.710423 [info ] [Thread-4 (]: 11 of 35 OK created sql table model analytics_analytics.mart_data_quality ...... [[32mSELECT 2[0m in 0.26s]
[0m15:21:32.712708 [debug] [Thread-4 (]: Finished running node model.cryptopulse.mart_data_quality
[0m15:21:32.714640 [debug] [Thread-4 (]: Began running node model.cryptopulse.int_market_returns
[0m15:21:32.717120 [info ] [Thread-4 (]: 15 of 35 START sql view model analytics_intermediate.int_market_returns ........ [RUN]
[0m15:21:32.719801 [debug] [Thread-3 (]: SQL status: SELECT 1 in 0.031 seconds
[0m15:21:32.720756 [debug] [Thread-4 (]: Re-using an available connection from the pool (formerly model.cryptopulse.mart_data_quality, now model.cryptopulse.int_market_returns)
[0m15:21:32.721272 [debug] [Thread-1 (]: SQL status: SELECT 1 in 0.018 seconds
[0m15:21:32.724881 [debug] [Thread-3 (]: Using postgres connection "model.cryptopulse.dim_provider"
[0m15:21:32.726290 [debug] [Thread-4 (]: Began compiling node model.cryptopulse.int_market_returns
[0m15:21:32.726875 [debug] [Thread-2 (]: SQL status: SELECT 1 in 0.028 seconds
[0m15:21:32.730268 [debug] [Thread-1 (]: Using postgres connection "model.cryptopulse.dim_date"
[0m15:21:32.731599 [debug] [Thread-3 (]: On model.cryptopulse.dim_provider: /* {"app": "dbt", "dbt_version": "1.12.4", "profile_name": "cryptopulse", "target_name": "dev", "node_id": "model.cryptopulse.dim_provider"} */
alter table "cryptopulse"."analytics_analytics"."dim_provider" rename to "dim_provider__dbt_backup"
[0m15:21:32.734677 [debug] [Thread-4 (]: Writing injected SQL for node "model.cryptopulse.int_market_returns"
[0m15:21:32.738819 [debug] [Thread-2 (]: Using postgres connection "model.cryptopulse.dim_asset"
[0m15:21:32.740370 [debug] [Thread-1 (]: On model.cryptopulse.dim_date: /* {"app": "dbt", "dbt_version": "1.12.4", "profile_name": "cryptopulse", "target_name": "dev", "node_id": "model.cryptopulse.dim_date"} */
alter table "cryptopulse"."analytics_analytics"."dim_date" rename to "dim_date__dbt_backup"
[0m15:21:32.742763 [debug] [Thread-3 (]: SQL status: ALTER TABLE in 0.001 seconds
[0m15:21:32.744160 [debug] [Thread-2 (]: On model.cryptopulse.dim_asset: /* {"app": "dbt", "dbt_version": "1.12.4", "profile_name": "cryptopulse", "target_name": "dev", "node_id": "model.cryptopulse.dim_asset"} */
alter table "cryptopulse"."analytics_analytics"."dim_asset" rename to "dim_asset__dbt_backup"
[0m15:21:32.749380 [debug] [Thread-3 (]: Using postgres connection "model.cryptopulse.dim_provider"
[0m15:21:32.751113 [debug] [Thread-1 (]: SQL status: ALTER TABLE in 0.004 seconds
[0m15:21:32.753493 [debug] [Thread-2 (]: SQL status: ALTER TABLE in 0.001 seconds
[0m15:21:32.768091 [debug] [Thread-3 (]: On model.cryptopulse.dim_provider: /* {"app": "dbt", "dbt_version": "1.12.4", "profile_name": "cryptopulse", "target_name": "dev", "node_id": "model.cryptopulse.dim_provider"} */
alter table "cryptopulse"."analytics_analytics"."dim_provider__dbt_tmp" rename to "dim_provider"
[0m15:21:32.774398 [debug] [Thread-1 (]: Using postgres connection "model.cryptopulse.dim_date"
[0m15:21:32.782980 [debug] [Thread-2 (]: Using postgres connection "model.cryptopulse.dim_asset"
[0m15:21:32.786367 [debug] [Thread-3 (]: SQL status: ALTER TABLE in 0.001 seconds
[0m15:21:32.786987 [debug] [Thread-4 (]: Began executing node model.cryptopulse.int_market_returns
[0m15:21:32.787468 [debug] [Thread-1 (]: On model.cryptopulse.dim_date: /* {"app": "dbt", "dbt_version": "1.12.4", "profile_name": "cryptopulse", "target_name": "dev", "node_id": "model.cryptopulse.dim_date"} */
alter table "cryptopulse"."analytics_analytics"."dim_date__dbt_tmp" rename to "dim_date"
[0m15:21:32.789031 [debug] [Thread-2 (]: On model.cryptopulse.dim_asset: /* {"app": "dbt", "dbt_version": "1.12.4", "profile_name": "cryptopulse", "target_name": "dev", "node_id": "model.cryptopulse.dim_asset"} */
alter table "cryptopulse"."analytics_analytics"."dim_asset__dbt_tmp" rename to "dim_asset"
[0m15:21:32.791722 [debug] [Thread-3 (]: On model.cryptopulse.dim_provider: COMMIT
[0m15:21:32.795824 [debug] [Thread-4 (]: Writing runtime sql for node "model.cryptopulse.int_market_returns"
[0m15:21:32.797547 [debug] [Thread-1 (]: SQL status: ALTER TABLE in 0.001 seconds
[0m15:21:32.798487 [debug] [Thread-2 (]: SQL status: ALTER TABLE in 0.001 seconds
[0m15:21:32.798942 [debug] [Thread-3 (]: Using postgres connection "model.cryptopulse.dim_provider"
[0m15:21:32.802896 [debug] [Thread-1 (]: On model.cryptopulse.dim_date: COMMIT
[0m15:21:32.806247 [debug] [Thread-2 (]: On model.cryptopulse.dim_asset: COMMIT
[0m15:21:32.807547 [debug] [Thread-3 (]: On model.cryptopulse.dim_provider: COMMIT
[0m15:21:32.809003 [debug] [Thread-1 (]: Using postgres connection "model.cryptopulse.dim_date"
[0m15:21:32.810306 [debug] [Thread-2 (]: Using postgres connection "model.cryptopulse.dim_asset"
[0m15:21:32.812342 [debug] [Thread-1 (]: On model.cryptopulse.dim_date: COMMIT
[0m15:21:32.813872 [debug] [Thread-2 (]: On model.cryptopulse.dim_asset: COMMIT
[0m15:21:32.814441 [debug] [Thread-4 (]: Using postgres connection "model.cryptopulse.int_market_returns"
[0m15:21:32.814984 [debug] [Thread-3 (]: SQL status: COMMIT in 0.004 seconds
[0m15:21:32.817412 [debug] [Thread-4 (]: On model.cryptopulse.int_market_returns: /* {"app": "dbt", "dbt_version": "1.12.4", "profile_name": "cryptopulse", "target_name": "dev", "node_id": "model.cryptopulse.int_market_returns"} */

  create view "cryptopulse"."analytics_intermediate"."int_market_returns__dbt_tmp"
    
    
  as (
    with bars as (
    select * from "cryptopulse"."analytics_staging"."stg_market_bars"
), enriched as (
    select
        *,
        lag(close) over (
            partition by provider, symbol, interval
            order by bar_start
        ) as prior_close
    from bars
)

select
    *,
    case when prior_close > 0 then (close / prior_close) - 1 end as simple_return,
    case when prior_close > 0 then ln(close / prior_close) end as log_return
from enriched
  );
[0m15:21:32.820188 [debug] [Thread-3 (]: Applying DROP to: "cryptopulse"."analytics_analytics"."dim_provider__dbt_backup"
[0m15:21:32.820720 [debug] [Thread-1 (]: SQL status: COMMIT in 0.005 seconds
[0m15:21:32.821750 [debug] [Thread-4 (]: Opening a new connection, currently in state closed
[0m15:21:32.823366 [debug] [Thread-3 (]: Using postgres connection "model.cryptopulse.dim_provider"
[0m15:21:32.823862 [debug] [Thread-2 (]: SQL status: COMMIT in 0.007 seconds
[0m15:21:32.826946 [debug] [Thread-1 (]: Applying DROP to: "cryptopulse"."analytics_analytics"."dim_date__dbt_backup"
[0m15:21:32.835311 [debug] [Thread-3 (]: On model.cryptopulse.dim_provider: /* {"app": "dbt", "dbt_version": "1.12.4", "profile_name": "cryptopulse", "target_name": "dev", "node_id": "model.cryptopulse.dim_provider"} */
drop table if exists "cryptopulse"."analytics_analytics"."dim_provider__dbt_backup" cascade
[0m15:21:32.839533 [debug] [Thread-2 (]: Applying DROP to: "cryptopulse"."analytics_analytics"."dim_asset__dbt_backup"
[0m15:21:32.842833 [debug] [Thread-1 (]: Using postgres connection "model.cryptopulse.dim_date"
[0m15:21:32.846023 [debug] [Thread-2 (]: Using postgres connection "model.cryptopulse.dim_asset"
[0m15:21:32.848751 [debug] [Thread-1 (]: On model.cryptopulse.dim_date: /* {"app": "dbt", "dbt_version": "1.12.4", "profile_name": "cryptopulse", "target_name": "dev", "node_id": "model.cryptopulse.dim_date"} */
drop table if exists "cryptopulse"."analytics_analytics"."dim_date__dbt_backup" cascade
[0m15:21:32.850393 [debug] [Thread-2 (]: On model.cryptopulse.dim_asset: /* {"app": "dbt", "dbt_version": "1.12.4", "profile_name": "cryptopulse", "target_name": "dev", "node_id": "model.cryptopulse.dim_asset"} */
drop table if exists "cryptopulse"."analytics_analytics"."dim_asset__dbt_backup" cascade
[0m15:21:32.853852 [debug] [Thread-3 (]: SQL status: DROP TABLE in 0.009 seconds
[0m15:21:32.854383 [debug] [Thread-4 (]: SQL status: CREATE VIEW in 0.033 seconds
[0m15:21:32.857996 [debug] [Thread-3 (]: On model.cryptopulse.dim_provider: Close
[0m15:21:32.858547 [debug] [Thread-1 (]: SQL status: DROP TABLE in 0.007 seconds
[0m15:21:32.861752 [debug] [Thread-4 (]: Using postgres connection "model.cryptopulse.int_market_returns"
[0m15:21:32.862233 [debug] [Thread-2 (]: SQL status: DROP TABLE in 0.007 seconds
[0m15:21:32.863739 [debug] [Thread-3 (]: Sending event: {'category': 'dbt', 'action': 'run_model', 'label': '488e4a66-0d6e-4e63-949f-0c6ea4265830', 'context': [<snowplow_tracker.self_describing_json.SelfDescribingJson object at 0x7f28ceb07bd0>]}
[0m15:21:32.866894 [debug] [Thread-1 (]: On model.cryptopulse.dim_date: Close
[0m15:21:32.868268 [debug] [Thread-4 (]: On model.cryptopulse.int_market_returns: /* {"app": "dbt", "dbt_version": "1.12.4", "profile_name": "cryptopulse", "target_name": "dev", "node_id": "model.cryptopulse.int_market_returns"} */
alter table "cryptopulse"."analytics_intermediate"."int_market_returns__dbt_tmp" rename to "int_market_returns"
[0m15:21:32.870643 [debug] [Thread-2 (]: On model.cryptopulse.dim_asset: Close
[0m15:21:32.872387 [info ] [Thread-3 (]: 14 of 35 OK created sql table model analytics_analytics.dim_provider ........... [[32mSELECT 1[0m in 0.27s]
[0m15:21:32.874275 [debug] [Thread-1 (]: Sending event: {'category': 'dbt', 'action': 'run_model', 'label': '488e4a66-0d6e-4e63-949f-0c6ea4265830', 'context': [<snowplow_tracker.self_describing_json.SelfDescribingJson object at 0x7f2881aba990>]}
[0m15:21:32.876082 [debug] [Thread-4 (]: SQL status: ALTER TABLE in 0.001 seconds
[0m15:21:32.876944 [debug] [Thread-2 (]: Sending event: {'category': 'dbt', 'action': 'run_model', 'label': '488e4a66-0d6e-4e63-949f-0c6ea4265830', 'context': [<snowplow_tracker.self_describing_json.SelfDescribingJson object at 0x7f2881a4b850>]}
[0m15:21:32.878266 [debug] [Thread-3 (]: Finished running node model.cryptopulse.dim_provider
[0m15:21:32.880138 [info ] [Thread-1 (]: 13 of 35 OK created sql table model analytics_analytics.dim_date ............... [[32mSELECT 1[0m in 0.29s]
[0m15:21:32.882582 [debug] [Thread-4 (]: On model.cryptopulse.int_market_returns: COMMIT
[0m15:21:32.884456 [info ] [Thread-2 (]: 12 of 35 OK created sql table model analytics_analytics.dim_asset .............. [[32mSELECT 1[0m in 0.30s]
[0m15:21:32.887247 [debug] [Thread-3 (]: Began running node test.cryptopulse.accepted_values_mart_data_quality_status__pass__fail.e77c75ddcc
[0m15:21:32.888885 [debug] [Thread-1 (]: Finished running node model.cryptopulse.dim_date
[0m15:21:32.890205 [debug] [Thread-4 (]: Using postgres connection "model.cryptopulse.int_market_returns"
[0m15:21:32.891587 [debug] [Thread-2 (]: Finished running node model.cryptopulse.dim_asset
[0m15:21:32.892868 [info ] [Thread-3 (]: 16 of 35 START test accepted_values_mart_data_quality_status__pass__fail ....... [RUN]
[0m15:21:32.894105 [debug] [Thread-1 (]: Began running node test.cryptopulse.not_null_mart_data_quality_reconciliation_id.3bc74ed6c4
[0m15:21:32.895348 [debug] [Thread-4 (]: On model.cryptopulse.int_market_returns: COMMIT
[0m15:21:32.896818 [debug] [Thread-2 (]: Began running node test.cryptopulse.unique_mart_data_quality_reconciliation_id.a754713449
[0m15:21:32.898271 [debug] [Thread-3 (]: Re-using an available connection from the pool (formerly model.cryptopulse.dim_provider, now test.cryptopulse.accepted_values_mart_data_quality_status__pass__fail.e77c75ddcc)
[0m15:21:32.899534 [info ] [Thread-1 (]: 17 of 35 START test not_null_mart_data_quality_reconciliation_id ............... [RUN]
[0m15:21:32.902404 [info ] [Thread-2 (]: 18 of 35 START test unique_mart_data_quality_reconciliation_id ................. [RUN]
[0m15:21:32.903832 [debug] [Thread-3 (]: Began compiling node test.cryptopulse.accepted_values_mart_data_quality_status__pass__fail.e77c75ddcc
[0m15:21:32.904730 [debug] [Thread-4 (]: SQL status: COMMIT in 0.003 seconds
[0m15:21:32.905649 [debug] [Thread-1 (]: Re-using an available connection from the pool (formerly model.cryptopulse.dim_date, now test.cryptopulse.not_null_mart_data_quality_reconciliation_id.3bc74ed6c4)
[0m15:21:32.906919 [debug] [Thread-2 (]: Re-using an available connection from the pool (formerly model.cryptopulse.dim_asset, now test.cryptopulse.unique_mart_data_quality_reconciliation_id.a754713449)
[0m15:21:32.915994 [debug] [Thread-3 (]: Writing injected SQL for node "test.cryptopulse.accepted_values_mart_data_quality_status__pass__fail.e77c75ddcc"
[0m15:21:32.919071 [debug] [Thread-4 (]: Applying DROP to: "cryptopulse"."analytics_intermediate"."int_market_returns__dbt_backup"
[0m15:21:32.920487 [debug] [Thread-1 (]: Began compiling node test.cryptopulse.not_null_mart_data_quality_reconciliation_id.3bc74ed6c4
[0m15:21:32.921858 [debug] [Thread-2 (]: Began compiling node test.cryptopulse.unique_mart_data_quality_reconciliation_id.a754713449
[0m15:21:32.924664 [debug] [Thread-4 (]: Using postgres connection "model.cryptopulse.int_market_returns"
[0m15:21:32.934006 [debug] [Thread-1 (]: Writing injected SQL for node "test.cryptopulse.not_null_mart_data_quality_reconciliation_id.3bc74ed6c4"
[0m15:21:32.943162 [debug] [Thread-2 (]: Writing injected SQL for node "test.cryptopulse.unique_mart_data_quality_reconciliation_id.a754713449"
[0m15:21:32.945051 [debug] [Thread-4 (]: On model.cryptopulse.int_market_returns: /* {"app": "dbt", "dbt_version": "1.12.4", "profile_name": "cryptopulse", "target_name": "dev", "node_id": "model.cryptopulse.int_market_returns"} */
drop view if exists "cryptopulse"."analytics_intermediate"."int_market_returns__dbt_backup" cascade
[0m15:21:32.946345 [debug] [Thread-3 (]: Began executing node test.cryptopulse.accepted_values_mart_data_quality_status__pass__fail.e77c75ddcc
[0m15:21:32.949466 [debug] [Thread-4 (]: SQL status: DROP VIEW in 0.001 seconds
[0m15:21:32.951809 [debug] [Thread-3 (]: Writing runtime sql for node "test.cryptopulse.accepted_values_mart_data_quality_status__pass__fail.e77c75ddcc"
[0m15:21:32.954634 [debug] [Thread-4 (]: On model.cryptopulse.int_market_returns: Close
[0m15:21:32.957855 [debug] [Thread-4 (]: Sending event: {'category': 'dbt', 'action': 'run_model', 'label': '488e4a66-0d6e-4e63-949f-0c6ea4265830', 'context': [<snowplow_tracker.self_describing_json.SelfDescribingJson object at 0x7f28ceb7e910>]}
[0m15:21:32.960184 [info ] [Thread-4 (]: 15 of 35 OK created sql view model analytics_intermediate.int_market_returns ... [[32mCREATE VIEW[0m in 0.24s]
[0m15:21:32.962105 [debug] [Thread-1 (]: Began executing node test.cryptopulse.not_null_mart_data_quality_reconciliation_id.3bc74ed6c4
[0m15:21:32.962995 [debug] [Thread-4 (]: Finished running node model.cryptopulse.int_market_returns
[0m15:21:32.966484 [debug] [Thread-1 (]: Writing runtime sql for node "test.cryptopulse.not_null_mart_data_quality_reconciliation_id.3bc74ed6c4"
[0m15:21:32.967011 [debug] [Thread-2 (]: Began executing node test.cryptopulse.unique_mart_data_quality_reconciliation_id.a754713449
[0m15:21:32.968507 [debug] [Thread-4 (]: Began running node test.cryptopulse.not_null_dim_provider_provider_key.acace107bf
[0m15:21:32.973593 [debug] [Thread-2 (]: Writing runtime sql for node "test.cryptopulse.unique_mart_data_quality_reconciliation_id.a754713449"
[0m15:21:32.974259 [debug] [Thread-3 (]: Using postgres connection "test.cryptopulse.accepted_values_mart_data_quality_status__pass__fail.e77c75ddcc"
[0m15:21:32.975595 [info ] [Thread-4 (]: 19 of 35 START test not_null_dim_provider_provider_key ......................... [RUN]
[0m15:21:32.977389 [debug] [Thread-1 (]: Using postgres connection "test.cryptopulse.not_null_mart_data_quality_reconciliation_id.3bc74ed6c4"
[0m15:21:32.979837 [debug] [Thread-3 (]: On test.cryptopulse.accepted_values_mart_data_quality_status__pass__fail.e77c75ddcc: /* {"app": "dbt", "dbt_version": "1.12.4", "profile_name": "cryptopulse", "target_name": "dev", "node_id": "test.cryptopulse.accepted_values_mart_data_quality_status__pass__fail.e77c75ddcc"} */

    
    select
      count(*) as failures,
      count(*) != 0 as should_warn,
      count(*) != 0 as should_error
    from (
      
    
  
    
    

with all_values as (

    select
        status as value_field,
        count(*) as n_records

    from "cryptopulse"."analytics_analytics"."mart_data_quality"
    group by status

)

select *
from all_values
where value_field not in (
    'pass','fail'
)



  
  
      
    ) dbt_internal_test
[0m15:21:32.984711 [debug] [Thread-4 (]: Re-using an available connection from the pool (formerly model.cryptopulse.int_market_returns, now test.cryptopulse.not_null_dim_provider_provider_key.acace107bf)
[0m15:21:32.986106 [debug] [Thread-1 (]: On test.cryptopulse.not_null_mart_data_quality_reconciliation_id.3bc74ed6c4: /* {"app": "dbt", "dbt_version": "1.12.4", "profile_name": "cryptopulse", "target_name": "dev", "node_id": "test.cryptopulse.not_null_mart_data_quality_reconciliation_id.3bc74ed6c4"} */

    
    select
      count(*) as failures,
      count(*) != 0 as should_warn,
      count(*) != 0 as should_error
    from (
      
    
  
    
    



select reconciliation_id
from "cryptopulse"."analytics_analytics"."mart_data_quality"
where reconciliation_id is null



  
  
      
    ) dbt_internal_test
[0m15:21:32.990987 [debug] [Thread-3 (]: Opening a new connection, currently in state closed
[0m15:21:32.994881 [debug] [Thread-4 (]: Began compiling node test.cryptopulse.not_null_dim_provider_provider_key.acace107bf
[0m15:21:32.996675 [debug] [Thread-1 (]: Opening a new connection, currently in state closed
[0m15:21:33.007179 [debug] [Thread-4 (]: Writing injected SQL for node "test.cryptopulse.not_null_dim_provider_provider_key.acace107bf"
[0m15:21:33.010397 [debug] [Thread-3 (]: SQL status: SELECT 1 in 0.019 seconds
[0m15:21:33.011143 [debug] [Thread-2 (]: Using postgres connection "test.cryptopulse.unique_mart_data_quality_reconciliation_id.a754713449"
[0m15:21:33.014582 [debug] [Thread-3 (]: On test.cryptopulse.accepted_values_mart_data_quality_status__pass__fail.e77c75ddcc: ROLLBACK
[0m15:21:33.016163 [debug] [Thread-2 (]: On test.cryptopulse.unique_mart_data_quality_reconciliation_id.a754713449: /* {"app": "dbt", "dbt_version": "1.12.4", "profile_name": "cryptopulse", "target_name": "dev", "node_id": "test.cryptopulse.unique_mart_data_quality_reconciliation_id.a754713449"} */

    
    select
      count(*) as failures,
      count(*) != 0 as should_warn,
      count(*) != 0 as should_error
    from (
      
    
  
    
    

select
    reconciliation_id as unique_field,
    count(*) as n_records

from "cryptopulse"."analytics_analytics"."mart_data_quality"
where reconciliation_id is not null
group by reconciliation_id
having count(*) > 1



  
  
      
    ) dbt_internal_test
[0m15:21:33.016889 [debug] [Thread-1 (]: SQL status: SELECT 1 in 0.020 seconds
[0m15:21:33.020221 [debug] [Thread-3 (]: On test.cryptopulse.accepted_values_mart_data_quality_status__pass__fail.e77c75ddcc: Close
[0m15:21:33.021357 [debug] [Thread-2 (]: Opening a new connection, currently in state closed
[0m15:21:33.024149 [debug] [Thread-1 (]: On test.cryptopulse.not_null_mart_data_quality_reconciliation_id.3bc74ed6c4: ROLLBACK
[0m15:21:33.026445 [info ] [Thread-3 (]: 16 of 35 PASS accepted_values_mart_data_quality_status__pass__fail ............. [[32mPASS[0m in 0.13s]
[0m15:21:33.027967 [debug] [Thread-4 (]: Began executing node test.cryptopulse.not_null_dim_provider_provider_key.acace107bf
[0m15:21:33.029729 [debug] [Thread-1 (]: On test.cryptopulse.not_null_mart_data_quality_reconciliation_id.3bc74ed6c4: Close
[0m15:21:33.031044 [debug] [Thread-3 (]: Finished running node test.cryptopulse.accepted_values_mart_data_quality_status__pass__fail.e77c75ddcc
[0m15:21:33.034558 [debug] [Thread-4 (]: Writing runtime sql for node "test.cryptopulse.not_null_dim_provider_provider_key.acace107bf"
[0m15:21:33.036375 [info ] [Thread-1 (]: 17 of 35 PASS not_null_mart_data_quality_reconciliation_id ..................... [[32mPASS[0m in 0.13s]
[0m15:21:33.037629 [debug] [Thread-2 (]: SQL status: SELECT 1 in 0.016 seconds
[0m15:21:33.038494 [debug] [Thread-3 (]: Began running node test.cryptopulse.unique_dim_provider_provider_key.b5fbec487b
[0m15:21:33.041245 [debug] [Thread-1 (]: Finished running node test.cryptopulse.not_null_mart_data_quality_reconciliation_id.3bc74ed6c4
[0m15:21:33.043671 [debug] [Thread-2 (]: On test.cryptopulse.unique_mart_data_quality_reconciliation_id.a754713449: ROLLBACK
[0m15:21:33.045445 [info ] [Thread-3 (]: 20 of 35 START test unique_dim_provider_provider_key ........................... [RUN]
[0m15:21:33.046963 [debug] [Thread-1 (]: Began running node test.cryptopulse.not_null_dim_date_date_key.881d0a31b6
[0m15:21:33.048570 [debug] [Thread-2 (]: On test.cryptopulse.unique_mart_data_quality_reconciliation_id.a754713449: Close
[0m15:21:33.049428 [debug] [Thread-3 (]: Re-using an available connection from the pool (formerly test.cryptopulse.accepted_values_mart_data_quality_status__pass__fail.e77c75ddcc, now test.cryptopulse.unique_dim_provider_provider_key.b5fbec487b)
[0m15:21:33.050778 [info ] [Thread-1 (]: 21 of 35 START test not_null_dim_date_date_key ................................. [RUN]
[0m15:21:33.052120 [debug] [Thread-4 (]: Using postgres connection "test.cryptopulse.not_null_dim_provider_provider_key.acace107bf"
[0m15:21:33.052863 [info ] [Thread-2 (]: 18 of 35 PASS unique_mart_data_quality_reconciliation_id ....................... [[32mPASS[0m in 0.15s]
[0m15:21:33.053792 [debug] [Thread-3 (]: Began compiling node test.cryptopulse.unique_dim_provider_provider_key.b5fbec487b
[0m15:21:33.054942 [debug] [Thread-1 (]: Re-using an available connection from the pool (formerly test.cryptopulse.not_null_mart_data_quality_reconciliation_id.3bc74ed6c4, now test.cryptopulse.not_null_dim_date_date_key.881d0a31b6)
[0m15:21:33.055900 [debug] [Thread-4 (]: On test.cryptopulse.not_null_dim_provider_provider_key.acace107bf: /* {"app": "dbt", "dbt_version": "1.12.4", "profile_name": "cryptopulse", "target_name": "dev", "node_id": "test.cryptopulse.not_null_dim_provider_provider_key.acace107bf"} */

    
    select
      count(*) as failures,
      count(*) != 0 as should_warn,
      count(*) != 0 as should_error
    from (
      
    
  
    
    



select provider_key
from "cryptopulse"."analytics_analytics"."dim_provider"
where provider_key is null



  
  
      
    ) dbt_internal_test
[0m15:21:33.057257 [debug] [Thread-2 (]: Finished running node test.cryptopulse.unique_mart_data_quality_reconciliation_id.a754713449
[0m15:21:33.068166 [debug] [Thread-3 (]: Writing injected SQL for node "test.cryptopulse.unique_dim_provider_provider_key.b5fbec487b"
[0m15:21:33.069271 [debug] [Thread-1 (]: Began compiling node test.cryptopulse.not_null_dim_date_date_key.881d0a31b6
[0m15:21:33.070299 [debug] [Thread-4 (]: Opening a new connection, currently in state closed
[0m15:21:33.071405 [debug] [Thread-2 (]: Began running node test.cryptopulse.unique_dim_date_date_key.0869fd48f9
[0m15:21:33.082271 [debug] [Thread-1 (]: Writing injected SQL for node "test.cryptopulse.not_null_dim_date_date_key.881d0a31b6"
[0m15:21:33.085003 [info ] [Thread-2 (]: 22 of 35 START test unique_dim_date_date_key ................................... [RUN]
[0m15:21:33.086685 [debug] [Thread-3 (]: Began executing node test.cryptopulse.unique_dim_provider_provider_key.b5fbec487b
[0m15:21:33.088267 [debug] [Thread-2 (]: Re-using an available connection from the pool (formerly test.cryptopulse.unique_mart_data_quality_reconciliation_id.a754713449, now test.cryptopulse.unique_dim_date_date_key.0869fd48f9)
[0m15:21:33.091448 [debug] [Thread-3 (]: Writing runtime sql for node "test.cryptopulse.unique_dim_provider_provider_key.b5fbec487b"
[0m15:21:33.093046 [debug] [Thread-2 (]: Began compiling node test.cryptopulse.unique_dim_date_date_key.0869fd48f9
[0m15:21:33.093519 [debug] [Thread-4 (]: SQL status: SELECT 1 in 0.023 seconds
[0m15:21:33.104502 [debug] [Thread-2 (]: Writing injected SQL for node "test.cryptopulse.unique_dim_date_date_key.0869fd48f9"
[0m15:21:33.107247 [debug] [Thread-4 (]: On test.cryptopulse.not_null_dim_provider_provider_key.acace107bf: ROLLBACK
[0m15:21:33.107959 [debug] [Thread-1 (]: Began executing node test.cryptopulse.not_null_dim_date_date_key.881d0a31b6
[0m15:21:33.111013 [debug] [Thread-3 (]: Using postgres connection "test.cryptopulse.unique_dim_provider_provider_key.b5fbec487b"
[0m15:21:33.112113 [debug] [Thread-4 (]: On test.cryptopulse.not_null_dim_provider_provider_key.acace107bf: Close
[0m15:21:33.115502 [debug] [Thread-1 (]: Writing runtime sql for node "test.cryptopulse.not_null_dim_date_date_key.881d0a31b6"
[0m15:21:33.119023 [debug] [Thread-3 (]: On test.cryptopulse.unique_dim_provider_provider_key.b5fbec487b: /* {"app": "dbt", "dbt_version": "1.12.4", "profile_name": "cryptopulse", "target_name": "dev", "node_id": "test.cryptopulse.unique_dim_provider_provider_key.b5fbec487b"} */

    
    select
      count(*) as failures,
      count(*) != 0 as should_warn,
      count(*) != 0 as should_error
    from (
      
    
  
    
    

select
    provider_key as unique_field,
    count(*) as n_records

from "cryptopulse"."analytics_analytics"."dim_provider"
where provider_key is not null
group by provider_key
having count(*) > 1



  
  
      
    ) dbt_internal_test
[0m15:21:33.121655 [info ] [Thread-4 (]: 19 of 35 PASS not_null_dim_provider_provider_key ............................... [[32mPASS[0m in 0.14s]
[0m15:21:33.125616 [debug] [Thread-3 (]: Opening a new connection, currently in state closed
[0m15:21:33.127638 [debug] [Thread-4 (]: Finished running node test.cryptopulse.not_null_dim_provider_provider_key.acace107bf
[0m15:21:33.129343 [debug] [Thread-2 (]: Began executing node test.cryptopulse.unique_dim_date_date_key.0869fd48f9
[0m15:21:33.131685 [debug] [Thread-4 (]: Began running node test.cryptopulse.not_null_dim_asset_asset_key.a810898cee
[0m15:21:33.135183 [debug] [Thread-2 (]: Writing runtime sql for node "test.cryptopulse.unique_dim_date_date_key.0869fd48f9"
[0m15:21:33.136416 [info ] [Thread-4 (]: 23 of 35 START test not_null_dim_asset_asset_key ............................... [RUN]
[0m15:21:33.138778 [debug] [Thread-1 (]: Using postgres connection "test.cryptopulse.not_null_dim_date_date_key.881d0a31b6"
[0m15:21:33.139374 [debug] [Thread-4 (]: Re-using an available connection from the pool (formerly test.cryptopulse.not_null_dim_provider_provider_key.acace107bf, now test.cryptopulse.not_null_dim_asset_asset_key.a810898cee)
[0m15:21:33.140224 [debug] [Thread-3 (]: SQL status: SELECT 1 in 0.014 seconds
[0m15:21:33.142401 [debug] [Thread-1 (]: On test.cryptopulse.not_null_dim_date_date_key.881d0a31b6: /* {"app": "dbt", "dbt_version": "1.12.4", "profile_name": "cryptopulse", "target_name": "dev", "node_id": "test.cryptopulse.not_null_dim_date_date_key.881d0a31b6"} */

    
    select
      count(*) as failures,
      count(*) != 0 as should_warn,
      count(*) != 0 as should_error
    from (
      
    
  
    
    



select date_key
from "cryptopulse"."analytics_analytics"."dim_date"
where date_key is null



  
  
      
    ) dbt_internal_test
[0m15:21:33.144478 [debug] [Thread-4 (]: Began compiling node test.cryptopulse.not_null_dim_asset_asset_key.a810898cee
[0m15:21:33.146239 [debug] [Thread-2 (]: Using postgres connection "test.cryptopulse.unique_dim_date_date_key.0869fd48f9"
[0m15:21:33.148161 [debug] [Thread-3 (]: On test.cryptopulse.unique_dim_provider_provider_key.b5fbec487b: ROLLBACK
[0m15:21:33.149717 [debug] [Thread-1 (]: Opening a new connection, currently in state closed
[0m15:21:33.159892 [debug] [Thread-4 (]: Writing injected SQL for node "test.cryptopulse.not_null_dim_asset_asset_key.a810898cee"
[0m15:21:33.161307 [debug] [Thread-2 (]: On test.cryptopulse.unique_dim_date_date_key.0869fd48f9: /* {"app": "dbt", "dbt_version": "1.12.4", "profile_name": "cryptopulse", "target_name": "dev", "node_id": "test.cryptopulse.unique_dim_date_date_key.0869fd48f9"} */

    
    select
      count(*) as failures,
      count(*) != 0 as should_warn,
      count(*) != 0 as should_error
    from (
      
    
  
    
    

select
    date_key as unique_field,
    count(*) as n_records

from "cryptopulse"."analytics_analytics"."dim_date"
where date_key is not null
group by date_key
having count(*) > 1



  
  
      
    ) dbt_internal_test
[0m15:21:33.163072 [debug] [Thread-3 (]: On test.cryptopulse.unique_dim_provider_provider_key.b5fbec487b: Close
[0m15:21:33.166302 [debug] [Thread-2 (]: Opening a new connection, currently in state closed
[0m15:21:33.168289 [info ] [Thread-3 (]: 20 of 35 PASS unique_dim_provider_provider_key ................................. [[32mPASS[0m in 0.12s]
[0m15:21:33.172746 [debug] [Thread-1 (]: SQL status: SELECT 1 in 0.023 seconds
[0m15:21:33.173533 [debug] [Thread-3 (]: Finished running node test.cryptopulse.unique_dim_provider_provider_key.b5fbec487b
[0m15:21:33.176575 [debug] [Thread-1 (]: On test.cryptopulse.not_null_dim_date_date_key.881d0a31b6: ROLLBACK
[0m15:21:33.178210 [debug] [Thread-3 (]: Began running node test.cryptopulse.not_null_dim_asset_symbol.6d84ebfacb
[0m15:21:33.179969 [debug] [Thread-1 (]: On test.cryptopulse.not_null_dim_date_date_key.881d0a31b6: Close
[0m15:21:33.181845 [info ] [Thread-3 (]: 24 of 35 START test not_null_dim_asset_symbol .................................. [RUN]
[0m15:21:33.186072 [info ] [Thread-1 (]: 21 of 35 PASS not_null_dim_date_date_key ....................................... [[32mPASS[0m in 0.13s]
[0m15:21:33.186780 [debug] [Thread-4 (]: Began executing node test.cryptopulse.not_null_dim_asset_asset_key.a810898cee
[0m15:21:33.187361 [debug] [Thread-2 (]: SQL status: SELECT 1 in 0.021 seconds
[0m15:21:33.188028 [debug] [Thread-3 (]: Re-using an available connection from the pool (formerly test.cryptopulse.unique_dim_provider_provider_key.b5fbec487b, now test.cryptopulse.not_null_dim_asset_symbol.6d84ebfacb)
[0m15:21:33.189487 [debug] [Thread-1 (]: Finished running node test.cryptopulse.not_null_dim_date_date_key.881d0a31b6
[0m15:21:33.192055 [debug] [Thread-4 (]: Writing runtime sql for node "test.cryptopulse.not_null_dim_asset_asset_key.a810898cee"
[0m15:21:33.194732 [debug] [Thread-2 (]: On test.cryptopulse.unique_dim_date_date_key.0869fd48f9: ROLLBACK
[0m15:21:33.195994 [debug] [Thread-3 (]: Began compiling node test.cryptopulse.not_null_dim_asset_symbol.6d84ebfacb
[0m15:21:33.197177 [debug] [Thread-1 (]: Began running node test.cryptopulse.unique_dim_asset_asset_key.1e356d7858
[0m15:21:33.199825 [debug] [Thread-2 (]: On test.cryptopulse.unique_dim_date_date_key.0869fd48f9: Close
[0m15:21:33.208953 [debug] [Thread-3 (]: Writing injected SQL for node "test.cryptopulse.not_null_dim_asset_symbol.6d84ebfacb"
[0m15:21:33.211576 [info ] [Thread-1 (]: 25 of 35 START test unique_dim_asset_asset_key ................................. [RUN]
[0m15:21:33.214953 [info ] [Thread-2 (]: 22 of 35 PASS unique_dim_date_date_key ......................................... [[32mPASS[0m in 0.13s]
[0m15:21:33.218861 [debug] [Thread-4 (]: Using postgres connection "test.cryptopulse.not_null_dim_asset_asset_key.a810898cee"
[0m15:21:33.219949 [debug] [Thread-1 (]: Re-using an available connection from the pool (formerly test.cryptopulse.not_null_dim_date_date_key.881d0a31b6, now test.cryptopulse.unique_dim_asset_asset_key.1e356d7858)
[0m15:21:33.222774 [debug] [Thread-2 (]: Finished running node test.cryptopulse.unique_dim_date_date_key.0869fd48f9
[0m15:21:33.231887 [debug] [Thread-4 (]: On test.cryptopulse.not_null_dim_asset_asset_key.a810898cee: /* {"app": "dbt", "dbt_version": "1.12.4", "profile_name": "cryptopulse", "target_name": "dev", "node_id": "test.cryptopulse.not_null_dim_asset_asset_key.a810898cee"} */

    
    select
      count(*) as failures,
      count(*) != 0 as should_warn,
      count(*) != 0 as should_error
    from (
      
    
  
    
    



select asset_key
from "cryptopulse"."analytics_analytics"."dim_asset"
where asset_key is null



  
  
      
    ) dbt_internal_test
[0m15:21:33.233446 [debug] [Thread-1 (]: Began compiling node test.cryptopulse.unique_dim_asset_asset_key.1e356d7858
[0m15:21:33.235134 [debug] [Thread-2 (]: Began running node model.cryptopulse.fact_market_bar
[0m15:21:33.236293 [debug] [Thread-4 (]: Opening a new connection, currently in state closed
[0m15:21:33.246039 [debug] [Thread-1 (]: Writing injected SQL for node "test.cryptopulse.unique_dim_asset_asset_key.1e356d7858"
[0m15:21:33.247827 [info ] [Thread-2 (]: 26 of 35 START sql table model analytics_analytics.fact_market_bar ............. [RUN]
[0m15:21:33.251479 [debug] [Thread-3 (]: Began executing node test.cryptopulse.not_null_dim_asset_symbol.6d84ebfacb
[0m15:21:33.255587 [debug] [Thread-2 (]: Re-using an available connection from the pool (formerly test.cryptopulse.unique_dim_date_date_key.0869fd48f9, now model.cryptopulse.fact_market_bar)
[0m15:21:33.259074 [debug] [Thread-3 (]: Writing runtime sql for node "test.cryptopulse.not_null_dim_asset_symbol.6d84ebfacb"
[0m15:21:33.260526 [debug] [Thread-2 (]: Began compiling node model.cryptopulse.fact_market_bar
[0m15:21:33.262204 [debug] [Thread-4 (]: SQL status: SELECT 1 in 0.026 seconds
[0m15:21:33.267205 [debug] [Thread-2 (]: Writing injected SQL for node "model.cryptopulse.fact_market_bar"
[0m15:21:33.270535 [debug] [Thread-4 (]: On test.cryptopulse.not_null_dim_asset_asset_key.a810898cee: ROLLBACK
[0m15:21:33.271128 [debug] [Thread-1 (]: Began executing node test.cryptopulse.unique_dim_asset_asset_key.1e356d7858
[0m15:21:33.273606 [debug] [Thread-4 (]: On test.cryptopulse.not_null_dim_asset_asset_key.a810898cee: Close
[0m15:21:33.276345 [debug] [Thread-1 (]: Writing runtime sql for node "test.cryptopulse.unique_dim_asset_asset_key.1e356d7858"
[0m15:21:33.278698 [info ] [Thread-4 (]: 23 of 35 PASS not_null_dim_asset_asset_key ..................................... [[32mPASS[0m in 0.14s]
[0m15:21:33.279658 [debug] [Thread-3 (]: Using postgres connection "test.cryptopulse.not_null_dim_asset_symbol.6d84ebfacb"
[0m15:21:33.281807 [debug] [Thread-4 (]: Finished running node test.cryptopulse.not_null_dim_asset_asset_key.a810898cee
[0m15:21:33.283863 [debug] [Thread-3 (]: On test.cryptopulse.not_null_dim_asset_symbol.6d84ebfacb: /* {"app": "dbt", "dbt_version": "1.12.4", "profile_name": "cryptopulse", "target_name": "dev", "node_id": "test.cryptopulse.not_null_dim_asset_symbol.6d84ebfacb"} */

    
    select
      count(*) as failures,
      count(*) != 0 as should_warn,
      count(*) != 0 as should_error
    from (
      
    
  
    
    



select symbol
from "cryptopulse"."analytics_analytics"."dim_asset"
where symbol is null



  
  
      
    ) dbt_internal_test
[0m15:21:33.287428 [debug] [Thread-3 (]: Opening a new connection, currently in state closed
[0m15:21:33.287966 [debug] [Thread-2 (]: Began executing node model.cryptopulse.fact_market_bar
[0m15:21:33.293737 [debug] [Thread-2 (]: Writing runtime sql for node "model.cryptopulse.fact_market_bar"
[0m15:21:33.296418 [debug] [Thread-1 (]: Using postgres connection "test.cryptopulse.unique_dim_asset_asset_key.1e356d7858"
[0m15:21:33.297856 [debug] [Thread-1 (]: On test.cryptopulse.unique_dim_asset_asset_key.1e356d7858: /* {"app": "dbt", "dbt_version": "1.12.4", "profile_name": "cryptopulse", "target_name": "dev", "node_id": "test.cryptopulse.unique_dim_asset_asset_key.1e356d7858"} */

    
    select
      count(*) as failures,
      count(*) != 0 as should_warn,
      count(*) != 0 as should_error
    from (
      
    
  
    
    

select
    asset_key as unique_field,
    count(*) as n_records

from "cryptopulse"."analytics_analytics"."dim_asset"
where asset_key is not null
group by asset_key
having count(*) > 1



  
  
      
    ) dbt_internal_test
[0m15:21:33.298344 [debug] [Thread-3 (]: SQL status: SELECT 1 in 0.011 seconds
[0m15:21:33.299717 [debug] [Thread-1 (]: Opening a new connection, currently in state closed
[0m15:21:33.302817 [debug] [Thread-3 (]: On test.cryptopulse.not_null_dim_asset_symbol.6d84ebfacb: ROLLBACK
[0m15:21:33.306812 [debug] [Thread-3 (]: On test.cryptopulse.not_null_dim_asset_symbol.6d84ebfacb: Close
[0m15:21:33.307466 [debug] [Thread-2 (]: Using postgres connection "model.cryptopulse.fact_market_bar"
[0m15:21:33.309016 [info ] [Thread-3 (]: 24 of 35 PASS not_null_dim_asset_symbol ........................................ [[32mPASS[0m in 0.12s]
[0m15:21:33.311991 [debug] [Thread-2 (]: On model.cryptopulse.fact_market_bar: /* {"app": "dbt", "dbt_version": "1.12.4", "profile_name": "cryptopulse", "target_name": "dev", "node_id": "model.cryptopulse.fact_market_bar"} */

  
    

  create  table "cryptopulse"."analytics_analytics"."fact_market_bar__dbt_tmp"
  
  
    as
  
  (
    select
    bars.market_bar_key,
    md5(concat_ws('||', coalesce(cast(bars.symbol as text), '_null_'), coalesce(cast(bars.currency as text), '_null_'))) as asset_key,
    md5(concat_ws('||', coalesce(cast(bars.provider as text), '_null_'))) as provider_key,
    bars.bar_start::date as date_key,
    bars.provider,
    bars.symbol,
    bars.currency,
    bars.interval,
    bars.bar_start,
    bars.bar_end,
    bars.open,
    bars.high,
    bars.low,
    bars.close,
    bars.volume,
    bars.trade_count,
    bars.vwap,
    bars.simple_return,
    bars.log_return,
    bars.loaded_at
from "cryptopulse"."analytics_intermediate"."int_market_returns" as bars
  );
  
[0m15:21:33.313437 [debug] [Thread-1 (]: SQL status: SELECT 1 in 0.014 seconds
[0m15:21:33.314171 [debug] [Thread-3 (]: Finished running node test.cryptopulse.not_null_dim_asset_symbol.6d84ebfacb
[0m15:21:33.315290 [debug] [Thread-2 (]: Opening a new connection, currently in state closed
[0m15:21:33.319191 [debug] [Thread-1 (]: On test.cryptopulse.unique_dim_asset_asset_key.1e356d7858: ROLLBACK
[0m15:21:33.323878 [debug] [Thread-1 (]: On test.cryptopulse.unique_dim_asset_asset_key.1e356d7858: Close
[0m15:21:33.326266 [info ] [Thread-1 (]: 25 of 35 PASS unique_dim_asset_asset_key ....................................... [[32mPASS[0m in 0.11s]
[0m15:21:33.328431 [debug] [Thread-1 (]: Finished running node test.cryptopulse.unique_dim_asset_asset_key.1e356d7858
[0m15:21:33.345313 [debug] [Thread-2 (]: SQL status: SELECT 20 in 0.030 seconds
[0m15:21:33.349262 [debug] [Thread-2 (]: Using postgres connection "model.cryptopulse.fact_market_bar"
[0m15:21:33.350424 [debug] [Thread-2 (]: On model.cryptopulse.fact_market_bar: /* {"app": "dbt", "dbt_version": "1.12.4", "profile_name": "cryptopulse", "target_name": "dev", "node_id": "model.cryptopulse.fact_market_bar"} */
alter table "cryptopulse"."analytics_analytics"."fact_market_bar" rename to "fact_market_bar__dbt_backup"
[0m15:21:33.352718 [debug] [Thread-2 (]: SQL status: ALTER TABLE in 0.001 seconds
[0m15:21:33.356063 [debug] [Thread-2 (]: Using postgres connection "model.cryptopulse.fact_market_bar"
[0m15:21:33.357447 [debug] [Thread-2 (]: On model.cryptopulse.fact_market_bar: /* {"app": "dbt", "dbt_version": "1.12.4", "profile_name": "cryptopulse", "target_name": "dev", "node_id": "model.cryptopulse.fact_market_bar"} */
alter table "cryptopulse"."analytics_analytics"."fact_market_bar__dbt_tmp" rename to "fact_market_bar"
[0m15:21:33.359328 [debug] [Thread-2 (]: SQL status: ALTER TABLE in 0.001 seconds
[0m15:21:33.363692 [debug] [Thread-2 (]: On model.cryptopulse.fact_market_bar: COMMIT
[0m15:21:33.364892 [debug] [Thread-2 (]: Using postgres connection "model.cryptopulse.fact_market_bar"
[0m15:21:33.366177 [debug] [Thread-2 (]: On model.cryptopulse.fact_market_bar: COMMIT
[0m15:21:33.370646 [debug] [Thread-2 (]: SQL status: COMMIT in 0.003 seconds
[0m15:21:33.373809 [debug] [Thread-2 (]: Applying DROP to: "cryptopulse"."analytics_analytics"."fact_market_bar__dbt_backup"
[0m15:21:33.375353 [debug] [Thread-2 (]: Using postgres connection "model.cryptopulse.fact_market_bar"
[0m15:21:33.376391 [debug] [Thread-2 (]: On model.cryptopulse.fact_market_bar: /* {"app": "dbt", "dbt_version": "1.12.4", "profile_name": "cryptopulse", "target_name": "dev", "node_id": "model.cryptopulse.fact_market_bar"} */
drop table if exists "cryptopulse"."analytics_analytics"."fact_market_bar__dbt_backup" cascade
[0m15:21:33.382621 [debug] [Thread-2 (]: SQL status: DROP TABLE in 0.005 seconds
[0m15:21:33.385408 [debug] [Thread-2 (]: On model.cryptopulse.fact_market_bar: Close
[0m15:21:33.387011 [debug] [Thread-2 (]: Sending event: {'category': 'dbt', 'action': 'run_model', 'label': '488e4a66-0d6e-4e63-949f-0c6ea4265830', 'context': [<snowplow_tracker.self_describing_json.SelfDescribingJson object at 0x7f28cef7c6d0>]}
[0m15:21:33.388536 [info ] [Thread-2 (]: 26 of 35 OK created sql table model analytics_analytics.fact_market_bar ........ [[32mSELECT 20[0m in 0.13s]
[0m15:21:33.389979 [debug] [Thread-2 (]: Finished running node model.cryptopulse.fact_market_bar
[0m15:21:33.391970 [debug] [Thread-4 (]: Began running node test.cryptopulse.not_null_fact_market_bar_asset_key.29e72edeb9
[0m15:21:33.392439 [debug] [Thread-3 (]: Began running node test.cryptopulse.not_null_fact_market_bar_close.0d139f179e
[0m15:21:33.392911 [debug] [Thread-1 (]: Began running node test.cryptopulse.not_null_fact_market_bar_market_bar_key.53f1070523
[0m15:21:33.393366 [debug] [Thread-2 (]: Began running node test.cryptopulse.not_null_fact_market_bar_provider_key.8be4a3d773
[0m15:21:33.394162 [info ] [Thread-4 (]: 27 of 35 START test not_null_fact_market_bar_asset_key ......................... [RUN]
[0m15:21:33.395313 [info ] [Thread-3 (]: 28 of 35 START test not_null_fact_market_bar_close ............................. [RUN]
[0m15:21:33.396583 [info ] [Thread-1 (]: 29 of 35 START test not_null_fact_market_bar_market_bar_key .................... [RUN]
[0m15:21:33.397882 [info ] [Thread-2 (]: 30 of 35 START test not_null_fact_market_bar_provider_key ...................... [RUN]
[0m15:21:33.399292 [debug] [Thread-4 (]: Re-using an available connection from the pool (formerly test.cryptopulse.not_null_dim_asset_asset_key.a810898cee, now test.cryptopulse.not_null_fact_market_bar_asset_key.29e72edeb9)
[0m15:21:33.400511 [debug] [Thread-3 (]: Re-using an available connection from the pool (formerly test.cryptopulse.not_null_dim_asset_symbol.6d84ebfacb, now test.cryptopulse.not_null_fact_market_bar_close.0d139f179e)
[0m15:21:33.402183 [debug] [Thread-1 (]: Re-using an available connection from the pool (formerly test.cryptopulse.unique_dim_asset_asset_key.1e356d7858, now test.cryptopulse.not_null_fact_market_bar_market_bar_key.53f1070523)
[0m15:21:33.403915 [debug] [Thread-2 (]: Re-using an available connection from the pool (formerly model.cryptopulse.fact_market_bar, now test.cryptopulse.not_null_fact_market_bar_provider_key.8be4a3d773)
[0m15:21:33.405326 [debug] [Thread-4 (]: Began compiling node test.cryptopulse.not_null_fact_market_bar_asset_key.29e72edeb9
[0m15:21:33.406807 [debug] [Thread-3 (]: Began compiling node test.cryptopulse.not_null_fact_market_bar_close.0d139f179e
[0m15:21:33.408455 [debug] [Thread-1 (]: Began compiling node test.cryptopulse.not_null_fact_market_bar_market_bar_key.53f1070523
[0m15:21:33.409758 [debug] [Thread-2 (]: Began compiling node test.cryptopulse.not_null_fact_market_bar_provider_key.8be4a3d773
[0m15:21:33.421603 [debug] [Thread-4 (]: Writing injected SQL for node "test.cryptopulse.not_null_fact_market_bar_asset_key.29e72edeb9"
[0m15:21:33.431796 [debug] [Thread-3 (]: Writing injected SQL for node "test.cryptopulse.not_null_fact_market_bar_close.0d139f179e"
[0m15:21:33.442228 [debug] [Thread-1 (]: Writing injected SQL for node "test.cryptopulse.not_null_fact_market_bar_market_bar_key.53f1070523"
[0m15:21:33.452344 [debug] [Thread-2 (]: Writing injected SQL for node "test.cryptopulse.not_null_fact_market_bar_provider_key.8be4a3d773"
[0m15:21:33.469141 [debug] [Thread-1 (]: Began executing node test.cryptopulse.not_null_fact_market_bar_market_bar_key.53f1070523
[0m15:21:33.469848 [debug] [Thread-3 (]: Began executing node test.cryptopulse.not_null_fact_market_bar_close.0d139f179e
[0m15:21:33.473990 [debug] [Thread-1 (]: Writing runtime sql for node "test.cryptopulse.not_null_fact_market_bar_market_bar_key.53f1070523"
[0m15:21:33.474559 [debug] [Thread-2 (]: Began executing node test.cryptopulse.not_null_fact_market_bar_provider_key.8be4a3d773
[0m15:21:33.475101 [debug] [Thread-4 (]: Began executing node test.cryptopulse.not_null_fact_market_bar_asset_key.29e72edeb9
[0m15:21:33.478566 [debug] [Thread-3 (]: Writing runtime sql for node "test.cryptopulse.not_null_fact_market_bar_close.0d139f179e"
[0m15:21:33.482175 [debug] [Thread-2 (]: Writing runtime sql for node "test.cryptopulse.not_null_fact_market_bar_provider_key.8be4a3d773"
[0m15:21:33.485420 [debug] [Thread-4 (]: Writing runtime sql for node "test.cryptopulse.not_null_fact_market_bar_asset_key.29e72edeb9"
[0m15:21:33.493156 [debug] [Thread-1 (]: Using postgres connection "test.cryptopulse.not_null_fact_market_bar_market_bar_key.53f1070523"
[0m15:21:33.494470 [debug] [Thread-2 (]: Using postgres connection "test.cryptopulse.not_null_fact_market_bar_provider_key.8be4a3d773"
[0m15:21:33.495074 [debug] [Thread-1 (]: On test.cryptopulse.not_null_fact_market_bar_market_bar_key.53f1070523: /* {"app": "dbt", "dbt_version": "1.12.4", "profile_name": "cryptopulse", "target_name": "dev", "node_id": "test.cryptopulse.not_null_fact_market_bar_market_bar_key.53f1070523"} */

    
    select
      count(*) as failures,
      count(*) != 0 as should_warn,
      count(*) != 0 as should_error
    from (
      
    
  
    
    



select market_bar_key
from "cryptopulse"."analytics_analytics"."fact_market_bar"
where market_bar_key is null



  
  
      
    ) dbt_internal_test
[0m15:21:33.495619 [debug] [Thread-4 (]: Using postgres connection "test.cryptopulse.not_null_fact_market_bar_asset_key.29e72edeb9"
[0m15:21:33.496823 [debug] [Thread-2 (]: On test.cryptopulse.not_null_fact_market_bar_provider_key.8be4a3d773: /* {"app": "dbt", "dbt_version": "1.12.4", "profile_name": "cryptopulse", "target_name": "dev", "node_id": "test.cryptopulse.not_null_fact_market_bar_provider_key.8be4a3d773"} */

    
    select
      count(*) as failures,
      count(*) != 0 as should_warn,
      count(*) != 0 as should_error
    from (
      
    
  
    
    



select provider_key
from "cryptopulse"."analytics_analytics"."fact_market_bar"
where provider_key is null



  
  
      
    ) dbt_internal_test
[0m15:21:33.497304 [debug] [Thread-3 (]: Using postgres connection "test.cryptopulse.not_null_fact_market_bar_close.0d139f179e"
[0m15:21:33.499800 [debug] [Thread-1 (]: Opening a new connection, currently in state closed
[0m15:21:33.501493 [debug] [Thread-4 (]: On test.cryptopulse.not_null_fact_market_bar_asset_key.29e72edeb9: /* {"app": "dbt", "dbt_version": "1.12.4", "profile_name": "cryptopulse", "target_name": "dev", "node_id": "test.cryptopulse.not_null_fact_market_bar_asset_key.29e72edeb9"} */

    
    select
      count(*) as failures,
      count(*) != 0 as should_warn,
      count(*) != 0 as should_error
    from (
      
    
  
    
    



select asset_key
from "cryptopulse"."analytics_analytics"."fact_market_bar"
where asset_key is null



  
  
      
    ) dbt_internal_test
[0m15:21:33.502763 [debug] [Thread-2 (]: Opening a new connection, currently in state closed
[0m15:21:33.504327 [debug] [Thread-3 (]: On test.cryptopulse.not_null_fact_market_bar_close.0d139f179e: /* {"app": "dbt", "dbt_version": "1.12.4", "profile_name": "cryptopulse", "target_name": "dev", "node_id": "test.cryptopulse.not_null_fact_market_bar_close.0d139f179e"} */

    
    select
      count(*) as failures,
      count(*) != 0 as should_warn,
      count(*) != 0 as should_error
    from (
      
    
  
    
    



select close
from "cryptopulse"."analytics_analytics"."fact_market_bar"
where close is null



  
  
      
    ) dbt_internal_test
[0m15:21:33.509137 [debug] [Thread-4 (]: Opening a new connection, currently in state closed
[0m15:21:33.512010 [debug] [Thread-3 (]: Opening a new connection, currently in state closed
[0m15:21:33.516980 [debug] [Thread-1 (]: SQL status: SELECT 1 in 0.017 seconds
[0m15:21:33.520223 [debug] [Thread-1 (]: On test.cryptopulse.not_null_fact_market_bar_market_bar_key.53f1070523: ROLLBACK
[0m15:21:33.520843 [debug] [Thread-2 (]: SQL status: SELECT 1 in 0.018 seconds
[0m15:21:33.522170 [debug] [Thread-1 (]: On test.cryptopulse.not_null_fact_market_bar_market_bar_key.53f1070523: Close
[0m15:21:33.523351 [debug] [Thread-4 (]: SQL status: SELECT 1 in 0.014 seconds
[0m15:21:33.524955 [debug] [Thread-2 (]: On test.cryptopulse.not_null_fact_market_bar_provider_key.8be4a3d773: ROLLBACK
[0m15:21:33.525426 [debug] [Thread-3 (]: SQL status: SELECT 1 in 0.013 seconds
[0m15:21:33.526799 [info ] [Thread-1 (]: 29 of 35 PASS not_null_fact_market_bar_market_bar_key .......................... [[32mPASS[0m in 0.12s]
[0m15:21:33.529273 [debug] [Thread-4 (]: On test.cryptopulse.not_null_fact_market_bar_asset_key.29e72edeb9: ROLLBACK
[0m15:21:33.530896 [debug] [Thread-2 (]: On test.cryptopulse.not_null_fact_market_bar_provider_key.8be4a3d773: Close
[0m15:21:33.532824 [debug] [Thread-3 (]: On test.cryptopulse.not_null_fact_market_bar_close.0d139f179e: ROLLBACK
[0m15:21:33.534165 [debug] [Thread-1 (]: Finished running node test.cryptopulse.not_null_fact_market_bar_market_bar_key.53f1070523
[0m15:21:33.535569 [debug] [Thread-4 (]: On test.cryptopulse.not_null_fact_market_bar_asset_key.29e72edeb9: Close
[0m15:21:33.536617 [info ] [Thread-2 (]: 30 of 35 PASS not_null_fact_market_bar_provider_key ............................ [[32mPASS[0m in 0.13s]
[0m15:21:33.537711 [debug] [Thread-3 (]: On test.cryptopulse.not_null_fact_market_bar_close.0d139f179e: Close
[0m15:21:33.538755 [debug] [Thread-1 (]: Began running node test.cryptopulse.relationships_fact_market_bar_asset_key__asset_key__ref_dim_asset_.5b491ea399
[0m15:21:33.540940 [info ] [Thread-4 (]: 27 of 35 PASS not_null_fact_market_bar_asset_key ............................... [[32mPASS[0m in 0.14s]
[0m15:21:33.542034 [debug] [Thread-2 (]: Finished running node test.cryptopulse.not_null_fact_market_bar_provider_key.8be4a3d773
[0m15:21:33.543894 [info ] [Thread-3 (]: 28 of 35 PASS not_null_fact_market_bar_close ................................... [[32mPASS[0m in 0.14s]
[0m15:21:33.544985 [info ] [Thread-1 (]: 31 of 35 START test relationships_fact_market_bar_asset_key__asset_key__ref_dim_asset_  [RUN]
[0m15:21:33.546926 [debug] [Thread-4 (]: Finished running node test.cryptopulse.not_null_fact_market_bar_asset_key.29e72edeb9
[0m15:21:33.548443 [debug] [Thread-2 (]: Began running node test.cryptopulse.relationships_fact_market_bar_provider_key__provider_key__ref_dim_provider_.e51f36ecb4
[0m15:21:33.550156 [debug] [Thread-3 (]: Finished running node test.cryptopulse.not_null_fact_market_bar_close.0d139f179e
[0m15:21:33.551432 [debug] [Thread-1 (]: Re-using an available connection from the pool (formerly test.cryptopulse.not_null_fact_market_bar_market_bar_key.53f1070523, now test.cryptopulse.relationships_fact_market_bar_asset_key__asset_key__ref_dim_asset_.5b491ea399)
[0m15:21:33.552845 [debug] [Thread-4 (]: Began running node test.cryptopulse.unique_fact_market_bar_market_bar_key.b88512ab4b
[0m15:21:33.554352 [info ] [Thread-2 (]: 32 of 35 START test relationships_fact_market_bar_provider_key__provider_key__ref_dim_provider_  [RUN]
[0m15:21:33.556610 [debug] [Thread-1 (]: Began compiling node test.cryptopulse.relationships_fact_market_bar_asset_key__asset_key__ref_dim_asset_.5b491ea399
[0m15:21:33.557894 [info ] [Thread-4 (]: 33 of 35 START test unique_fact_market_bar_market_bar_key ...................... [RUN]
[0m15:21:33.559531 [debug] [Thread-2 (]: Re-using an available connection from the pool (formerly test.cryptopulse.not_null_fact_market_bar_provider_key.8be4a3d773, now test.cryptopulse.relationships_fact_market_bar_provider_key__provider_key__ref_dim_provider_.e51f36ecb4)
[0m15:21:33.576198 [debug] [Thread-1 (]: Writing injected SQL for node "test.cryptopulse.relationships_fact_market_bar_asset_key__asset_key__ref_dim_asset_.5b491ea399"
[0m15:21:33.577164 [debug] [Thread-4 (]: Re-using an available connection from the pool (formerly test.cryptopulse.not_null_fact_market_bar_asset_key.29e72edeb9, now test.cryptopulse.unique_fact_market_bar_market_bar_key.b88512ab4b)
[0m15:21:33.578499 [debug] [Thread-2 (]: Began compiling node test.cryptopulse.relationships_fact_market_bar_provider_key__provider_key__ref_dim_provider_.e51f36ecb4
[0m15:21:33.581080 [debug] [Thread-4 (]: Began compiling node test.cryptopulse.unique_fact_market_bar_market_bar_key.b88512ab4b
[0m15:21:33.597089 [debug] [Thread-2 (]: Writing injected SQL for node "test.cryptopulse.relationships_fact_market_bar_provider_key__provider_key__ref_dim_provider_.e51f36ecb4"
[0m15:21:33.606064 [debug] [Thread-4 (]: Writing injected SQL for node "test.cryptopulse.unique_fact_market_bar_market_bar_key.b88512ab4b"
[0m15:21:33.608148 [debug] [Thread-1 (]: Began executing node test.cryptopulse.relationships_fact_market_bar_asset_key__asset_key__ref_dim_asset_.5b491ea399
[0m15:21:33.612362 [debug] [Thread-1 (]: Writing runtime sql for node "test.cryptopulse.relationships_fact_market_bar_asset_key__asset_key__ref_dim_asset_.5b491ea399"
[0m15:21:33.614463 [debug] [Thread-2 (]: Began executing node test.cryptopulse.relationships_fact_market_bar_provider_key__provider_key__ref_dim_provider_.e51f36ecb4
[0m15:21:33.618639 [debug] [Thread-2 (]: Writing runtime sql for node "test.cryptopulse.relationships_fact_market_bar_provider_key__provider_key__ref_dim_provider_.e51f36ecb4"
[0m15:21:33.619428 [debug] [Thread-4 (]: Began executing node test.cryptopulse.unique_fact_market_bar_market_bar_key.b88512ab4b
[0m15:21:33.627520 [debug] [Thread-4 (]: Writing runtime sql for node "test.cryptopulse.unique_fact_market_bar_market_bar_key.b88512ab4b"
[0m15:21:33.629475 [debug] [Thread-1 (]: Using postgres connection "test.cryptopulse.relationships_fact_market_bar_asset_key__asset_key__ref_dim_asset_.5b491ea399"
[0m15:21:33.630282 [debug] [Thread-2 (]: Using postgres connection "test.cryptopulse.relationships_fact_market_bar_provider_key__provider_key__ref_dim_provider_.e51f36ecb4"
[0m15:21:33.631301 [debug] [Thread-1 (]: On test.cryptopulse.relationships_fact_market_bar_asset_key__asset_key__ref_dim_asset_.5b491ea399: /* {"app": "dbt", "dbt_version": "1.12.4", "profile_name": "cryptopulse", "target_name": "dev", "node_id": "test.cryptopulse.relationships_fact_market_bar_asset_key__asset_key__ref_dim_asset_.5b491ea399"} */

    
    select
      count(*) as failures,
      count(*) != 0 as should_warn,
      count(*) != 0 as should_error
    from (
      
    
  
    
    

with child as (
    select asset_key as from_field
    from "cryptopulse"."analytics_analytics"."fact_market_bar"
    where asset_key is not null
),

parent as (
    select asset_key as to_field
    from "cryptopulse"."analytics_analytics"."dim_asset"
)

select
    from_field

from child
left join parent
    on child.from_field = parent.to_field

where parent.to_field is null



  
  
      
    ) dbt_internal_test
[0m15:21:33.636033 [debug] [Thread-2 (]: On test.cryptopulse.relationships_fact_market_bar_provider_key__provider_key__ref_dim_provider_.e51f36ecb4: /* {"app": "dbt", "dbt_version": "1.12.4", "profile_name": "cryptopulse", "target_name": "dev", "node_id": "test.cryptopulse.relationships_fact_market_bar_provider_key__provider_key__ref_dim_provider_.e51f36ecb4"} */

    
    select
      count(*) as failures,
      count(*) != 0 as should_warn,
      count(*) != 0 as should_error
    from (
      
    
  
    
    

with child as (
    select provider_key as from_field
    from "cryptopulse"."analytics_analytics"."fact_market_bar"
    where provider_key is not null
),

parent as (
    select provider_key as to_field
    from "cryptopulse"."analytics_analytics"."dim_provider"
)

select
    from_field

from child
left join parent
    on child.from_field = parent.to_field

where parent.to_field is null



  
  
      
    ) dbt_internal_test
[0m15:21:33.637688 [debug] [Thread-1 (]: Opening a new connection, currently in state closed
[0m15:21:33.639185 [debug] [Thread-2 (]: Opening a new connection, currently in state closed
[0m15:21:33.641467 [debug] [Thread-4 (]: Using postgres connection "test.cryptopulse.unique_fact_market_bar_market_bar_key.b88512ab4b"
[0m15:21:33.643945 [debug] [Thread-4 (]: On test.cryptopulse.unique_fact_market_bar_market_bar_key.b88512ab4b: /* {"app": "dbt", "dbt_version": "1.12.4", "profile_name": "cryptopulse", "target_name": "dev", "node_id": "test.cryptopulse.unique_fact_market_bar_market_bar_key.b88512ab4b"} */

    
    select
      count(*) as failures,
      count(*) != 0 as should_warn,
      count(*) != 0 as should_error
    from (
      
    
  
    
    

select
    market_bar_key as unique_field,
    count(*) as n_records

from "cryptopulse"."analytics_analytics"."fact_market_bar"
where market_bar_key is not null
group by market_bar_key
having count(*) > 1



  
  
      
    ) dbt_internal_test
[0m15:21:33.645804 [debug] [Thread-4 (]: Opening a new connection, currently in state closed
[0m15:21:33.653171 [debug] [Thread-2 (]: SQL status: SELECT 1 in 0.014 seconds
[0m15:21:33.655775 [debug] [Thread-2 (]: On test.cryptopulse.relationships_fact_market_bar_provider_key__provider_key__ref_dim_provider_.e51f36ecb4: ROLLBACK
[0m15:21:33.656233 [debug] [Thread-1 (]: SQL status: SELECT 1 in 0.019 seconds
[0m15:21:33.657452 [debug] [Thread-4 (]: SQL status: SELECT 1 in 0.012 seconds
[0m15:21:33.657922 [debug] [Thread-2 (]: On test.cryptopulse.relationships_fact_market_bar_provider_key__provider_key__ref_dim_provider_.e51f36ecb4: Close
[0m15:21:33.660467 [debug] [Thread-1 (]: On test.cryptopulse.relationships_fact_market_bar_asset_key__asset_key__ref_dim_asset_.5b491ea399: ROLLBACK
[0m15:21:33.663005 [debug] [Thread-4 (]: On test.cryptopulse.unique_fact_market_bar_market_bar_key.b88512ab4b: ROLLBACK
[0m15:21:33.664798 [info ] [Thread-2 (]: 32 of 35 PASS relationships_fact_market_bar_provider_key__provider_key__ref_dim_provider_  [[32mPASS[0m in 0.11s]
[0m15:21:33.666479 [debug] [Thread-1 (]: On test.cryptopulse.relationships_fact_market_bar_asset_key__asset_key__ref_dim_asset_.5b491ea399: Close
[0m15:21:33.667453 [debug] [Thread-4 (]: On test.cryptopulse.unique_fact_market_bar_market_bar_key.b88512ab4b: Close
[0m15:21:33.668837 [debug] [Thread-2 (]: Finished running node test.cryptopulse.relationships_fact_market_bar_provider_key__provider_key__ref_dim_provider_.e51f36ecb4
[0m15:21:33.670354 [info ] [Thread-1 (]: 31 of 35 PASS relationships_fact_market_bar_asset_key__asset_key__ref_dim_asset_  [[32mPASS[0m in 0.12s]
[0m15:21:33.672113 [info ] [Thread-4 (]: 33 of 35 PASS unique_fact_market_bar_market_bar_key ............................ [[32mPASS[0m in 0.09s]
[0m15:21:33.674543 [debug] [Thread-1 (]: Finished running node test.cryptopulse.relationships_fact_market_bar_asset_key__asset_key__ref_dim_asset_.5b491ea399
[0m15:21:33.676079 [debug] [Thread-4 (]: Finished running node test.cryptopulse.unique_fact_market_bar_market_bar_key.b88512ab4b
[0m15:21:33.678879 [debug] [Thread-3 (]: Began running node model.cryptopulse.mart_market_hourly
[0m15:21:33.680521 [info ] [Thread-3 (]: 34 of 35 START sql table model analytics_analytics.mart_market_hourly .......... [RUN]
[0m15:21:33.682151 [debug] [Thread-3 (]: Re-using an available connection from the pool (formerly test.cryptopulse.not_null_fact_market_bar_close.0d139f179e, now model.cryptopulse.mart_market_hourly)
[0m15:21:33.683691 [debug] [Thread-3 (]: Began compiling node model.cryptopulse.mart_market_hourly
[0m15:21:33.686656 [debug] [Thread-3 (]: Writing injected SQL for node "model.cryptopulse.mart_market_hourly"
[0m15:21:33.699107 [debug] [Thread-3 (]: Began executing node model.cryptopulse.mart_market_hourly
[0m15:21:33.704850 [debug] [Thread-3 (]: Writing runtime sql for node "model.cryptopulse.mart_market_hourly"
[0m15:21:33.716537 [debug] [Thread-3 (]: Using postgres connection "model.cryptopulse.mart_market_hourly"
[0m15:21:33.717915 [debug] [Thread-3 (]: On model.cryptopulse.mart_market_hourly: /* {"app": "dbt", "dbt_version": "1.12.4", "profile_name": "cryptopulse", "target_name": "dev", "node_id": "model.cryptopulse.mart_market_hourly"} */

  
    

  create  table "cryptopulse"."analytics_analytics"."mart_market_hourly__dbt_tmp"
  
  
    as
  
  (
    select
    provider,
    symbol,
    currency,
    date_trunc('hour', bar_start) as hour_start,
    (array_agg(open order by bar_start))[1] as open,
    max(high) as high,
    min(low) as low,
    (array_agg(close order by bar_start desc))[1] as close,
    sum(volume) as volume,
    sum(trade_count) as trade_count,
    sum(vwap * volume) / nullif(sum(volume), 0) as vwap
from "cryptopulse"."analytics_analytics"."fact_market_bar"
where interval = '1 minute'
group by provider, symbol, currency, date_trunc('hour', bar_start)
  );
  
[0m15:21:33.719317 [debug] [Thread-3 (]: Opening a new connection, currently in state closed
[0m15:21:33.743159 [debug] [Thread-3 (]: SQL status: SELECT 1 in 0.024 seconds
[0m15:21:33.746955 [debug] [Thread-3 (]: Using postgres connection "model.cryptopulse.mart_market_hourly"
[0m15:21:33.748373 [debug] [Thread-3 (]: On model.cryptopulse.mart_market_hourly: /* {"app": "dbt", "dbt_version": "1.12.4", "profile_name": "cryptopulse", "target_name": "dev", "node_id": "model.cryptopulse.mart_market_hourly"} */
alter table "cryptopulse"."analytics_analytics"."mart_market_hourly" rename to "mart_market_hourly__dbt_backup"
[0m15:21:33.750054 [debug] [Thread-3 (]: SQL status: ALTER TABLE in 0.001 seconds
[0m15:21:33.753375 [debug] [Thread-3 (]: Using postgres connection "model.cryptopulse.mart_market_hourly"
[0m15:21:33.754604 [debug] [Thread-3 (]: On model.cryptopulse.mart_market_hourly: /* {"app": "dbt", "dbt_version": "1.12.4", "profile_name": "cryptopulse", "target_name": "dev", "node_id": "model.cryptopulse.mart_market_hourly"} */
alter table "cryptopulse"."analytics_analytics"."mart_market_hourly__dbt_tmp" rename to "mart_market_hourly"
[0m15:21:33.756512 [debug] [Thread-3 (]: SQL status: ALTER TABLE in 0.001 seconds
[0m15:21:33.758814 [debug] [Thread-3 (]: On model.cryptopulse.mart_market_hourly: COMMIT
[0m15:21:33.760036 [debug] [Thread-3 (]: Using postgres connection "model.cryptopulse.mart_market_hourly"
[0m15:21:33.761196 [debug] [Thread-3 (]: On model.cryptopulse.mart_market_hourly: COMMIT
[0m15:21:33.765369 [debug] [Thread-3 (]: SQL status: COMMIT in 0.003 seconds
[0m15:21:33.767873 [debug] [Thread-3 (]: Applying DROP to: "cryptopulse"."analytics_analytics"."mart_market_hourly__dbt_backup"
[0m15:21:33.769492 [debug] [Thread-3 (]: Using postgres connection "model.cryptopulse.mart_market_hourly"
[0m15:21:33.770727 [debug] [Thread-3 (]: On model.cryptopulse.mart_market_hourly: /* {"app": "dbt", "dbt_version": "1.12.4", "profile_name": "cryptopulse", "target_name": "dev", "node_id": "model.cryptopulse.mart_market_hourly"} */
drop table if exists "cryptopulse"."analytics_analytics"."mart_market_hourly__dbt_backup" cascade
[0m15:21:33.776266 [debug] [Thread-3 (]: SQL status: DROP TABLE in 0.004 seconds
[0m15:21:33.779350 [debug] [Thread-3 (]: On model.cryptopulse.mart_market_hourly: Close
[0m15:21:33.781736 [debug] [Thread-3 (]: Sending event: {'category': 'dbt', 'action': 'run_model', 'label': '488e4a66-0d6e-4e63-949f-0c6ea4265830', 'context': [<snowplow_tracker.self_describing_json.SelfDescribingJson object at 0x7f2881a9cf10>]}
[0m15:21:33.783470 [info ] [Thread-3 (]: 34 of 35 OK created sql table model analytics_analytics.mart_market_hourly ..... [[32mSELECT 1[0m in 0.10s]
[0m15:21:33.784762 [debug] [Thread-3 (]: Finished running node model.cryptopulse.mart_market_hourly
[0m15:21:33.786590 [debug] [Thread-1 (]: Began running node test.cryptopulse.not_null_mart_market_hourly_hour_start.4334a1b23c
[0m15:21:33.787704 [info ] [Thread-1 (]: 35 of 35 START test not_null_mart_market_hourly_hour_start ..................... [RUN]
[0m15:21:33.789061 [debug] [Thread-1 (]: Re-using an available connection from the pool (formerly test.cryptopulse.relationships_fact_market_bar_asset_key__asset_key__ref_dim_asset_.5b491ea399, now test.cryptopulse.not_null_mart_market_hourly_hour_start.4334a1b23c)
[0m15:21:33.790163 [debug] [Thread-1 (]: Began compiling node test.cryptopulse.not_null_mart_market_hourly_hour_start.4334a1b23c
[0m15:21:33.798817 [debug] [Thread-1 (]: Writing injected SQL for node "test.cryptopulse.not_null_mart_market_hourly_hour_start.4334a1b23c"
[0m15:21:33.811762 [debug] [Thread-1 (]: Began executing node test.cryptopulse.not_null_mart_market_hourly_hour_start.4334a1b23c
[0m15:21:33.814880 [debug] [Thread-1 (]: Writing runtime sql for node "test.cryptopulse.not_null_mart_market_hourly_hour_start.4334a1b23c"
[0m15:21:33.827254 [debug] [Thread-1 (]: Using postgres connection "test.cryptopulse.not_null_mart_market_hourly_hour_start.4334a1b23c"
[0m15:21:33.828347 [debug] [Thread-1 (]: On test.cryptopulse.not_null_mart_market_hourly_hour_start.4334a1b23c: /* {"app": "dbt", "dbt_version": "1.12.4", "profile_name": "cryptopulse", "target_name": "dev", "node_id": "test.cryptopulse.not_null_mart_market_hourly_hour_start.4334a1b23c"} */

    
    select
      count(*) as failures,
      count(*) != 0 as should_warn,
      count(*) != 0 as should_error
    from (
      
    
  
    
    



select hour_start
from "cryptopulse"."analytics_analytics"."mart_market_hourly"
where hour_start is null



  
  
      
    ) dbt_internal_test
[0m15:21:33.829374 [debug] [Thread-1 (]: Opening a new connection, currently in state closed
[0m15:21:33.839787 [debug] [Thread-1 (]: SQL status: SELECT 1 in 0.010 seconds
[0m15:21:33.842883 [debug] [Thread-1 (]: On test.cryptopulse.not_null_mart_market_hourly_hour_start.4334a1b23c: ROLLBACK
[0m15:21:33.844453 [debug] [Thread-1 (]: On test.cryptopulse.not_null_mart_market_hourly_hour_start.4334a1b23c: Close
[0m15:21:33.845911 [info ] [Thread-1 (]: 35 of 35 PASS not_null_mart_market_hourly_hour_start ........................... [[32mPASS[0m in 0.06s]
[0m15:21:33.847611 [debug] [Thread-1 (]: Finished running node test.cryptopulse.not_null_mart_market_hourly_hour_start.4334a1b23c
[0m15:21:33.851385 [debug] [MainThread]: On master: COMMIT
[0m15:21:33.852349 [debug] [MainThread]: Using postgres connection "master"
[0m15:21:33.853404 [debug] [MainThread]: On master: COMMIT
[0m15:21:33.854335 [debug] [MainThread]: Opening a new connection, currently in state closed
[0m15:21:33.862182 [debug] [MainThread]: SQL status: COMMIT in 0.008 seconds
[0m15:21:33.863571 [debug] [MainThread]: On master: Close
[0m15:21:33.865408 [debug] [MainThread]: Connection 'master' was properly closed.
[0m15:21:33.866732 [debug] [MainThread]: Connection 'test.cryptopulse.not_null_mart_market_hourly_hour_start.4334a1b23c' was properly closed.
[0m15:21:33.867873 [debug] [MainThread]: Connection 'test.cryptopulse.relationships_fact_market_bar_provider_key__provider_key__ref_dim_provider_.e51f36ecb4' was properly closed.
[0m15:21:33.868898 [debug] [MainThread]: Connection 'model.cryptopulse.mart_market_hourly' was properly closed.
[0m15:21:33.869762 [debug] [MainThread]: Connection 'test.cryptopulse.unique_fact_market_bar_market_bar_key.b88512ab4b' was properly closed.
[0m15:21:33.870972 [info ] [MainThread]: 
[0m15:21:33.872140 [info ] [MainThread]: Finished running 6 table models, 27 data tests, 2 view models in 0 hours 0 minutes and 2.21 seconds (2.21s).
[0m15:21:33.880133 [debug] [MainThread]: Command end result
[0m15:21:33.967937 [debug] [MainThread]: Wrote artifact WritableManifest to dbt/target/manifest.json
[0m15:21:33.976411 [debug] [MainThread]: Wrote artifact SemanticManifest to dbt/target/semantic_manifest.json
[0m15:21:33.986521 [debug] [MainThread]: Wrote artifact OsiDocument to dbt/target/osi_document.json
[0m15:21:34.002649 [debug] [MainThread]: Wrote artifact RunExecutionResult to dbt/target/run_results.json
[0m15:21:34.003908 [info ] [MainThread]: 
[0m15:21:34.005192 [info ] [MainThread]: [32mCompleted successfully[0m
[0m15:21:34.006575 [info ] [MainThread]: 
[0m15:21:34.007788 [info ] [MainThread]: Done. PASS=35 WARN=0 ERROR=0 SKIP=0 NO-OP=0 REUSED=0 TOTAL=35
[0m15:21:34.009460 [warn ] [MainThread]: [[33mWARNING[0m][DeprecationsSummary]: Deprecated functionality
Summary of encountered deprecations:
- MissingArgumentsPropertyInGenericTestDeprecation: 1 occurrence
To see all deprecation instances instead of just the first occurrence of each,
run command again with the `--show-all-deprecations` flag. You may also need to
run with `--no-partial-parse` as some deprecations are only encountered during
parsing.
[0m15:21:34.011799 [debug] [MainThread]: Resource report: {"command_name": "build", "command_success": true, "command_wall_clock_time": 4.4746423, "process_in_blocks": "11672", "process_kernel_time": 0.574121, "process_mem_max_rss": "152756", "process_out_blocks": "2344", "process_user_time": 4.572829}
[0m15:21:34.015466 [debug] [MainThread]: Command `dbt build` succeeded at 15:21:34.015298 after 4.48 seconds
[0m15:21:34.018624 [debug] [MainThread]: Sending event: {'category': 'dbt', 'action': 'invocation', 'label': 'end', 'context': [<snowplow_tracker.self_describing_json.SelfDescribingJson object at 0x7f28d14083d0>, <snowplow_tracker.self_describing_json.SelfDescribingJson object at 0x7f28d143bc90>, <snowplow_tracker.self_describing_json.SelfDescribingJson object at 0x7f28d2abf990>]}
[0m15:21:34.022252 [debug] [MainThread]: Flushing usage events
[0m15:21:34.441823 [debug] [MainThread]: An error was encountered while trying to flush usage events
[0m16:41:05.953595 [debug] [MainThread]: Sending event: {'category': 'dbt', 'action': 'invocation', 'label': 'start', 'context': [<snowplow_tracker.self_describing_json.SelfDescribingJson object at 0x0000019EB9EBFCB0>, <snowplow_tracker.self_describing_json.SelfDescribingJson object at 0x0000019EBC54FED0>, <snowplow_tracker.self_describing_json.SelfDescribingJson object at 0x0000019EBC54F9D0>]}


============================== 16:41:05.959213 | a78f226e-ab09-4fd4-b9a1-1a6041da181e ==============================
[0m16:41:05.959213 [info ] [MainThread]: Running with dbt=1.12.4
[0m16:41:05.959813 [debug] [MainThread]: running dbt with arguments {'version_check': 'True', 'no_print': 'None', 'maximum_seed_size_mib': '1', 'target_path': 'None', 'static_parser': 'True', 'warn_error_options': 'WarnErrorOptionsV2(error=[], warn=[], silence=[])', 'printer_width': '80', 'write_json': 'True', 'introspect': 'True', 'log_cache_events': 'False', 'empty': 'None', 'cache_selected_only': 'False', 'log_format': 'default', 'debug': 'False', 'fail_fast': 'False', 'profiles_dir': 'dbt', 'send_anonymous_usage_stats': 'True', 'quiet': 'False', 'warn_error': 'None', 'partial_parse': 'True', 'indirect_selection': 'eager', 'hints_enabled': 'True', 'invocation_command': 'dbt parse --project-dir dbt --profiles-dir dbt', 'use_experimental_parser': 'False', 'use_colors': 'True', 'log_path': 'dbt\\logs'}
[0m16:41:06.386156 [debug] [MainThread]: Sending event: {'category': 'dbt', 'action': 'project_id', 'label': 'a78f226e-ab09-4fd4-b9a1-1a6041da181e', 'context': [<snowplow_tracker.self_describing_json.SelfDescribingJson object at 0x0000019EBA46E3F0>]}
[0m16:41:06.475079 [debug] [MainThread]: Sending event: {'category': 'dbt', 'action': 'adapter_info', 'label': 'a78f226e-ab09-4fd4-b9a1-1a6041da181e', 'context': [<snowplow_tracker.self_describing_json.SelfDescribingJson object at 0x0000019EB83F9E10>]}
[0m16:41:06.477624 [info ] [MainThread]: Registered adapter: postgres=1.11.0
[0m16:41:06.992735 [debug] [MainThread]: checksum: d0ae13726430808d53368a611dcc448868af2e91ec7c8fa7fbc4e3d001aaea19, vars: {}, profile: cryptopulse, target: dev, version: 1.12.4
[0m16:41:07.158828 [info ] [MainThread]: Unable to do partial parsing because profile has changed
[0m16:41:07.159543 [debug] [MainThread]: Sending event: {'category': 'dbt', 'action': 'partial_parser', 'label': 'a78f226e-ab09-4fd4-b9a1-1a6041da181e', 'context': [<snowplow_tracker.self_describing_json.SelfDescribingJson object at 0x0000019EBCC85C50>]}
[0m16:41:09.631572 [warn ] [MainThread]: [[33mWARNING[0m][MissingArgumentsPropertyInGenericTestDeprecation]: Deprecated
functionality
Found top-level arguments to test `accepted_values` defined on 'raw_market_bars'
in package 'cryptopulse' (models\sources.yml). Arguments to generic tests should
be nested under the `arguments` property.
[0m16:41:09.631985 [debug] [MainThread]: Sending event: {'category': 'dbt', 'action': 'deprecation', 'label': 'a78f226e-ab09-4fd4-b9a1-1a6041da181e', 'property_': 'warn', 'context': [<snowplow_tracker.self_describing_json.SelfDescribingJson object at 0x0000019EBCBF0AA0>]}
[0m16:41:09.735626 [debug] [MainThread]: Sending event: {'category': 'dbt', 'action': 'load_project', 'label': 'a78f226e-ab09-4fd4-b9a1-1a6041da181e', 'context': [<snowplow_tracker.self_describing_json.SelfDescribingJson object at 0x0000019EBCFA42F0>]}
[0m16:41:09.738529 [info ] [MainThread]: Performance info: dbt\target\perf_info.json
[0m16:41:09.826854 [debug] [MainThread]: Wrote artifact WritableManifest to dbt\target\manifest.json
[0m16:41:09.858203 [debug] [MainThread]: Wrote artifact SemanticManifest to dbt\target\semantic_manifest.json
[0m16:41:09.906614 [debug] [MainThread]: Wrote artifact OsiDocument to dbt\target\osi_document.json
[0m16:41:09.907128 [warn ] [MainThread]: [[33mWARNING[0m][DeprecationsSummary]: Deprecated functionality
Summary of encountered deprecations:
- MissingArgumentsPropertyInGenericTestDeprecation: 1 occurrence
To see all deprecation instances instead of just the first occurrence of each,
run command again with the `--show-all-deprecations` flag. You may also need to
run with `--no-partial-parse` as some deprecations are only encountered during
parsing.
[0m16:41:09.907751 [debug] [MainThread]: Command `dbt parse` succeeded at 16:41:09.907650 after 4.14 seconds
[0m16:41:09.908050 [debug] [MainThread]: Sending event: {'category': 'dbt', 'action': 'invocation', 'label': 'end', 'context': [<snowplow_tracker.self_describing_json.SelfDescribingJson object at 0x0000019EBD173930>, <snowplow_tracker.self_describing_json.SelfDescribingJson object at 0x0000019EBC401850>, <snowplow_tracker.self_describing_json.SelfDescribingJson object at 0x0000019EBD1F8710>]}
[0m16:41:09.908767 [debug] [MainThread]: Flushing usage events
[0m16:41:10.255815 [debug] [MainThread]: An error was encountered while trying to flush usage events
[0m16:41:35.826405 [debug] [MainThread]: Sending event: {'category': 'dbt', 'action': 'invocation', 'label': 'start', 'context': [<snowplow_tracker.self_describing_json.SelfDescribingJson object at 0x000001CA6D69FCB0>, <snowplow_tracker.self_describing_json.SelfDescribingJson object at 0x000001CA6FD2FED0>, <snowplow_tracker.self_describing_json.SelfDescribingJson object at 0x000001CA6FD2F9D0>]}


============================== 16:41:35.832428 | e06567cf-4666-47a3-b05f-c81ca71a5e23 ==============================
[0m16:41:35.832428 [info ] [MainThread]: Running with dbt=1.12.4
[0m16:41:35.832821 [debug] [MainThread]: running dbt with arguments {'maximum_seed_size_mib': '1', 'no_print': 'None', 'version_check': 'True', 'target_path': 'None', 'warn_error_options': 'WarnErrorOptionsV2(error=[], warn=[], silence=[])', 'static_parser': 'True', 'printer_width': '80', 'write_json': 'True', 'introspect': 'True', 'log_cache_events': 'False', 'empty': 'None', 'cache_selected_only': 'False', 'fail_fast': 'False', 'debug': 'False', 'log_format': 'default', 'profiles_dir': 'dbt', 'send_anonymous_usage_stats': 'True', 'quiet': 'False', 'warn_error': 'None', 'partial_parse': 'True', 'indirect_selection': 'eager', 'hints_enabled': 'True', 'use_colors': 'True', 'use_experimental_parser': 'False', 'invocation_command': 'dbt parse --project-dir dbt --profiles-dir dbt', 'log_path': 'dbt\\logs'}
[0m16:41:36.011736 [debug] [MainThread]: Sending event: {'category': 'dbt', 'action': 'project_id', 'label': 'e06567cf-4666-47a3-b05f-c81ca71a5e23', 'context': [<snowplow_tracker.self_describing_json.SelfDescribingJson object at 0x000001CA6DC4E3F0>]}
[0m16:41:36.175389 [debug] [MainThread]: Sending event: {'category': 'dbt', 'action': 'adapter_info', 'label': 'e06567cf-4666-47a3-b05f-c81ca71a5e23', 'context': [<snowplow_tracker.self_describing_json.SelfDescribingJson object at 0x000001CA6BBC9E10>]}
[0m16:41:36.176833 [info ] [MainThread]: Registered adapter: postgres=1.11.0
[0m16:41:36.398733 [debug] [MainThread]: checksum: d0ae13726430808d53368a611dcc448868af2e91ec7c8fa7fbc4e3d001aaea19, vars: {}, profile: cryptopulse, target: dev, version: 1.12.4
[0m16:41:36.527064 [debug] [MainThread]: Partial parsing enabled: 0 files deleted, 0 files added, 0 files changed.
[0m16:41:36.527405 [debug] [MainThread]: Nothing changed, skipping partial parsing.
[0m16:41:36.527598 [debug] [MainThread]: Partial parsing enabled, no changes found, skipping parsing
[0m16:41:36.534190 [debug] [MainThread]: Sending event: {'category': 'dbt', 'action': 'load_project', 'label': 'e06567cf-4666-47a3-b05f-c81ca71a5e23', 'context': [<snowplow_tracker.self_describing_json.SelfDescribingJson object at 0x000001CA703F2450>]}
[0m16:41:36.536636 [info ] [MainThread]: Performance info: dbt\target\perf_info.json
[0m16:41:36.644533 [debug] [MainThread]: Wrote artifact WritableManifest to dbt\target\manifest.json
[0m16:41:36.647435 [debug] [MainThread]: Wrote artifact SemanticManifest to dbt\target\semantic_manifest.json
[0m16:41:36.673337 [debug] [MainThread]: Wrote artifact OsiDocument to dbt\target\osi_document.json
[0m16:41:36.674001 [debug] [MainThread]: Command `dbt parse` succeeded at 16:41:36.673905 after 1.00 seconds
[0m16:41:36.674279 [debug] [MainThread]: Sending event: {'category': 'dbt', 'action': 'invocation', 'label': 'end', 'context': [<snowplow_tracker.self_describing_json.SelfDescribingJson object at 0x000001CA6FDF2300>, <snowplow_tracker.self_describing_json.SelfDescribingJson object at 0x000001CA704234D0>, <snowplow_tracker.self_describing_json.SelfDescribingJson object at 0x000001CA6FBABD90>]}
[0m16:41:36.674533 [debug] [MainThread]: Flushing usage events
[0m16:41:36.953332 [debug] [MainThread]: An error was encountered while trying to flush usage events
[0m02:17:30.287508 [debug] [MainThread]: Sending event: {'category': 'dbt', 'action': 'invocation', 'label': 'start', 'context': [<snowplow_tracker.self_describing_json.SelfDescribingJson object at 0x7f2548db3dd0>, <snowplow_tracker.self_describing_json.SelfDescribingJson object at 0x7f2548d930d0>, <snowplow_tracker.self_describing_json.SelfDescribingJson object at 0x7f2548e43e50>]}


============================== 02:17:30.295883 | 47354a37-1bc5-4e60-9d26-e41949e24333 ==============================
[0m02:17:30.295883 [info ] [MainThread]: Running with dbt=1.12.4
[0m02:17:30.297474 [debug] [MainThread]: running dbt with arguments {'cache_selected_only': 'False', 'empty': 'False', 'send_anonymous_usage_stats': 'True', 'indirect_selection': 'eager', 'log_path': 'dbt/logs', 'warn_error': 'None', 'invocation_command': 'dbt build --project-dir dbt --profiles-dir dbt', 'hints_enabled': 'True', 'maximum_seed_size_mib': '1', 'use_experimental_parser': 'False', 'version_check': 'True', 'use_colors': 'True', 'introspect': 'True', 'write_json': 'True', 'no_print': 'None', 'debug': 'False', 'printer_width': '80', 'fail_fast': 'False', 'log_cache_events': 'False', 'profiles_dir': 'dbt', 'log_format': 'default', 'quiet': 'False', 'static_parser': 'True', 'warn_error_options': 'WarnErrorOptionsV2(error=[], warn=[], silence=[])', 'target_path': 'None', 'partial_parse': 'True'}
[0m02:17:30.504097 [debug] [MainThread]: Sending event: {'category': 'dbt', 'action': 'project_id', 'label': '47354a37-1bc5-4e60-9d26-e41949e24333', 'context': [<snowplow_tracker.self_describing_json.SelfDescribingJson object at 0x7f2547dd1d10>]}
[0m02:17:30.565572 [debug] [MainThread]: Sending event: {'category': 'dbt', 'action': 'adapter_info', 'label': '47354a37-1bc5-4e60-9d26-e41949e24333', 'context': [<snowplow_tracker.self_describing_json.SelfDescribingJson object at 0x7f254c059390>]}
[0m02:17:30.569203 [info ] [MainThread]: Registered adapter: postgres=1.11.0
[0m02:17:30.632295 [debug] [MainThread]: checksum: d0ae13726430808d53368a611dcc448868af2e91ec7c8fa7fbc4e3d001aaea19, vars: {}, profile: cryptopulse, target: dev, version: 1.12.4
[0m02:17:30.900029 [info ] [MainThread]: Unable to do partial parsing because profile has changed
[0m02:17:30.901827 [debug] [MainThread]: Sending event: {'category': 'dbt', 'action': 'partial_parser', 'label': '47354a37-1bc5-4e60-9d26-e41949e24333', 'context': [<snowplow_tracker.self_describing_json.SelfDescribingJson object at 0x7f2549870890>]}
[0m02:17:32.714731 [debug] [MainThread]: Sending event: {'category': 'dbt', 'action': 'load_project', 'label': '47354a37-1bc5-4e60-9d26-e41949e24333', 'context': [<snowplow_tracker.self_describing_json.SelfDescribingJson object at 0x7f2547117790>]}
[0m02:17:32.846221 [debug] [MainThread]: Wrote artifact WritableManifest to dbt/target/manifest.json
[0m02:17:32.857458 [debug] [MainThread]: Wrote artifact SemanticManifest to dbt/target/semantic_manifest.json
[0m02:17:32.895714 [debug] [MainThread]: Wrote artifact OsiDocument to dbt/target/osi_document.json
[0m02:17:32.946523 [debug] [MainThread]: Sending event: {'category': 'dbt', 'action': 'resource_counts', 'label': '47354a37-1bc5-4e60-9d26-e41949e24333', 'context': [<snowplow_tracker.self_describing_json.SelfDescribingJson object at 0x7f2547189e50>]}
[0m02:17:32.968697 [info ] [MainThread]: Found 8 models, 27 data tests, 2 sources, 478 macros
[0m02:17:33.001020 [info ] [MainThread]: 
[0m02:17:33.030205 [info ] [MainThread]: Concurrency: 4 threads (target='dev')
[0m02:17:33.031723 [info ] [MainThread]: 
[0m02:17:33.034444 [debug] [MainThread]: Acquiring new postgres connection 'master'
[0m02:17:33.040669 [debug] [ThreadPool]: Acquiring new postgres connection 'list_cryptopulse'
[0m02:17:33.041362 [debug] [ThreadPool]: Acquiring new postgres connection 'list_cryptopulse'
[0m02:17:33.042086 [debug] [ThreadPool]: Acquiring new postgres connection 'list_cryptopulse'
[0m02:17:33.127437 [debug] [ThreadPool]: Using postgres connection "list_cryptopulse"
[0m02:17:33.128519 [debug] [ThreadPool]: Using postgres connection "list_cryptopulse"
[0m02:17:33.129076 [debug] [ThreadPool]: Using postgres connection "list_cryptopulse"
[0m02:17:33.130056 [debug] [ThreadPool]: On list_cryptopulse: /* {"app": "dbt", "dbt_version": "1.12.4", "profile_name": "cryptopulse", "target_name": "dev", "connection_name": "list_cryptopulse"} */

    select distinct nspname from pg_namespace
  
[0m02:17:33.131400 [debug] [ThreadPool]: On list_cryptopulse: /* {"app": "dbt", "dbt_version": "1.12.4", "profile_name": "cryptopulse", "target_name": "dev", "connection_name": "list_cryptopulse"} */

    select distinct nspname from pg_namespace
  
[0m02:17:33.132412 [debug] [ThreadPool]: On list_cryptopulse: /* {"app": "dbt", "dbt_version": "1.12.4", "profile_name": "cryptopulse", "target_name": "dev", "connection_name": "list_cryptopulse"} */

    select distinct nspname from pg_namespace
  
[0m02:17:33.134359 [debug] [ThreadPool]: Opening a new connection, currently in state init
[0m02:17:33.136891 [debug] [ThreadPool]: Opening a new connection, currently in state init
[0m02:17:33.138091 [debug] [ThreadPool]: Opening a new connection, currently in state init
[0m02:17:33.168431 [debug] [ThreadPool]: SQL status: SELECT 8 in 0.031 seconds
[0m02:17:33.168854 [debug] [ThreadPool]: SQL status: SELECT 8 in 0.034 seconds
[0m02:17:33.169152 [debug] [ThreadPool]: SQL status: SELECT 8 in 0.031 seconds
[0m02:17:33.197332 [debug] [ThreadPool]: On list_cryptopulse: Close
[0m02:17:33.203217 [debug] [ThreadPool]: On list_cryptopulse: Close
[0m02:17:33.207143 [debug] [ThreadPool]: On list_cryptopulse: Close
[0m02:17:33.221162 [debug] [ThreadPool]: Re-using an available connection from the pool (formerly list_cryptopulse, now list_cryptopulse_analytics_staging)
[0m02:17:33.221863 [debug] [ThreadPool]: Re-using an available connection from the pool (formerly list_cryptopulse, now list_cryptopulse_analytics_intermediate)
[0m02:17:33.222409 [debug] [ThreadPool]: Re-using an available connection from the pool (formerly list_cryptopulse, now list_cryptopulse_analytics_analytics)
[0m02:17:33.227290 [debug] [ThreadPool]: Using postgres connection "list_cryptopulse_analytics_staging"
[0m02:17:33.229143 [debug] [ThreadPool]: Using postgres connection "list_cryptopulse_analytics_intermediate"
[0m02:17:33.230583 [debug] [ThreadPool]: Using postgres connection "list_cryptopulse_analytics_analytics"
[0m02:17:33.231393 [debug] [ThreadPool]: On list_cryptopulse_analytics_staging: /* {"app": "dbt", "dbt_version": "1.12.4", "profile_name": "cryptopulse", "target_name": "dev", "connection_name": "list_cryptopulse_analytics_staging"} */
select
      'cryptopulse' as database,
      tablename as name,
      schemaname as schema,
      'table' as type
    from pg_tables
    where schemaname ilike 'analytics_staging'
    union all
    select
      'cryptopulse' as database,
      viewname as name,
      schemaname as schema,
      'view' as type
    from pg_views
    where schemaname ilike 'analytics_staging'
    union all
    select
      'cryptopulse' as database,
      matviewname as name,
      schemaname as schema,
      'materialized_view' as type
    from pg_matviews
    where schemaname ilike 'analytics_staging'
    union all
    select distinct
     'cryptopulse' as database,
     proname as name,
     ns.nspname as schema,
     'function' as type
    from pg_proc
     join pg_namespace as ns on pronamespace = ns.oid
    where ns.nspname ilike 'analytics_staging'
  
[0m02:17:33.232229 [debug] [ThreadPool]: On list_cryptopulse_analytics_intermediate: /* {"app": "dbt", "dbt_version": "1.12.4", "profile_name": "cryptopulse", "target_name": "dev", "connection_name": "list_cryptopulse_analytics_intermediate"} */
select
      'cryptopulse' as database,
      tablename as name,
      schemaname as schema,
      'table' as type
    from pg_tables
    where schemaname ilike 'analytics_intermediate'
    union all
    select
      'cryptopulse' as database,
      viewname as name,
      schemaname as schema,
      'view' as type
    from pg_views
    where schemaname ilike 'analytics_intermediate'
    union all
    select
      'cryptopulse' as database,
      matviewname as name,
      schemaname as schema,
      'materialized_view' as type
    from pg_matviews
    where schemaname ilike 'analytics_intermediate'
    union all
    select distinct
     'cryptopulse' as database,
     proname as name,
     ns.nspname as schema,
     'function' as type
    from pg_proc
     join pg_namespace as ns on pronamespace = ns.oid
    where ns.nspname ilike 'analytics_intermediate'
  
[0m02:17:33.239281 [debug] [ThreadPool]: On list_cryptopulse_analytics_analytics: /* {"app": "dbt", "dbt_version": "1.12.4", "profile_name": "cryptopulse", "target_name": "dev", "connection_name": "list_cryptopulse_analytics_analytics"} */
select
      'cryptopulse' as database,
      tablename as name,
      schemaname as schema,
      'table' as type
    from pg_tables
    where schemaname ilike 'analytics_analytics'
    union all
    select
      'cryptopulse' as database,
      viewname as name,
      schemaname as schema,
      'view' as type
    from pg_views
    where schemaname ilike 'analytics_analytics'
    union all
    select
      'cryptopulse' as database,
      matviewname as name,
      schemaname as schema,
      'materialized_view' as type
    from pg_matviews
    where schemaname ilike 'analytics_analytics'
    union all
    select distinct
     'cryptopulse' as database,
     proname as name,
     ns.nspname as schema,
     'function' as type
    from pg_proc
     join pg_namespace as ns on pronamespace = ns.oid
    where ns.nspname ilike 'analytics_analytics'
  
[0m02:17:33.242130 [debug] [ThreadPool]: Opening a new connection, currently in state closed
[0m02:17:33.243068 [debug] [ThreadPool]: Opening a new connection, currently in state closed
[0m02:17:33.244146 [debug] [ThreadPool]: Opening a new connection, currently in state closed
[0m02:17:33.272786 [debug] [ThreadPool]: SQL status: SELECT 1 in 0.030 seconds
[0m02:17:33.273228 [debug] [ThreadPool]: SQL status: SELECT 1 in 0.031 seconds
[0m02:17:33.273521 [debug] [ThreadPool]: SQL status: SELECT 6 in 0.029 seconds
[0m02:17:33.275016 [debug] [ThreadPool]: On list_cryptopulse_analytics_intermediate: ROLLBACK
[0m02:17:33.276402 [debug] [ThreadPool]: On list_cryptopulse_analytics_staging: ROLLBACK
[0m02:17:33.277936 [debug] [ThreadPool]: On list_cryptopulse_analytics_analytics: ROLLBACK
[0m02:17:33.278758 [debug] [ThreadPool]: On list_cryptopulse_analytics_intermediate: Close
[0m02:17:33.279290 [debug] [ThreadPool]: On list_cryptopulse_analytics_staging: Close
[0m02:17:33.283333 [debug] [ThreadPool]: On list_cryptopulse_analytics_analytics: Close
[0m02:17:33.290795 [debug] [MainThread]: Using postgres connection "master"
[0m02:17:33.292748 [debug] [MainThread]: On master: /* {"app": "dbt", "dbt_version": "1.12.4", "profile_name": "cryptopulse", "target_name": "dev", "connection_name": "master"} */
select distinct
        dependent_namespace.nspname as dependent_schema,
        dependent_class.relname as dependent_name,
        referenced_namespace.nspname as referenced_schema,
        referenced_class.relname as referenced_name

    -- Query for views: views are entries in pg_class with an entry in pg_rewrite, but we avoid
    -- a seq scan on pg_rewrite by leveraging the fact there is an "internal" row in pg_depend for
    -- the view...
    from pg_class as dependent_class
    join pg_namespace as dependent_namespace on dependent_namespace.oid = dependent_class.relnamespace
    join pg_depend as dependent_depend on dependent_depend.refobjid = dependent_class.oid
        and dependent_depend.classid = 'pg_rewrite'::regclass
        and dependent_depend.refclassid = 'pg_class'::regclass
        and dependent_depend.deptype = 'i'

    -- ... and via pg_depend (that has a row per column, hence the need for "distinct" above, and
    -- making sure to exclude the internal row to avoid a view appearing to depend on itself)...
    join pg_depend as joining_depend on joining_depend.objid = dependent_depend.objid
        and joining_depend.classid = 'pg_rewrite'::regclass
        and joining_depend.refclassid = 'pg_class'::regclass
        and joining_depend.refobjid != dependent_depend.refobjid

    -- ... we can find the tables they query from in pg_class, but excluding system tables. Note we
    -- don't need need to exclude _dependent_ system tables, because they only query from other
    -- system tables, and so are automatically excluded by excluding _referenced_ system tables
    join pg_class as referenced_class on referenced_class.oid = joining_depend.refobjid
    join pg_namespace as referenced_namespace on referenced_namespace.oid = referenced_class.relnamespace
        and referenced_namespace.nspname != 'information_schema'
        and referenced_namespace.nspname not like 'pg\_%'

    order by
        dependent_schema, dependent_name, referenced_schema, referenced_name;
[0m02:17:33.293590 [debug] [MainThread]: Opening a new connection, currently in state init
[0m02:17:33.307970 [debug] [MainThread]: SQL status: SELECT 2 in 0.014 seconds
[0m02:17:33.309958 [debug] [MainThread]: Sending event: {'category': 'dbt', 'action': 'runnable_timing', 'label': '47354a37-1bc5-4e60-9d26-e41949e24333', 'context': [<snowplow_tracker.self_describing_json.SelfDescribingJson object at 0x7f254c135a50>]}
[0m02:17:33.311434 [debug] [MainThread]: On master: ROLLBACK
[0m02:17:33.312496 [debug] [MainThread]: On master: COMMIT
[0m02:17:33.313193 [debug] [MainThread]: Using postgres connection "master"
[0m02:17:33.313883 [debug] [MainThread]: On master: COMMIT
[0m02:17:33.315321 [debug] [MainThread]: SQL status: COMMIT in 0.000 seconds
[0m02:17:33.316995 [debug] [MainThread]: On master: Close
[0m02:17:33.326773 [debug] [Thread-1 (]: Began running node test.cryptopulse.source_accepted_values_raw_market_bars_interval__1_minute__5_minutes__15_minutes__1_hour.c593af3e17
[0m02:17:33.327214 [debug] [Thread-2 (]: Began running node test.cryptopulse.source_accepted_values_raw_reconciliation_results_status__pass__fail.aa61e17b93
[0m02:17:33.327582 [debug] [Thread-3 (]: Began running node test.cryptopulse.source_not_null_raw_market_bars_bar_start.94c088dadc
[0m02:17:33.327910 [debug] [Thread-4 (]: Began running node test.cryptopulse.source_not_null_raw_market_bars_interval.d6fc8f0666
[0m02:17:33.328751 [info ] [Thread-1 (]: 1 of 35 START test source_accepted_values_raw_market_bars_interval__1_minute__5_minutes__15_minutes__1_hour  [RUN]
[0m02:17:33.329669 [info ] [Thread-2 (]: 2 of 35 START test source_accepted_values_raw_reconciliation_results_status__pass__fail  [RUN]
[0m02:17:33.330773 [info ] [Thread-3 (]: 3 of 35 START test source_not_null_raw_market_bars_bar_start ................... [RUN]
[0m02:17:33.332899 [info ] [Thread-4 (]: 4 of 35 START test source_not_null_raw_market_bars_interval .................... [RUN]
[0m02:17:33.334734 [debug] [Thread-1 (]: Re-using an available connection from the pool (formerly list_cryptopulse_analytics_analytics, now test.cryptopulse.source_accepted_values_raw_market_bars_interval__1_minute__5_minutes__15_minutes__1_hour.c593af3e17)
[0m02:17:33.337033 [debug] [Thread-2 (]: Re-using an available connection from the pool (formerly list_cryptopulse_analytics_staging, now test.cryptopulse.source_accepted_values_raw_reconciliation_results_status__pass__fail.aa61e17b93)
[0m02:17:33.337999 [debug] [Thread-3 (]: Re-using an available connection from the pool (formerly list_cryptopulse_analytics_intermediate, now test.cryptopulse.source_not_null_raw_market_bars_bar_start.94c088dadc)
[0m02:17:33.338988 [debug] [Thread-4 (]: Acquiring new postgres connection 'test.cryptopulse.source_not_null_raw_market_bars_interval.d6fc8f0666'
[0m02:17:33.339804 [debug] [Thread-1 (]: Began compiling node test.cryptopulse.source_accepted_values_raw_market_bars_interval__1_minute__5_minutes__15_minutes__1_hour.c593af3e17
[0m02:17:33.340421 [debug] [Thread-2 (]: Began compiling node test.cryptopulse.source_accepted_values_raw_reconciliation_results_status__pass__fail.aa61e17b93
[0m02:17:33.341175 [debug] [Thread-3 (]: Began compiling node test.cryptopulse.source_not_null_raw_market_bars_bar_start.94c088dadc
[0m02:17:33.342200 [debug] [Thread-4 (]: Began compiling node test.cryptopulse.source_not_null_raw_market_bars_interval.d6fc8f0666
[0m02:17:33.360284 [debug] [Thread-1 (]: Writing injected SQL for node "test.cryptopulse.source_accepted_values_raw_market_bars_interval__1_minute__5_minutes__15_minutes__1_hour.c593af3e17"
[0m02:17:33.368707 [debug] [Thread-2 (]: Writing injected SQL for node "test.cryptopulse.source_accepted_values_raw_reconciliation_results_status__pass__fail.aa61e17b93"
[0m02:17:33.383354 [debug] [Thread-3 (]: Writing injected SQL for node "test.cryptopulse.source_not_null_raw_market_bars_bar_start.94c088dadc"
[0m02:17:33.390220 [debug] [Thread-4 (]: Writing injected SQL for node "test.cryptopulse.source_not_null_raw_market_bars_interval.d6fc8f0666"
[0m02:17:33.402762 [debug] [Thread-3 (]: Began executing node test.cryptopulse.source_not_null_raw_market_bars_bar_start.94c088dadc
[0m02:17:33.432247 [debug] [Thread-1 (]: Began executing node test.cryptopulse.source_accepted_values_raw_market_bars_interval__1_minute__5_minutes__15_minutes__1_hour.c593af3e17
[0m02:17:33.433298 [debug] [Thread-3 (]: Writing runtime sql for node "test.cryptopulse.source_not_null_raw_market_bars_bar_start.94c088dadc"
[0m02:17:33.442098 [debug] [Thread-4 (]: Began executing node test.cryptopulse.source_not_null_raw_market_bars_interval.d6fc8f0666
[0m02:17:33.447231 [debug] [Thread-1 (]: Writing runtime sql for node "test.cryptopulse.source_accepted_values_raw_market_bars_interval__1_minute__5_minutes__15_minutes__1_hour.c593af3e17"
[0m02:17:33.465635 [debug] [Thread-2 (]: Began executing node test.cryptopulse.source_accepted_values_raw_reconciliation_results_status__pass__fail.aa61e17b93
[0m02:17:33.468244 [debug] [Thread-4 (]: Writing runtime sql for node "test.cryptopulse.source_not_null_raw_market_bars_interval.d6fc8f0666"
[0m02:17:33.473481 [debug] [Thread-2 (]: Writing runtime sql for node "test.cryptopulse.source_accepted_values_raw_reconciliation_results_status__pass__fail.aa61e17b93"
[0m02:17:33.475702 [debug] [Thread-3 (]: Using postgres connection "test.cryptopulse.source_not_null_raw_market_bars_bar_start.94c088dadc"
[0m02:17:33.476475 [debug] [Thread-1 (]: Using postgres connection "test.cryptopulse.source_accepted_values_raw_market_bars_interval__1_minute__5_minutes__15_minutes__1_hour.c593af3e17"
[0m02:17:33.498409 [debug] [Thread-3 (]: On test.cryptopulse.source_not_null_raw_market_bars_bar_start.94c088dadc: /* {"app": "dbt", "dbt_version": "1.12.4", "profile_name": "cryptopulse", "target_name": "dev", "node_id": "test.cryptopulse.source_not_null_raw_market_bars_bar_start.94c088dadc"} */

    
    select
      count(*) as failures,
      count(*) != 0 as should_warn,
      count(*) != 0 as should_error
    from (
      
    
  
    
    



select bar_start
from "cryptopulse"."raw"."market_bars"
where bar_start is null



  
  
      
    ) dbt_internal_test
[0m02:17:33.500318 [debug] [Thread-4 (]: Using postgres connection "test.cryptopulse.source_not_null_raw_market_bars_interval.d6fc8f0666"
[0m02:17:33.500933 [debug] [Thread-1 (]: On test.cryptopulse.source_accepted_values_raw_market_bars_interval__1_minute__5_minutes__15_minutes__1_hour.c593af3e17: /* {"app": "dbt", "dbt_version": "1.12.4", "profile_name": "cryptopulse", "target_name": "dev", "node_id": "test.cryptopulse.source_accepted_values_raw_market_bars_interval__1_minute__5_minutes__15_minutes__1_hour.c593af3e17"} */

    
    select
      count(*) as failures,
      count(*) != 0 as should_warn,
      count(*) != 0 as should_error
    from (
      
    
  
    
    

with all_values as (

    select
        interval as value_field,
        count(*) as n_records

    from "cryptopulse"."raw"."market_bars"
    group by interval

)

select *
from all_values
where value_field not in (
    '1 minute','5 minutes','15 minutes','1 hour'
)



  
  
      
    ) dbt_internal_test
[0m02:17:33.511287 [debug] [Thread-3 (]: Opening a new connection, currently in state closed
[0m02:17:33.533102 [debug] [Thread-4 (]: On test.cryptopulse.source_not_null_raw_market_bars_interval.d6fc8f0666: /* {"app": "dbt", "dbt_version": "1.12.4", "profile_name": "cryptopulse", "target_name": "dev", "node_id": "test.cryptopulse.source_not_null_raw_market_bars_interval.d6fc8f0666"} */

    
    select
      count(*) as failures,
      count(*) != 0 as should_warn,
      count(*) != 0 as should_error
    from (
      
    
  
    
    



select interval
from "cryptopulse"."raw"."market_bars"
where interval is null



  
  
      
    ) dbt_internal_test
[0m02:17:33.534892 [debug] [Thread-2 (]: Using postgres connection "test.cryptopulse.source_accepted_values_raw_reconciliation_results_status__pass__fail.aa61e17b93"
[0m02:17:33.536507 [debug] [Thread-1 (]: Opening a new connection, currently in state closed
[0m02:17:33.549648 [debug] [Thread-4 (]: Opening a new connection, currently in state init
[0m02:17:33.553924 [debug] [Thread-2 (]: On test.cryptopulse.source_accepted_values_raw_reconciliation_results_status__pass__fail.aa61e17b93: /* {"app": "dbt", "dbt_version": "1.12.4", "profile_name": "cryptopulse", "target_name": "dev", "node_id": "test.cryptopulse.source_accepted_values_raw_reconciliation_results_status__pass__fail.aa61e17b93"} */

    
    select
      count(*) as failures,
      count(*) != 0 as should_warn,
      count(*) != 0 as should_error
    from (
      
    
  
    
    

with all_values as (

    select
        status as value_field,
        count(*) as n_records

    from "cryptopulse"."raw"."reconciliation_results"
    group by status

)

select *
from all_values
where value_field not in (
    'pass','fail'
)



  
  
      
    ) dbt_internal_test
[0m02:17:33.556947 [debug] [Thread-3 (]: SQL status: SELECT 1 in 0.046 seconds
[0m02:17:33.593758 [debug] [Thread-2 (]: Opening a new connection, currently in state closed
[0m02:17:33.598800 [debug] [Thread-1 (]: SQL status: SELECT 1 in 0.062 seconds
[0m02:17:33.605241 [debug] [Thread-3 (]: On test.cryptopulse.source_not_null_raw_market_bars_bar_start.94c088dadc: ROLLBACK
[0m02:17:33.605616 [debug] [Thread-4 (]: SQL status: SELECT 1 in 0.056 seconds
[0m02:17:33.611572 [debug] [Thread-1 (]: On test.cryptopulse.source_accepted_values_raw_market_bars_interval__1_minute__5_minutes__15_minutes__1_hour.c593af3e17: ROLLBACK
[0m02:17:33.613461 [debug] [Thread-3 (]: On test.cryptopulse.source_not_null_raw_market_bars_bar_start.94c088dadc: Close
[0m02:17:33.615973 [debug] [Thread-4 (]: On test.cryptopulse.source_not_null_raw_market_bars_interval.d6fc8f0666: ROLLBACK
[0m02:17:33.617510 [debug] [Thread-1 (]: On test.cryptopulse.source_accepted_values_raw_market_bars_interval__1_minute__5_minutes__15_minutes__1_hour.c593af3e17: Close
[0m02:17:33.618933 [info ] [Thread-3 (]: 3 of 35 PASS source_not_null_raw_market_bars_bar_start ......................... [[32mPASS[0m in 0.28s]
[0m02:17:33.620958 [debug] [Thread-4 (]: On test.cryptopulse.source_not_null_raw_market_bars_interval.d6fc8f0666: Close
[0m02:17:33.621600 [debug] [Thread-2 (]: SQL status: SELECT 1 in 0.028 seconds
[0m02:17:33.622412 [info ] [Thread-1 (]: 1 of 35 PASS source_accepted_values_raw_market_bars_interval__1_minute__5_minutes__15_minutes__1_hour  [[32mPASS[0m in 0.29s]
[0m02:17:33.623383 [debug] [Thread-3 (]: Finished running node test.cryptopulse.source_not_null_raw_market_bars_bar_start.94c088dadc
[0m02:17:33.624323 [info ] [Thread-4 (]: 4 of 35 PASS source_not_null_raw_market_bars_interval .......................... [[32mPASS[0m in 0.29s]
[0m02:17:33.625734 [debug] [Thread-2 (]: On test.cryptopulse.source_accepted_values_raw_reconciliation_results_status__pass__fail.aa61e17b93: ROLLBACK
[0m02:17:33.626877 [debug] [Thread-1 (]: Finished running node test.cryptopulse.source_accepted_values_raw_market_bars_interval__1_minute__5_minutes__15_minutes__1_hour.c593af3e17
[0m02:17:33.627918 [debug] [Thread-3 (]: Began running node test.cryptopulse.source_not_null_raw_market_bars_provider.d07d64066e
[0m02:17:33.629974 [debug] [Thread-4 (]: Finished running node test.cryptopulse.source_not_null_raw_market_bars_interval.d6fc8f0666
[0m02:17:33.633304 [debug] [Thread-2 (]: On test.cryptopulse.source_accepted_values_raw_reconciliation_results_status__pass__fail.aa61e17b93: Close
[0m02:17:33.635018 [debug] [Thread-1 (]: Began running node test.cryptopulse.source_not_null_raw_market_bars_symbol.8105414bc0
[0m02:17:33.635891 [info ] [Thread-3 (]: 5 of 35 START test source_not_null_raw_market_bars_provider .................... [RUN]
[0m02:17:33.636833 [debug] [Thread-4 (]: Began running node test.cryptopulse.source_not_null_raw_reconciliation_results_reconciliation_id.7ba5be6021
[0m02:17:33.637960 [info ] [Thread-2 (]: 2 of 35 PASS source_accepted_values_raw_reconciliation_results_status__pass__fail  [[32mPASS[0m in 0.30s]
[0m02:17:33.638802 [info ] [Thread-1 (]: 6 of 35 START test source_not_null_raw_market_bars_symbol ...................... [RUN]
[0m02:17:33.639661 [debug] [Thread-3 (]: Re-using an available connection from the pool (formerly test.cryptopulse.source_not_null_raw_market_bars_bar_start.94c088dadc, now test.cryptopulse.source_not_null_raw_market_bars_provider.d07d64066e)
[0m02:17:33.640398 [info ] [Thread-4 (]: 7 of 35 START test source_not_null_raw_reconciliation_results_reconciliation_id  [RUN]
[0m02:17:33.641487 [debug] [Thread-2 (]: Finished running node test.cryptopulse.source_accepted_values_raw_reconciliation_results_status__pass__fail.aa61e17b93
[0m02:17:33.642424 [debug] [Thread-1 (]: Re-using an available connection from the pool (formerly test.cryptopulse.source_accepted_values_raw_market_bars_interval__1_minute__5_minutes__15_minutes__1_hour.c593af3e17, now test.cryptopulse.source_not_null_raw_market_bars_symbol.8105414bc0)
[0m02:17:33.643224 [debug] [Thread-3 (]: Began compiling node test.cryptopulse.source_not_null_raw_market_bars_provider.d07d64066e
[0m02:17:33.644562 [debug] [Thread-4 (]: Re-using an available connection from the pool (formerly test.cryptopulse.source_not_null_raw_market_bars_interval.d6fc8f0666, now test.cryptopulse.source_not_null_raw_reconciliation_results_reconciliation_id.7ba5be6021)
[0m02:17:33.645943 [debug] [Thread-2 (]: Began running node test.cryptopulse.source_not_null_raw_reconciliation_results_run_id.29d53b199f
[0m02:17:33.646829 [debug] [Thread-1 (]: Began compiling node test.cryptopulse.source_not_null_raw_market_bars_symbol.8105414bc0
[0m02:17:33.653588 [debug] [Thread-3 (]: Writing injected SQL for node "test.cryptopulse.source_not_null_raw_market_bars_provider.d07d64066e"
[0m02:17:33.654230 [debug] [Thread-4 (]: Began compiling node test.cryptopulse.source_not_null_raw_reconciliation_results_reconciliation_id.7ba5be6021
[0m02:17:33.654974 [info ] [Thread-2 (]: 8 of 35 START test source_not_null_raw_reconciliation_results_run_id ........... [RUN]
[0m02:17:33.662622 [debug] [Thread-1 (]: Writing injected SQL for node "test.cryptopulse.source_not_null_raw_market_bars_symbol.8105414bc0"
[0m02:17:33.673975 [debug] [Thread-4 (]: Writing injected SQL for node "test.cryptopulse.source_not_null_raw_reconciliation_results_reconciliation_id.7ba5be6021"
[0m02:17:33.675954 [debug] [Thread-2 (]: Re-using an available connection from the pool (formerly test.cryptopulse.source_accepted_values_raw_reconciliation_results_status__pass__fail.aa61e17b93, now test.cryptopulse.source_not_null_raw_reconciliation_results_run_id.29d53b199f)
[0m02:17:33.678202 [debug] [Thread-3 (]: Began executing node test.cryptopulse.source_not_null_raw_market_bars_provider.d07d64066e
[0m02:17:33.692673 [debug] [Thread-2 (]: Began compiling node test.cryptopulse.source_not_null_raw_reconciliation_results_run_id.29d53b199f
[0m02:17:33.694987 [debug] [Thread-1 (]: Began executing node test.cryptopulse.source_not_null_raw_market_bars_symbol.8105414bc0
[0m02:17:33.697292 [debug] [Thread-3 (]: Writing runtime sql for node "test.cryptopulse.source_not_null_raw_market_bars_provider.d07d64066e"
[0m02:17:33.719027 [debug] [Thread-4 (]: Began executing node test.cryptopulse.source_not_null_raw_reconciliation_results_reconciliation_id.7ba5be6021
[0m02:17:33.733458 [debug] [Thread-2 (]: Writing injected SQL for node "test.cryptopulse.source_not_null_raw_reconciliation_results_run_id.29d53b199f"
[0m02:17:33.736921 [debug] [Thread-1 (]: Writing runtime sql for node "test.cryptopulse.source_not_null_raw_market_bars_symbol.8105414bc0"
[0m02:17:33.741513 [debug] [Thread-4 (]: Writing runtime sql for node "test.cryptopulse.source_not_null_raw_reconciliation_results_reconciliation_id.7ba5be6021"
[0m02:17:33.748711 [debug] [Thread-3 (]: Using postgres connection "test.cryptopulse.source_not_null_raw_market_bars_provider.d07d64066e"
[0m02:17:33.763942 [debug] [Thread-1 (]: Using postgres connection "test.cryptopulse.source_not_null_raw_market_bars_symbol.8105414bc0"
[0m02:17:33.826074 [debug] [Thread-1 (]: On test.cryptopulse.source_not_null_raw_market_bars_symbol.8105414bc0: /* {"app": "dbt", "dbt_version": "1.12.4", "profile_name": "cryptopulse", "target_name": "dev", "node_id": "test.cryptopulse.source_not_null_raw_market_bars_symbol.8105414bc0"} */

    
    select
      count(*) as failures,
      count(*) != 0 as should_warn,
      count(*) != 0 as should_error
    from (
      
    
  
    
    



select symbol
from "cryptopulse"."raw"."market_bars"
where symbol is null



  
  
      
    ) dbt_internal_test
[0m02:17:33.779954 [debug] [Thread-3 (]: On test.cryptopulse.source_not_null_raw_market_bars_provider.d07d64066e: /* {"app": "dbt", "dbt_version": "1.12.4", "profile_name": "cryptopulse", "target_name": "dev", "node_id": "test.cryptopulse.source_not_null_raw_market_bars_provider.d07d64066e"} */

    
    select
      count(*) as failures,
      count(*) != 0 as should_warn,
      count(*) != 0 as should_error
    from (
      
    
  
    
    



select provider
from "cryptopulse"."raw"."market_bars"
where provider is null



  
  
      
    ) dbt_internal_test
[0m02:17:33.829286 [debug] [Thread-4 (]: Using postgres connection "test.cryptopulse.source_not_null_raw_reconciliation_results_reconciliation_id.7ba5be6021"
[0m02:17:33.830204 [debug] [Thread-1 (]: Opening a new connection, currently in state closed
[0m02:17:33.831933 [debug] [Thread-3 (]: Opening a new connection, currently in state closed
[0m02:17:33.833204 [debug] [Thread-4 (]: On test.cryptopulse.source_not_null_raw_reconciliation_results_reconciliation_id.7ba5be6021: /* {"app": "dbt", "dbt_version": "1.12.4", "profile_name": "cryptopulse", "target_name": "dev", "node_id": "test.cryptopulse.source_not_null_raw_reconciliation_results_reconciliation_id.7ba5be6021"} */

    
    select
      count(*) as failures,
      count(*) != 0 as should_warn,
      count(*) != 0 as should_error
    from (
      
    
  
    
    



select reconciliation_id
from "cryptopulse"."raw"."reconciliation_results"
where reconciliation_id is null



  
  
      
    ) dbt_internal_test
[0m02:17:33.848434 [debug] [Thread-2 (]: Began executing node test.cryptopulse.source_not_null_raw_reconciliation_results_run_id.29d53b199f
[0m02:17:33.852160 [debug] [Thread-4 (]: Opening a new connection, currently in state closed
[0m02:17:33.854159 [debug] [Thread-2 (]: Writing runtime sql for node "test.cryptopulse.source_not_null_raw_reconciliation_results_run_id.29d53b199f"
[0m02:17:33.856004 [debug] [Thread-1 (]: SQL status: SELECT 1 in 0.026 seconds
[0m02:17:33.856606 [debug] [Thread-3 (]: SQL status: SELECT 1 in 0.025 seconds
[0m02:17:33.859854 [debug] [Thread-1 (]: On test.cryptopulse.source_not_null_raw_market_bars_symbol.8105414bc0: ROLLBACK
[0m02:17:33.861335 [debug] [Thread-3 (]: On test.cryptopulse.source_not_null_raw_market_bars_provider.d07d64066e: ROLLBACK
[0m02:17:33.862198 [debug] [Thread-1 (]: On test.cryptopulse.source_not_null_raw_market_bars_symbol.8105414bc0: Close
[0m02:17:33.863006 [debug] [Thread-3 (]: On test.cryptopulse.source_not_null_raw_market_bars_provider.d07d64066e: Close
[0m02:17:33.864099 [info ] [Thread-1 (]: 6 of 35 PASS source_not_null_raw_market_bars_symbol ............................ [[32mPASS[0m in 0.22s]
[0m02:17:33.865991 [debug] [Thread-4 (]: SQL status: SELECT 1 in 0.014 seconds
[0m02:17:33.867288 [info ] [Thread-3 (]: 5 of 35 PASS source_not_null_raw_market_bars_provider .......................... [[32mPASS[0m in 0.23s]
[0m02:17:33.868758 [debug] [Thread-1 (]: Finished running node test.cryptopulse.source_not_null_raw_market_bars_symbol.8105414bc0
[0m02:17:33.882605 [debug] [Thread-4 (]: On test.cryptopulse.source_not_null_raw_reconciliation_results_reconciliation_id.7ba5be6021: ROLLBACK
[0m02:17:33.883177 [debug] [Thread-2 (]: Using postgres connection "test.cryptopulse.source_not_null_raw_reconciliation_results_run_id.29d53b199f"
[0m02:17:33.884221 [debug] [Thread-3 (]: Finished running node test.cryptopulse.source_not_null_raw_market_bars_provider.d07d64066e
[0m02:17:33.885092 [debug] [Thread-1 (]: Began running node test.cryptopulse.source_unique_raw_reconciliation_results_reconciliation_id.a04952d18d
[0m02:17:33.886238 [debug] [Thread-4 (]: On test.cryptopulse.source_not_null_raw_reconciliation_results_reconciliation_id.7ba5be6021: Close
[0m02:17:33.886905 [debug] [Thread-2 (]: On test.cryptopulse.source_not_null_raw_reconciliation_results_run_id.29d53b199f: /* {"app": "dbt", "dbt_version": "1.12.4", "profile_name": "cryptopulse", "target_name": "dev", "node_id": "test.cryptopulse.source_not_null_raw_reconciliation_results_run_id.29d53b199f"} */

    
    select
      count(*) as failures,
      count(*) != 0 as should_warn,
      count(*) != 0 as should_error
    from (
      
    
  
    
    



select run_id
from "cryptopulse"."raw"."reconciliation_results"
where run_id is null



  
  
      
    ) dbt_internal_test
[0m02:17:33.888229 [debug] [Thread-3 (]: Began running node model.cryptopulse.stg_market_bars
[0m02:17:33.888726 [info ] [Thread-1 (]: 9 of 35 START test source_unique_raw_reconciliation_results_reconciliation_id .. [RUN]
[0m02:17:33.890120 [info ] [Thread-4 (]: 7 of 35 PASS source_not_null_raw_reconciliation_results_reconciliation_id ...... [[32mPASS[0m in 0.25s]
[0m02:17:33.892540 [debug] [Thread-2 (]: Opening a new connection, currently in state closed
[0m02:17:33.895734 [info ] [Thread-3 (]: 10 of 35 START sql view model analytics_staging.stg_market_bars ................ [RUN]
[0m02:17:33.897233 [debug] [Thread-1 (]: Re-using an available connection from the pool (formerly test.cryptopulse.source_not_null_raw_market_bars_symbol.8105414bc0, now test.cryptopulse.source_unique_raw_reconciliation_results_reconciliation_id.a04952d18d)
[0m02:17:33.898249 [debug] [Thread-4 (]: Finished running node test.cryptopulse.source_not_null_raw_reconciliation_results_reconciliation_id.7ba5be6021
[0m02:17:33.899927 [debug] [Thread-3 (]: Re-using an available connection from the pool (formerly test.cryptopulse.source_not_null_raw_market_bars_provider.d07d64066e, now model.cryptopulse.stg_market_bars)
[0m02:17:33.900714 [debug] [Thread-1 (]: Began compiling node test.cryptopulse.source_unique_raw_reconciliation_results_reconciliation_id.a04952d18d
[0m02:17:33.901853 [debug] [Thread-3 (]: Began compiling node model.cryptopulse.stg_market_bars
[0m02:17:33.910754 [debug] [Thread-1 (]: Writing injected SQL for node "test.cryptopulse.source_unique_raw_reconciliation_results_reconciliation_id.a04952d18d"
[0m02:17:33.911159 [debug] [Thread-2 (]: SQL status: SELECT 1 in 0.019 seconds
[0m02:17:33.913559 [debug] [Thread-3 (]: Writing injected SQL for node "model.cryptopulse.stg_market_bars"
[0m02:17:33.915939 [debug] [Thread-2 (]: On test.cryptopulse.source_not_null_raw_reconciliation_results_run_id.29d53b199f: ROLLBACK
[0m02:17:33.917493 [debug] [Thread-2 (]: On test.cryptopulse.source_not_null_raw_reconciliation_results_run_id.29d53b199f: Close
[0m02:17:33.919464 [info ] [Thread-2 (]: 8 of 35 PASS source_not_null_raw_reconciliation_results_run_id ................. [[32mPASS[0m in 0.24s]
[0m02:17:33.922812 [debug] [Thread-2 (]: Finished running node test.cryptopulse.source_not_null_raw_reconciliation_results_run_id.29d53b199f
[0m02:17:33.923135 [debug] [Thread-1 (]: Began executing node test.cryptopulse.source_unique_raw_reconciliation_results_reconciliation_id.a04952d18d
[0m02:17:33.944042 [debug] [Thread-3 (]: Began executing node model.cryptopulse.stg_market_bars
[0m02:17:33.947023 [debug] [Thread-1 (]: Writing runtime sql for node "test.cryptopulse.source_unique_raw_reconciliation_results_reconciliation_id.a04952d18d"
[0m02:17:33.988846 [debug] [Thread-3 (]: Writing runtime sql for node "model.cryptopulse.stg_market_bars"
[0m02:17:34.006908 [debug] [Thread-1 (]: Using postgres connection "test.cryptopulse.source_unique_raw_reconciliation_results_reconciliation_id.a04952d18d"
[0m02:17:34.022331 [debug] [Thread-1 (]: On test.cryptopulse.source_unique_raw_reconciliation_results_reconciliation_id.a04952d18d: /* {"app": "dbt", "dbt_version": "1.12.4", "profile_name": "cryptopulse", "target_name": "dev", "node_id": "test.cryptopulse.source_unique_raw_reconciliation_results_reconciliation_id.a04952d18d"} */

    
    select
      count(*) as failures,
      count(*) != 0 as should_warn,
      count(*) != 0 as should_error
    from (
      
    
  
    
    

select
    reconciliation_id as unique_field,
    count(*) as n_records

from "cryptopulse"."raw"."reconciliation_results"
where reconciliation_id is not null
group by reconciliation_id
having count(*) > 1



  
  
      
    ) dbt_internal_test
[0m02:17:34.024540 [debug] [Thread-1 (]: Opening a new connection, currently in state closed
[0m02:17:34.024057 [debug] [Thread-3 (]: Using postgres connection "model.cryptopulse.stg_market_bars"
[0m02:17:34.035830 [debug] [Thread-3 (]: On model.cryptopulse.stg_market_bars: /* {"app": "dbt", "dbt_version": "1.12.4", "profile_name": "cryptopulse", "target_name": "dev", "node_id": "model.cryptopulse.stg_market_bars"} */

  create view "cryptopulse"."analytics_staging"."stg_market_bars__dbt_tmp"
    
    
  as (
    with source as (
    select * from "cryptopulse"."raw"."market_bars"
)

select
    md5(concat_ws('||', coalesce(cast(provider as text), '_null_'), coalesce(cast(symbol as text), '_null_'), coalesce(cast(interval as text), '_null_'), coalesce(cast(bar_start as text), '_null_'))) as market_bar_key,
    provider,
    symbol,
    currency,
    interval,
    bar_start,
    bar_end,
    open::numeric(20, 8) as open,
    high::numeric(20, 8) as high,
    low::numeric(20, 8) as low,
    close::numeric(20, 8) as close,
    volume::numeric(28, 8) as volume,
    trade_count::bigint as trade_count,
    vwap::numeric(20, 8) as vwap,
    loaded_at
from source
  );
[0m02:17:34.041361 [debug] [Thread-1 (]: SQL status: SELECT 1 in 0.017 seconds
[0m02:17:34.044888 [debug] [Thread-3 (]: Opening a new connection, currently in state closed
[0m02:17:34.047741 [debug] [Thread-1 (]: On test.cryptopulse.source_unique_raw_reconciliation_results_reconciliation_id.a04952d18d: ROLLBACK
[0m02:17:34.050531 [debug] [Thread-1 (]: On test.cryptopulse.source_unique_raw_reconciliation_results_reconciliation_id.a04952d18d: Close
[0m02:17:34.052485 [info ] [Thread-1 (]: 9 of 35 PASS source_unique_raw_reconciliation_results_reconciliation_id ........ [[32mPASS[0m in 0.16s]
[0m02:17:34.053975 [debug] [Thread-1 (]: Finished running node test.cryptopulse.source_unique_raw_reconciliation_results_reconciliation_id.a04952d18d
[0m02:17:34.056187 [debug] [Thread-4 (]: Began running node model.cryptopulse.mart_data_quality
[0m02:17:34.059706 [info ] [Thread-4 (]: 11 of 35 START sql table model analytics_analytics.mart_data_quality ........... [RUN]
[0m02:17:34.061114 [debug] [Thread-4 (]: Re-using an available connection from the pool (formerly test.cryptopulse.source_not_null_raw_reconciliation_results_reconciliation_id.7ba5be6021, now model.cryptopulse.mart_data_quality)
[0m02:17:34.062128 [debug] [Thread-4 (]: Began compiling node model.cryptopulse.mart_data_quality
[0m02:17:34.064504 [debug] [Thread-4 (]: Writing injected SQL for node "model.cryptopulse.mart_data_quality"
[0m02:17:34.069527 [debug] [Thread-3 (]: SQL status: CREATE VIEW in 0.025 seconds
[0m02:17:34.086798 [debug] [Thread-4 (]: Began executing node model.cryptopulse.mart_data_quality
[0m02:17:34.087378 [debug] [Thread-3 (]: Using postgres connection "model.cryptopulse.stg_market_bars"
[0m02:17:34.110233 [debug] [Thread-3 (]: On model.cryptopulse.stg_market_bars: /* {"app": "dbt", "dbt_version": "1.12.4", "profile_name": "cryptopulse", "target_name": "dev", "node_id": "model.cryptopulse.stg_market_bars"} */
alter table "cryptopulse"."analytics_staging"."stg_market_bars" rename to "stg_market_bars__dbt_backup"
[0m02:17:34.112677 [debug] [Thread-4 (]: Writing runtime sql for node "model.cryptopulse.mart_data_quality"
[0m02:17:34.115304 [debug] [Thread-3 (]: SQL status: ALTER TABLE in 0.001 seconds
[0m02:17:34.118070 [debug] [Thread-3 (]: Using postgres connection "model.cryptopulse.stg_market_bars"
[0m02:17:34.119409 [debug] [Thread-3 (]: On model.cryptopulse.stg_market_bars: /* {"app": "dbt", "dbt_version": "1.12.4", "profile_name": "cryptopulse", "target_name": "dev", "node_id": "model.cryptopulse.stg_market_bars"} */
alter table "cryptopulse"."analytics_staging"."stg_market_bars__dbt_tmp" rename to "stg_market_bars"
[0m02:17:34.121591 [debug] [Thread-3 (]: SQL status: ALTER TABLE in 0.001 seconds
[0m02:17:34.141152 [debug] [Thread-3 (]: On model.cryptopulse.stg_market_bars: COMMIT
[0m02:17:34.142761 [debug] [Thread-3 (]: Using postgres connection "model.cryptopulse.stg_market_bars"
[0m02:17:34.153935 [debug] [Thread-3 (]: On model.cryptopulse.stg_market_bars: COMMIT
[0m02:17:34.154545 [debug] [Thread-4 (]: Using postgres connection "model.cryptopulse.mart_data_quality"
[0m02:17:34.155864 [debug] [Thread-4 (]: On model.cryptopulse.mart_data_quality: /* {"app": "dbt", "dbt_version": "1.12.4", "profile_name": "cryptopulse", "target_name": "dev", "node_id": "model.cryptopulse.mart_data_quality"} */

  
    

  create  table "cryptopulse"."analytics_analytics"."mart_data_quality__dbt_tmp"
  
  
    as
  
  (
    select
    reconciliation_id,
    run_id,
    checked_at,
    reconciliation_name,
    left_count,
    right_count,
    difference,
    threshold,
    status,
    case when status = 'pass' then 1 else 0 end as passed_flag
from "cryptopulse"."raw"."reconciliation_results"
  );
  
[0m02:17:34.157039 [debug] [Thread-4 (]: Opening a new connection, currently in state closed
[0m02:17:34.163115 [debug] [Thread-3 (]: SQL status: COMMIT in 0.008 seconds
[0m02:17:34.170868 [debug] [Thread-3 (]: Applying DROP to: "cryptopulse"."analytics_staging"."stg_market_bars__dbt_backup"
[0m02:17:34.178406 [debug] [Thread-3 (]: Using postgres connection "model.cryptopulse.stg_market_bars"
[0m02:17:34.179637 [debug] [Thread-3 (]: On model.cryptopulse.stg_market_bars: /* {"app": "dbt", "dbt_version": "1.12.4", "profile_name": "cryptopulse", "target_name": "dev", "node_id": "model.cryptopulse.stg_market_bars"} */
drop view if exists "cryptopulse"."analytics_staging"."stg_market_bars__dbt_backup" cascade
[0m02:17:34.183722 [debug] [Thread-4 (]: SQL status: SELECT 2 in 0.027 seconds
[0m02:17:34.189863 [debug] [Thread-4 (]: Using postgres connection "model.cryptopulse.mart_data_quality"
[0m02:17:34.190804 [debug] [Thread-4 (]: On model.cryptopulse.mart_data_quality: /* {"app": "dbt", "dbt_version": "1.12.4", "profile_name": "cryptopulse", "target_name": "dev", "node_id": "model.cryptopulse.mart_data_quality"} */
alter table "cryptopulse"."analytics_analytics"."mart_data_quality" rename to "mart_data_quality__dbt_backup"
[0m02:17:34.191945 [debug] [Thread-4 (]: SQL status: ALTER TABLE in 0.001 seconds
[0m02:17:34.194150 [debug] [Thread-4 (]: Using postgres connection "model.cryptopulse.mart_data_quality"
[0m02:17:34.194443 [debug] [Thread-3 (]: SQL status: DROP VIEW in 0.013 seconds
[0m02:17:34.195051 [debug] [Thread-4 (]: On model.cryptopulse.mart_data_quality: /* {"app": "dbt", "dbt_version": "1.12.4", "profile_name": "cryptopulse", "target_name": "dev", "node_id": "model.cryptopulse.mart_data_quality"} */
alter table "cryptopulse"."analytics_analytics"."mart_data_quality__dbt_tmp" rename to "mart_data_quality"
[0m02:17:34.196560 [debug] [Thread-3 (]: On model.cryptopulse.stg_market_bars: Close
[0m02:17:34.197909 [debug] [Thread-4 (]: SQL status: ALTER TABLE in 0.001 seconds
[0m02:17:34.199991 [debug] [Thread-3 (]: Sending event: {'category': 'dbt', 'action': 'run_model', 'label': '47354a37-1bc5-4e60-9d26-e41949e24333', 'context': [<snowplow_tracker.self_describing_json.SelfDescribingJson object at 0x7f25469de4d0>]}
[0m02:17:34.201282 [debug] [Thread-4 (]: On model.cryptopulse.mart_data_quality: COMMIT
[0m02:17:34.202518 [info ] [Thread-3 (]: 10 of 35 OK created sql view model analytics_staging.stg_market_bars ........... [[32mCREATE VIEW[0m in 0.30s]
[0m02:17:34.206448 [debug] [Thread-4 (]: Using postgres connection "model.cryptopulse.mart_data_quality"
[0m02:17:34.207530 [debug] [Thread-3 (]: Finished running node model.cryptopulse.stg_market_bars
[0m02:17:34.208359 [debug] [Thread-4 (]: On model.cryptopulse.mart_data_quality: COMMIT
[0m02:17:34.209679 [debug] [Thread-1 (]: Began running node model.cryptopulse.dim_asset
[0m02:17:34.210022 [debug] [Thread-2 (]: Began running node model.cryptopulse.dim_date
[0m02:17:34.210321 [debug] [Thread-3 (]: Began running node model.cryptopulse.dim_provider
[0m02:17:34.211713 [info ] [Thread-1 (]: 12 of 35 START sql table model analytics_analytics.dim_asset ................... [RUN]
[0m02:17:34.212633 [info ] [Thread-2 (]: 13 of 35 START sql table model analytics_analytics.dim_date .................... [RUN]
[0m02:17:34.213989 [debug] [Thread-4 (]: SQL status: COMMIT in 0.003 seconds
[0m02:17:34.213639 [info ] [Thread-3 (]: 14 of 35 START sql table model analytics_analytics.dim_provider ................ [RUN]
[0m02:17:34.214837 [debug] [Thread-1 (]: Re-using an available connection from the pool (formerly test.cryptopulse.source_unique_raw_reconciliation_results_reconciliation_id.a04952d18d, now model.cryptopulse.dim_asset)
[0m02:17:34.215663 [debug] [Thread-2 (]: Re-using an available connection from the pool (formerly test.cryptopulse.source_not_null_raw_reconciliation_results_run_id.29d53b199f, now model.cryptopulse.dim_date)
[0m02:17:34.217422 [debug] [Thread-4 (]: Applying DROP to: "cryptopulse"."analytics_analytics"."mart_data_quality__dbt_backup"
[0m02:17:34.218355 [debug] [Thread-3 (]: Re-using an available connection from the pool (formerly model.cryptopulse.stg_market_bars, now model.cryptopulse.dim_provider)
[0m02:17:34.221505 [debug] [Thread-1 (]: Began compiling node model.cryptopulse.dim_asset
[0m02:17:34.222349 [debug] [Thread-2 (]: Began compiling node model.cryptopulse.dim_date
[0m02:17:34.227242 [debug] [Thread-4 (]: Using postgres connection "model.cryptopulse.mart_data_quality"
[0m02:17:34.228098 [debug] [Thread-3 (]: Began compiling node model.cryptopulse.dim_provider
[0m02:17:34.230761 [debug] [Thread-1 (]: Writing injected SQL for node "model.cryptopulse.dim_asset"
[0m02:17:34.232648 [debug] [Thread-2 (]: Writing injected SQL for node "model.cryptopulse.dim_date"
[0m02:17:34.233368 [debug] [Thread-4 (]: On model.cryptopulse.mart_data_quality: /* {"app": "dbt", "dbt_version": "1.12.4", "profile_name": "cryptopulse", "target_name": "dev", "node_id": "model.cryptopulse.mart_data_quality"} */
drop table if exists "cryptopulse"."analytics_analytics"."mart_data_quality__dbt_backup" cascade
[0m02:17:34.236412 [debug] [Thread-3 (]: Writing injected SQL for node "model.cryptopulse.dim_provider"
[0m02:17:34.243899 [debug] [Thread-2 (]: Began executing node model.cryptopulse.dim_date
[0m02:17:34.248452 [debug] [Thread-4 (]: SQL status: DROP TABLE in 0.008 seconds
[0m02:17:34.260286 [debug] [Thread-1 (]: Began executing node model.cryptopulse.dim_asset
[0m02:17:34.267507 [debug] [Thread-2 (]: Writing runtime sql for node "model.cryptopulse.dim_date"
[0m02:17:34.268140 [debug] [Thread-3 (]: Began executing node model.cryptopulse.dim_provider
[0m02:17:34.270558 [debug] [Thread-4 (]: On model.cryptopulse.mart_data_quality: Close
[0m02:17:34.274531 [debug] [Thread-1 (]: Writing runtime sql for node "model.cryptopulse.dim_asset"
[0m02:17:34.278873 [debug] [Thread-3 (]: Writing runtime sql for node "model.cryptopulse.dim_provider"
[0m02:17:34.280006 [debug] [Thread-4 (]: Sending event: {'category': 'dbt', 'action': 'run_model', 'label': '47354a37-1bc5-4e60-9d26-e41949e24333', 'context': [<snowplow_tracker.self_describing_json.SelfDescribingJson object at 0x7f2521528c50>]}
[0m02:17:34.281785 [info ] [Thread-4 (]: 11 of 35 OK created sql table model analytics_analytics.mart_data_quality ...... [[32mSELECT 2[0m in 0.22s]
[0m02:17:34.283420 [debug] [Thread-4 (]: Finished running node model.cryptopulse.mart_data_quality
[0m02:17:34.285032 [debug] [Thread-4 (]: Began running node model.cryptopulse.int_market_returns
[0m02:17:34.286673 [debug] [Thread-2 (]: Using postgres connection "model.cryptopulse.dim_date"
[0m02:17:34.298737 [info ] [Thread-4 (]: 15 of 35 START sql view model analytics_intermediate.int_market_returns ........ [RUN]
[0m02:17:34.299719 [debug] [Thread-3 (]: Using postgres connection "model.cryptopulse.dim_provider"
[0m02:17:34.308192 [debug] [Thread-2 (]: On model.cryptopulse.dim_date: /* {"app": "dbt", "dbt_version": "1.12.4", "profile_name": "cryptopulse", "target_name": "dev", "node_id": "model.cryptopulse.dim_date"} */

  
    

  create  table "cryptopulse"."analytics_analytics"."dim_date__dbt_tmp"
  
  
    as
  
  (
    select distinct
    bar_start::date as date_key,
    extract(isodow from bar_start)::integer as iso_day_of_week,
    extract(hour from bar_start)::integer as hour_of_day,
    extract(month from bar_start)::integer as month_number,
    extract(year from bar_start)::integer as year_number
from "cryptopulse"."analytics_staging"."stg_market_bars"
  );
  
[0m02:17:34.309725 [debug] [Thread-4 (]: Re-using an available connection from the pool (formerly model.cryptopulse.mart_data_quality, now model.cryptopulse.int_market_returns)
[0m02:17:34.311000 [debug] [Thread-1 (]: Using postgres connection "model.cryptopulse.dim_asset"
[0m02:17:34.311538 [debug] [Thread-3 (]: On model.cryptopulse.dim_provider: /* {"app": "dbt", "dbt_version": "1.12.4", "profile_name": "cryptopulse", "target_name": "dev", "node_id": "model.cryptopulse.dim_provider"} */

  
    

  create  table "cryptopulse"."analytics_analytics"."dim_provider__dbt_tmp"
  
  
    as
  
  (
    select distinct
    md5(concat_ws('||', coalesce(cast(provider as text), '_null_'))) as provider_key,
    provider
from "cryptopulse"."analytics_staging"."stg_market_bars"
  );
  
[0m02:17:34.320386 [debug] [Thread-2 (]: Opening a new connection, currently in state closed
[0m02:17:34.321671 [debug] [Thread-4 (]: Began compiling node model.cryptopulse.int_market_returns
[0m02:17:34.322876 [debug] [Thread-1 (]: On model.cryptopulse.dim_asset: /* {"app": "dbt", "dbt_version": "1.12.4", "profile_name": "cryptopulse", "target_name": "dev", "node_id": "model.cryptopulse.dim_asset"} */

  
    

  create  table "cryptopulse"."analytics_analytics"."dim_asset__dbt_tmp"
  
  
    as
  
  (
    select distinct
    md5(concat_ws('||', coalesce(cast(symbol as text), '_null_'), coalesce(cast(currency as text), '_null_'))) as asset_key,
    symbol,
    currency,
    split_part(symbol, '-', 1) as asset_code
from "cryptopulse"."analytics_staging"."stg_market_bars"
  );
  
[0m02:17:34.324382 [debug] [Thread-3 (]: Opening a new connection, currently in state closed
[0m02:17:34.327638 [debug] [Thread-4 (]: Writing injected SQL for node "model.cryptopulse.int_market_returns"
[0m02:17:34.329110 [debug] [Thread-1 (]: Opening a new connection, currently in state closed
[0m02:17:34.340753 [debug] [Thread-2 (]: SQL status: SELECT 170 in 0.020 seconds
[0m02:17:34.343716 [debug] [Thread-2 (]: Using postgres connection "model.cryptopulse.dim_date"
[0m02:17:34.344826 [debug] [Thread-2 (]: On model.cryptopulse.dim_date: /* {"app": "dbt", "dbt_version": "1.12.4", "profile_name": "cryptopulse", "target_name": "dev", "node_id": "model.cryptopulse.dim_date"} */
alter table "cryptopulse"."analytics_analytics"."dim_date" rename to "dim_date__dbt_backup"
[0m02:17:34.346398 [debug] [Thread-2 (]: SQL status: ALTER TABLE in 0.001 seconds
[0m02:17:34.346901 [debug] [Thread-3 (]: SQL status: SELECT 2 in 0.023 seconds
[0m02:17:34.352135 [debug] [Thread-1 (]: SQL status: SELECT 1 in 0.023 seconds
[0m02:17:34.357988 [debug] [Thread-4 (]: Began executing node model.cryptopulse.int_market_returns
[0m02:17:34.360218 [debug] [Thread-2 (]: Using postgres connection "model.cryptopulse.dim_date"
[0m02:17:34.363112 [debug] [Thread-3 (]: Using postgres connection "model.cryptopulse.dim_provider"
[0m02:17:34.365687 [debug] [Thread-1 (]: Using postgres connection "model.cryptopulse.dim_asset"
[0m02:17:34.368367 [debug] [Thread-4 (]: Writing runtime sql for node "model.cryptopulse.int_market_returns"
[0m02:17:34.369280 [debug] [Thread-2 (]: On model.cryptopulse.dim_date: /* {"app": "dbt", "dbt_version": "1.12.4", "profile_name": "cryptopulse", "target_name": "dev", "node_id": "model.cryptopulse.dim_date"} */
alter table "cryptopulse"."analytics_analytics"."dim_date__dbt_tmp" rename to "dim_date"
[0m02:17:34.370034 [debug] [Thread-3 (]: On model.cryptopulse.dim_provider: /* {"app": "dbt", "dbt_version": "1.12.4", "profile_name": "cryptopulse", "target_name": "dev", "node_id": "model.cryptopulse.dim_provider"} */
alter table "cryptopulse"."analytics_analytics"."dim_provider" rename to "dim_provider__dbt_backup"
[0m02:17:34.370768 [debug] [Thread-1 (]: On model.cryptopulse.dim_asset: /* {"app": "dbt", "dbt_version": "1.12.4", "profile_name": "cryptopulse", "target_name": "dev", "node_id": "model.cryptopulse.dim_asset"} */
alter table "cryptopulse"."analytics_analytics"."dim_asset" rename to "dim_asset__dbt_backup"
[0m02:17:34.373537 [debug] [Thread-3 (]: SQL status: ALTER TABLE in 0.001 seconds
[0m02:17:34.373921 [debug] [Thread-2 (]: SQL status: ALTER TABLE in 0.002 seconds
[0m02:17:34.376284 [debug] [Thread-3 (]: Using postgres connection "model.cryptopulse.dim_provider"
[0m02:17:34.376580 [debug] [Thread-1 (]: SQL status: ALTER TABLE in 0.002 seconds
[0m02:17:34.378106 [debug] [Thread-2 (]: On model.cryptopulse.dim_date: COMMIT
[0m02:17:34.386998 [debug] [Thread-4 (]: Using postgres connection "model.cryptopulse.int_market_returns"
[0m02:17:34.387505 [debug] [Thread-3 (]: On model.cryptopulse.dim_provider: /* {"app": "dbt", "dbt_version": "1.12.4", "profile_name": "cryptopulse", "target_name": "dev", "node_id": "model.cryptopulse.dim_provider"} */
alter table "cryptopulse"."analytics_analytics"."dim_provider__dbt_tmp" rename to "dim_provider"
[0m02:17:34.390391 [debug] [Thread-1 (]: Using postgres connection "model.cryptopulse.dim_asset"
[0m02:17:34.391378 [debug] [Thread-2 (]: Using postgres connection "model.cryptopulse.dim_date"
[0m02:17:34.392199 [debug] [Thread-4 (]: On model.cryptopulse.int_market_returns: /* {"app": "dbt", "dbt_version": "1.12.4", "profile_name": "cryptopulse", "target_name": "dev", "node_id": "model.cryptopulse.int_market_returns"} */

  create view "cryptopulse"."analytics_intermediate"."int_market_returns__dbt_tmp"
    
    
  as (
    with bars as (
    select * from "cryptopulse"."analytics_staging"."stg_market_bars"
), enriched as (
    select
        *,
        lag(close) over (
            partition by provider, symbol, interval
            order by bar_start
        ) as prior_close
    from bars
)

select
    *,
    case when prior_close > 0 then (close / prior_close) - 1 end as simple_return,
    case when prior_close > 0 then ln(close / prior_close) end as log_return
from enriched
  );
[0m02:17:34.393449 [debug] [Thread-1 (]: On model.cryptopulse.dim_asset: /* {"app": "dbt", "dbt_version": "1.12.4", "profile_name": "cryptopulse", "target_name": "dev", "node_id": "model.cryptopulse.dim_asset"} */
alter table "cryptopulse"."analytics_analytics"."dim_asset__dbt_tmp" rename to "dim_asset"
[0m02:17:34.393929 [debug] [Thread-3 (]: SQL status: ALTER TABLE in 0.001 seconds
[0m02:17:34.394483 [debug] [Thread-2 (]: On model.cryptopulse.dim_date: COMMIT
[0m02:17:34.395245 [debug] [Thread-4 (]: Opening a new connection, currently in state closed
[0m02:17:34.396709 [debug] [Thread-1 (]: SQL status: ALTER TABLE in 0.001 seconds
[0m02:17:34.397920 [debug] [Thread-3 (]: On model.cryptopulse.dim_provider: COMMIT
[0m02:17:34.402615 [debug] [Thread-1 (]: On model.cryptopulse.dim_asset: COMMIT
[0m02:17:34.403295 [debug] [Thread-2 (]: SQL status: COMMIT in 0.004 seconds
[0m02:17:34.404755 [debug] [Thread-3 (]: Using postgres connection "model.cryptopulse.dim_provider"
[0m02:17:34.406186 [debug] [Thread-1 (]: Using postgres connection "model.cryptopulse.dim_asset"
[0m02:17:34.410950 [debug] [Thread-2 (]: Applying DROP to: "cryptopulse"."analytics_analytics"."dim_date__dbt_backup"
[0m02:17:34.413065 [debug] [Thread-3 (]: On model.cryptopulse.dim_provider: COMMIT
[0m02:17:34.413753 [debug] [Thread-1 (]: On model.cryptopulse.dim_asset: COMMIT
[0m02:17:34.414055 [debug] [Thread-4 (]: SQL status: CREATE VIEW in 0.019 seconds
[0m02:17:34.414991 [debug] [Thread-2 (]: Using postgres connection "model.cryptopulse.dim_date"
[0m02:17:34.419582 [debug] [Thread-4 (]: Using postgres connection "model.cryptopulse.int_market_returns"
[0m02:17:34.419939 [debug] [Thread-3 (]: SQL status: COMMIT in 0.004 seconds
[0m02:17:34.420423 [debug] [Thread-2 (]: On model.cryptopulse.dim_date: /* {"app": "dbt", "dbt_version": "1.12.4", "profile_name": "cryptopulse", "target_name": "dev", "node_id": "model.cryptopulse.dim_date"} */
drop table if exists "cryptopulse"."analytics_analytics"."dim_date__dbt_backup" cascade
[0m02:17:34.421207 [debug] [Thread-4 (]: On model.cryptopulse.int_market_returns: /* {"app": "dbt", "dbt_version": "1.12.4", "profile_name": "cryptopulse", "target_name": "dev", "node_id": "model.cryptopulse.int_market_returns"} */
alter table "cryptopulse"."analytics_intermediate"."int_market_returns__dbt_tmp" rename to "int_market_returns"
[0m02:17:34.421492 [debug] [Thread-1 (]: SQL status: COMMIT in 0.004 seconds
[0m02:17:34.423685 [debug] [Thread-3 (]: Applying DROP to: "cryptopulse"."analytics_analytics"."dim_provider__dbt_backup"
[0m02:17:34.425874 [debug] [Thread-4 (]: SQL status: ALTER TABLE in 0.000 seconds
[0m02:17:34.427131 [debug] [Thread-1 (]: Applying DROP to: "cryptopulse"."analytics_analytics"."dim_asset__dbt_backup"
[0m02:17:34.428224 [debug] [Thread-3 (]: Using postgres connection "model.cryptopulse.dim_provider"
[0m02:17:34.428619 [debug] [Thread-2 (]: SQL status: DROP TABLE in 0.004 seconds
[0m02:17:34.430001 [debug] [Thread-4 (]: On model.cryptopulse.int_market_returns: COMMIT
[0m02:17:34.430901 [debug] [Thread-1 (]: Using postgres connection "model.cryptopulse.dim_asset"
[0m02:17:34.431631 [debug] [Thread-3 (]: On model.cryptopulse.dim_provider: /* {"app": "dbt", "dbt_version": "1.12.4", "profile_name": "cryptopulse", "target_name": "dev", "node_id": "model.cryptopulse.dim_provider"} */
drop table if exists "cryptopulse"."analytics_analytics"."dim_provider__dbt_backup" cascade
[0m02:17:34.433182 [debug] [Thread-2 (]: On model.cryptopulse.dim_date: Close
[0m02:17:34.435133 [debug] [Thread-4 (]: Using postgres connection "model.cryptopulse.int_market_returns"
[0m02:17:34.437990 [debug] [Thread-4 (]: On model.cryptopulse.int_market_returns: COMMIT
[0m02:17:34.437323 [debug] [Thread-2 (]: Sending event: {'category': 'dbt', 'action': 'run_model', 'label': '47354a37-1bc5-4e60-9d26-e41949e24333', 'context': [<snowplow_tracker.self_describing_json.SelfDescribingJson object at 0x7f2521519250>]}
[0m02:17:34.435869 [debug] [Thread-1 (]: On model.cryptopulse.dim_asset: /* {"app": "dbt", "dbt_version": "1.12.4", "profile_name": "cryptopulse", "target_name": "dev", "node_id": "model.cryptopulse.dim_asset"} */
drop table if exists "cryptopulse"."analytics_analytics"."dim_asset__dbt_backup" cascade
[0m02:17:34.440261 [info ] [Thread-2 (]: 13 of 35 OK created sql table model analytics_analytics.dim_date ............... [[32mSELECT 170[0m in 0.22s]
[0m02:17:34.441902 [debug] [Thread-2 (]: Finished running node model.cryptopulse.dim_date
[0m02:17:34.442665 [debug] [Thread-3 (]: SQL status: DROP TABLE in 0.006 seconds
[0m02:17:34.443152 [debug] [Thread-2 (]: Began running node test.cryptopulse.accepted_values_mart_data_quality_status__pass__fail.e77c75ddcc
[0m02:17:34.444814 [debug] [Thread-3 (]: On model.cryptopulse.dim_provider: Close
[0m02:17:34.445145 [debug] [Thread-4 (]: SQL status: COMMIT in 0.006 seconds
[0m02:17:34.445675 [info ] [Thread-2 (]: 16 of 35 START test accepted_values_mart_data_quality_status__pass__fail ....... [RUN]
[0m02:17:34.447411 [debug] [Thread-3 (]: Sending event: {'category': 'dbt', 'action': 'run_model', 'label': '47354a37-1bc5-4e60-9d26-e41949e24333', 'context': [<snowplow_tracker.self_describing_json.SelfDescribingJson object at 0x7f2521544410>]}
[0m02:17:34.448054 [debug] [Thread-1 (]: SQL status: DROP TABLE in 0.007 seconds
[0m02:17:34.449878 [debug] [Thread-4 (]: Applying DROP to: "cryptopulse"."analytics_intermediate"."int_market_returns__dbt_backup"
[0m02:17:34.450976 [debug] [Thread-2 (]: Re-using an available connection from the pool (formerly model.cryptopulse.dim_date, now test.cryptopulse.accepted_values_mart_data_quality_status__pass__fail.e77c75ddcc)
[0m02:17:34.451954 [info ] [Thread-3 (]: 14 of 35 OK created sql table model analytics_analytics.dim_provider ........... [[32mSELECT 2[0m in 0.23s]
[0m02:17:34.453538 [debug] [Thread-1 (]: On model.cryptopulse.dim_asset: Close
[0m02:17:34.454492 [debug] [Thread-4 (]: Using postgres connection "model.cryptopulse.int_market_returns"
[0m02:17:34.455188 [debug] [Thread-2 (]: Began compiling node test.cryptopulse.accepted_values_mart_data_quality_status__pass__fail.e77c75ddcc
[0m02:17:34.455948 [debug] [Thread-3 (]: Finished running node model.cryptopulse.dim_provider
[0m02:17:34.456995 [debug] [Thread-1 (]: Sending event: {'category': 'dbt', 'action': 'run_model', 'label': '47354a37-1bc5-4e60-9d26-e41949e24333', 'context': [<snowplow_tracker.self_describing_json.SelfDescribingJson object at 0x7f252165cdd0>]}
[0m02:17:34.457650 [debug] [Thread-4 (]: On model.cryptopulse.int_market_returns: /* {"app": "dbt", "dbt_version": "1.12.4", "profile_name": "cryptopulse", "target_name": "dev", "node_id": "model.cryptopulse.int_market_returns"} */
drop view if exists "cryptopulse"."analytics_intermediate"."int_market_returns__dbt_backup" cascade
[0m02:17:34.464139 [debug] [Thread-2 (]: Writing injected SQL for node "test.cryptopulse.accepted_values_mart_data_quality_status__pass__fail.e77c75ddcc"
[0m02:17:34.464767 [debug] [Thread-3 (]: Began running node test.cryptopulse.not_null_mart_data_quality_reconciliation_id.3bc74ed6c4
[0m02:17:34.472802 [info ] [Thread-1 (]: 12 of 35 OK created sql table model analytics_analytics.dim_asset .............. [[32mSELECT 1[0m in 0.24s]
[0m02:17:34.485122 [debug] [Thread-4 (]: SQL status: DROP VIEW in 0.002 seconds
[0m02:17:34.487220 [info ] [Thread-3 (]: 17 of 35 START test not_null_mart_data_quality_reconciliation_id ............... [RUN]
[0m02:17:34.488822 [debug] [Thread-1 (]: Finished running node model.cryptopulse.dim_asset
[0m02:17:34.490799 [debug] [Thread-4 (]: On model.cryptopulse.int_market_returns: Close
[0m02:17:34.491723 [debug] [Thread-3 (]: Re-using an available connection from the pool (formerly model.cryptopulse.dim_provider, now test.cryptopulse.not_null_mart_data_quality_reconciliation_id.3bc74ed6c4)
[0m02:17:34.494613 [debug] [Thread-3 (]: Began compiling node test.cryptopulse.not_null_mart_data_quality_reconciliation_id.3bc74ed6c4
[0m02:17:34.493946 [debug] [Thread-4 (]: Sending event: {'category': 'dbt', 'action': 'run_model', 'label': '47354a37-1bc5-4e60-9d26-e41949e24333', 'context': [<snowplow_tracker.self_describing_json.SelfDescribingJson object at 0x7f2521657410>]}
[0m02:17:34.492556 [debug] [Thread-1 (]: Began running node test.cryptopulse.unique_mart_data_quality_reconciliation_id.a754713449
[0m02:17:34.522611 [info ] [Thread-1 (]: 18 of 35 START test unique_mart_data_quality_reconciliation_id ................. [RUN]
[0m02:17:34.523735 [debug] [Thread-1 (]: Re-using an available connection from the pool (formerly model.cryptopulse.dim_asset, now test.cryptopulse.unique_mart_data_quality_reconciliation_id.a754713449)
[0m02:17:34.521000 [info ] [Thread-4 (]: 15 of 35 OK created sql view model analytics_intermediate.int_market_returns ... [[32mCREATE VIEW[0m in 0.18s]
[0m02:17:34.512841 [debug] [Thread-2 (]: Began executing node test.cryptopulse.accepted_values_mart_data_quality_status__pass__fail.e77c75ddcc
[0m02:17:34.519616 [debug] [Thread-3 (]: Writing injected SQL for node "test.cryptopulse.not_null_mart_data_quality_reconciliation_id.3bc74ed6c4"
[0m02:17:34.526305 [debug] [Thread-1 (]: Began compiling node test.cryptopulse.unique_mart_data_quality_reconciliation_id.a754713449
[0m02:17:34.528150 [debug] [Thread-4 (]: Finished running node model.cryptopulse.int_market_returns
[0m02:17:34.530065 [debug] [Thread-2 (]: Writing runtime sql for node "test.cryptopulse.accepted_values_mart_data_quality_status__pass__fail.e77c75ddcc"
[0m02:17:34.539475 [debug] [Thread-1 (]: Writing injected SQL for node "test.cryptopulse.unique_mart_data_quality_reconciliation_id.a754713449"
[0m02:17:34.540164 [debug] [Thread-4 (]: Began running node test.cryptopulse.not_null_dim_date_date_key.881d0a31b6
[0m02:17:34.542762 [info ] [Thread-4 (]: 19 of 35 START test not_null_dim_date_date_key ................................. [RUN]
[0m02:17:34.544659 [debug] [Thread-3 (]: Began executing node test.cryptopulse.not_null_mart_data_quality_reconciliation_id.3bc74ed6c4
[0m02:17:34.545081 [debug] [Thread-4 (]: Re-using an available connection from the pool (formerly model.cryptopulse.int_market_returns, now test.cryptopulse.not_null_dim_date_date_key.881d0a31b6)
[0m02:17:34.560185 [debug] [Thread-3 (]: Writing runtime sql for node "test.cryptopulse.not_null_mart_data_quality_reconciliation_id.3bc74ed6c4"
[0m02:17:34.568016 [debug] [Thread-1 (]: Began executing node test.cryptopulse.unique_mart_data_quality_reconciliation_id.a754713449
[0m02:17:34.568611 [debug] [Thread-4 (]: Began compiling node test.cryptopulse.not_null_dim_date_date_key.881d0a31b6
[0m02:17:34.573175 [debug] [Thread-1 (]: Writing runtime sql for node "test.cryptopulse.unique_mart_data_quality_reconciliation_id.a754713449"
[0m02:17:34.574307 [debug] [Thread-2 (]: Using postgres connection "test.cryptopulse.accepted_values_mart_data_quality_status__pass__fail.e77c75ddcc"
[0m02:17:34.597259 [debug] [Thread-4 (]: Writing injected SQL for node "test.cryptopulse.not_null_dim_date_date_key.881d0a31b6"
[0m02:17:34.604153 [debug] [Thread-3 (]: Using postgres connection "test.cryptopulse.not_null_mart_data_quality_reconciliation_id.3bc74ed6c4"
[0m02:17:34.604997 [debug] [Thread-2 (]: On test.cryptopulse.accepted_values_mart_data_quality_status__pass__fail.e77c75ddcc: /* {"app": "dbt", "dbt_version": "1.12.4", "profile_name": "cryptopulse", "target_name": "dev", "node_id": "test.cryptopulse.accepted_values_mart_data_quality_status__pass__fail.e77c75ddcc"} */

    
    select
      count(*) as failures,
      count(*) != 0 as should_warn,
      count(*) != 0 as should_error
    from (
      
    
  
    
    

with all_values as (

    select
        status as value_field,
        count(*) as n_records

    from "cryptopulse"."analytics_analytics"."mart_data_quality"
    group by status

)

select *
from all_values
where value_field not in (
    'pass','fail'
)



  
  
      
    ) dbt_internal_test
[0m02:17:34.606882 [debug] [Thread-3 (]: On test.cryptopulse.not_null_mart_data_quality_reconciliation_id.3bc74ed6c4: /* {"app": "dbt", "dbt_version": "1.12.4", "profile_name": "cryptopulse", "target_name": "dev", "node_id": "test.cryptopulse.not_null_mart_data_quality_reconciliation_id.3bc74ed6c4"} */

    
    select
      count(*) as failures,
      count(*) != 0 as should_warn,
      count(*) != 0 as should_error
    from (
      
    
  
    
    



select reconciliation_id
from "cryptopulse"."analytics_analytics"."mart_data_quality"
where reconciliation_id is null



  
  
      
    ) dbt_internal_test
[0m02:17:34.607889 [debug] [Thread-2 (]: Opening a new connection, currently in state closed
[0m02:17:34.608782 [debug] [Thread-3 (]: Opening a new connection, currently in state closed
[0m02:17:34.618243 [debug] [Thread-3 (]: SQL status: SELECT 1 in 0.009 seconds
[0m02:17:34.618920 [debug] [Thread-2 (]: SQL status: SELECT 1 in 0.011 seconds
[0m02:17:34.624821 [debug] [Thread-1 (]: Using postgres connection "test.cryptopulse.unique_mart_data_quality_reconciliation_id.a754713449"
[0m02:17:34.626218 [debug] [Thread-3 (]: On test.cryptopulse.not_null_mart_data_quality_reconciliation_id.3bc74ed6c4: ROLLBACK
[0m02:17:34.630821 [debug] [Thread-2 (]: On test.cryptopulse.accepted_values_mart_data_quality_status__pass__fail.e77c75ddcc: ROLLBACK
[0m02:17:34.632460 [debug] [Thread-1 (]: On test.cryptopulse.unique_mart_data_quality_reconciliation_id.a754713449: /* {"app": "dbt", "dbt_version": "1.12.4", "profile_name": "cryptopulse", "target_name": "dev", "node_id": "test.cryptopulse.unique_mart_data_quality_reconciliation_id.a754713449"} */

    
    select
      count(*) as failures,
      count(*) != 0 as should_warn,
      count(*) != 0 as should_error
    from (
      
    
  
    
    

select
    reconciliation_id as unique_field,
    count(*) as n_records

from "cryptopulse"."analytics_analytics"."mart_data_quality"
where reconciliation_id is not null
group by reconciliation_id
having count(*) > 1



  
  
      
    ) dbt_internal_test
[0m02:17:34.643464 [debug] [Thread-4 (]: Began executing node test.cryptopulse.not_null_dim_date_date_key.881d0a31b6
[0m02:17:34.644238 [debug] [Thread-3 (]: On test.cryptopulse.not_null_mart_data_quality_reconciliation_id.3bc74ed6c4: Close
[0m02:17:34.645520 [debug] [Thread-2 (]: On test.cryptopulse.accepted_values_mart_data_quality_status__pass__fail.e77c75ddcc: Close
[0m02:17:34.646782 [debug] [Thread-1 (]: Opening a new connection, currently in state closed
[0m02:17:34.648958 [debug] [Thread-4 (]: Writing runtime sql for node "test.cryptopulse.not_null_dim_date_date_key.881d0a31b6"
[0m02:17:34.650389 [info ] [Thread-3 (]: 17 of 35 PASS not_null_mart_data_quality_reconciliation_id ..................... [[32mPASS[0m in 0.16s]
[0m02:17:34.652253 [info ] [Thread-2 (]: 16 of 35 PASS accepted_values_mart_data_quality_status__pass__fail ............. [[32mPASS[0m in 0.20s]
[0m02:17:34.656155 [debug] [Thread-3 (]: Finished running node test.cryptopulse.not_null_mart_data_quality_reconciliation_id.3bc74ed6c4
[0m02:17:34.657192 [debug] [Thread-2 (]: Finished running node test.cryptopulse.accepted_values_mart_data_quality_status__pass__fail.e77c75ddcc
[0m02:17:34.658043 [debug] [Thread-3 (]: Began running node test.cryptopulse.unique_dim_date_date_key.0869fd48f9
[0m02:17:34.658824 [debug] [Thread-2 (]: Began running node test.cryptopulse.not_null_dim_provider_provider_key.acace107bf
[0m02:17:34.659707 [info ] [Thread-3 (]: 20 of 35 START test unique_dim_date_date_key ................................... [RUN]
[0m02:17:34.660929 [info ] [Thread-2 (]: 21 of 35 START test not_null_dim_provider_provider_key ......................... [RUN]
[0m02:17:34.661344 [debug] [Thread-1 (]: SQL status: SELECT 1 in 0.015 seconds
[0m02:17:34.662736 [debug] [Thread-3 (]: Re-using an available connection from the pool (formerly test.cryptopulse.not_null_mart_data_quality_reconciliation_id.3bc74ed6c4, now test.cryptopulse.unique_dim_date_date_key.0869fd48f9)
[0m02:17:34.664881 [debug] [Thread-2 (]: Re-using an available connection from the pool (formerly test.cryptopulse.accepted_values_mart_data_quality_status__pass__fail.e77c75ddcc, now test.cryptopulse.not_null_dim_provider_provider_key.acace107bf)
[0m02:17:34.666717 [debug] [Thread-1 (]: On test.cryptopulse.unique_mart_data_quality_reconciliation_id.a754713449: ROLLBACK
[0m02:17:34.675275 [debug] [Thread-4 (]: Using postgres connection "test.cryptopulse.not_null_dim_date_date_key.881d0a31b6"
[0m02:17:34.679505 [debug] [Thread-4 (]: On test.cryptopulse.not_null_dim_date_date_key.881d0a31b6: /* {"app": "dbt", "dbt_version": "1.12.4", "profile_name": "cryptopulse", "target_name": "dev", "node_id": "test.cryptopulse.not_null_dim_date_date_key.881d0a31b6"} */

    
    select
      count(*) as failures,
      count(*) != 0 as should_warn,
      count(*) != 0 as should_error
    from (
      
    
  
    
    



select date_key
from "cryptopulse"."analytics_analytics"."dim_date"
where date_key is null



  
  
      
    ) dbt_internal_test
[0m02:17:34.676929 [debug] [Thread-2 (]: Began compiling node test.cryptopulse.not_null_dim_provider_provider_key.acace107bf
[0m02:17:34.678070 [debug] [Thread-1 (]: On test.cryptopulse.unique_mart_data_quality_reconciliation_id.a754713449: Close
[0m02:17:34.675693 [debug] [Thread-3 (]: Began compiling node test.cryptopulse.unique_dim_date_date_key.0869fd48f9
[0m02:17:34.681432 [debug] [Thread-4 (]: Opening a new connection, currently in state closed
[0m02:17:34.688216 [debug] [Thread-2 (]: Writing injected SQL for node "test.cryptopulse.not_null_dim_provider_provider_key.acace107bf"
[0m02:17:34.689501 [info ] [Thread-1 (]: 18 of 35 PASS unique_mart_data_quality_reconciliation_id ....................... [[32mPASS[0m in 0.17s]
[0m02:17:34.697834 [debug] [Thread-3 (]: Writing injected SQL for node "test.cryptopulse.unique_dim_date_date_key.0869fd48f9"
[0m02:17:34.701984 [debug] [Thread-1 (]: Finished running node test.cryptopulse.unique_mart_data_quality_reconciliation_id.a754713449
[0m02:17:34.705083 [debug] [Thread-1 (]: Began running node test.cryptopulse.unique_dim_provider_provider_key.b5fbec487b
[0m02:17:34.706051 [info ] [Thread-1 (]: 22 of 35 START test unique_dim_provider_provider_key ........................... [RUN]
[0m02:17:34.706562 [debug] [Thread-4 (]: SQL status: SELECT 1 in 0.025 seconds
[0m02:17:34.708153 [debug] [Thread-1 (]: Re-using an available connection from the pool (formerly test.cryptopulse.unique_mart_data_quality_reconciliation_id.a754713449, now test.cryptopulse.unique_dim_provider_provider_key.b5fbec487b)
[0m02:17:34.711780 [debug] [Thread-4 (]: On test.cryptopulse.not_null_dim_date_date_key.881d0a31b6: ROLLBACK
[0m02:17:34.713648 [debug] [Thread-2 (]: Began executing node test.cryptopulse.not_null_dim_provider_provider_key.acace107bf
[0m02:17:34.716340 [debug] [Thread-1 (]: Began compiling node test.cryptopulse.unique_dim_provider_provider_key.b5fbec487b
[0m02:17:34.739204 [debug] [Thread-4 (]: On test.cryptopulse.not_null_dim_date_date_key.881d0a31b6: Close
[0m02:17:34.739756 [debug] [Thread-3 (]: Began executing node test.cryptopulse.unique_dim_date_date_key.0869fd48f9
[0m02:17:34.741863 [debug] [Thread-2 (]: Writing runtime sql for node "test.cryptopulse.not_null_dim_provider_provider_key.acace107bf"
[0m02:17:34.750716 [debug] [Thread-1 (]: Writing injected SQL for node "test.cryptopulse.unique_dim_provider_provider_key.b5fbec487b"
[0m02:17:34.751872 [info ] [Thread-4 (]: 19 of 35 PASS not_null_dim_date_date_key ....................................... [[32mPASS[0m in 0.21s]
[0m02:17:34.755083 [debug] [Thread-3 (]: Writing runtime sql for node "test.cryptopulse.unique_dim_date_date_key.0869fd48f9"
[0m02:17:34.758738 [debug] [Thread-4 (]: Finished running node test.cryptopulse.not_null_dim_date_date_key.881d0a31b6
[0m02:17:34.759926 [debug] [Thread-4 (]: Began running node test.cryptopulse.not_null_dim_asset_asset_key.a810898cee
[0m02:17:34.760635 [info ] [Thread-4 (]: 23 of 35 START test not_null_dim_asset_asset_key ............................... [RUN]
[0m02:17:34.763014 [debug] [Thread-4 (]: Re-using an available connection from the pool (formerly test.cryptopulse.not_null_dim_date_date_key.881d0a31b6, now test.cryptopulse.not_null_dim_asset_asset_key.a810898cee)
[0m02:17:34.765159 [debug] [Thread-4 (]: Began compiling node test.cryptopulse.not_null_dim_asset_asset_key.a810898cee
[0m02:17:34.765986 [debug] [Thread-2 (]: Using postgres connection "test.cryptopulse.not_null_dim_provider_provider_key.acace107bf"
[0m02:17:34.785640 [debug] [Thread-4 (]: Writing injected SQL for node "test.cryptopulse.not_null_dim_asset_asset_key.a810898cee"
[0m02:17:34.793305 [debug] [Thread-2 (]: On test.cryptopulse.not_null_dim_provider_provider_key.acace107bf: /* {"app": "dbt", "dbt_version": "1.12.4", "profile_name": "cryptopulse", "target_name": "dev", "node_id": "test.cryptopulse.not_null_dim_provider_provider_key.acace107bf"} */

    
    select
      count(*) as failures,
      count(*) != 0 as should_warn,
      count(*) != 0 as should_error
    from (
      
    
  
    
    



select provider_key
from "cryptopulse"."analytics_analytics"."dim_provider"
where provider_key is null



  
  
      
    ) dbt_internal_test
[0m02:17:34.793945 [debug] [Thread-3 (]: Using postgres connection "test.cryptopulse.unique_dim_date_date_key.0869fd48f9"
[0m02:17:34.794370 [debug] [Thread-1 (]: Began executing node test.cryptopulse.unique_dim_provider_provider_key.b5fbec487b
[0m02:17:34.796329 [debug] [Thread-2 (]: Opening a new connection, currently in state closed
[0m02:17:34.797434 [debug] [Thread-3 (]: On test.cryptopulse.unique_dim_date_date_key.0869fd48f9: /* {"app": "dbt", "dbt_version": "1.12.4", "profile_name": "cryptopulse", "target_name": "dev", "node_id": "test.cryptopulse.unique_dim_date_date_key.0869fd48f9"} */

    
    select
      count(*) as failures,
      count(*) != 0 as should_warn,
      count(*) != 0 as should_error
    from (
      
    
  
    
    

select
    date_key as unique_field,
    count(*) as n_records

from "cryptopulse"."analytics_analytics"."dim_date"
where date_key is not null
group by date_key
having count(*) > 1



  
  
      
    ) dbt_internal_test
[0m02:17:34.799552 [debug] [Thread-1 (]: Writing runtime sql for node "test.cryptopulse.unique_dim_provider_provider_key.b5fbec487b"
[0m02:17:34.801958 [debug] [Thread-3 (]: Opening a new connection, currently in state closed
[0m02:17:34.807677 [debug] [Thread-2 (]: SQL status: SELECT 1 in 0.011 seconds
[0m02:17:34.809904 [debug] [Thread-3 (]: SQL status: SELECT 1 in 0.008 seconds
[0m02:17:34.823235 [debug] [Thread-2 (]: On test.cryptopulse.not_null_dim_provider_provider_key.acace107bf: ROLLBACK
[0m02:17:34.823826 [debug] [Thread-4 (]: Began executing node test.cryptopulse.not_null_dim_asset_asset_key.a810898cee
[0m02:17:34.825410 [debug] [Thread-3 (]: On test.cryptopulse.unique_dim_date_date_key.0869fd48f9: ROLLBACK
[0m02:17:34.826691 [debug] [Thread-2 (]: On test.cryptopulse.not_null_dim_provider_provider_key.acace107bf: Close
[0m02:17:34.829199 [debug] [Thread-4 (]: Writing runtime sql for node "test.cryptopulse.not_null_dim_asset_asset_key.a810898cee"
[0m02:17:34.831211 [debug] [Thread-3 (]: On test.cryptopulse.unique_dim_date_date_key.0869fd48f9: Close
[0m02:17:34.832123 [info ] [Thread-2 (]: 21 of 35 PASS not_null_dim_provider_provider_key ............................... [[32mPASS[0m in 0.17s]
[0m02:17:34.834022 [debug] [Thread-1 (]: Using postgres connection "test.cryptopulse.unique_dim_provider_provider_key.b5fbec487b"
[0m02:17:34.836092 [error] [Thread-3 (]: 20 of 35 FAIL 7 unique_dim_date_date_key ....................................... [[31mFAIL 7[0m in 0.17s]
[0m02:17:34.851416 [debug] [Thread-2 (]: Finished running node test.cryptopulse.not_null_dim_provider_provider_key.acace107bf
[0m02:17:34.852743 [debug] [Thread-1 (]: On test.cryptopulse.unique_dim_provider_provider_key.b5fbec487b: /* {"app": "dbt", "dbt_version": "1.12.4", "profile_name": "cryptopulse", "target_name": "dev", "node_id": "test.cryptopulse.unique_dim_provider_provider_key.b5fbec487b"} */

    
    select
      count(*) as failures,
      count(*) != 0 as should_warn,
      count(*) != 0 as should_error
    from (
      
    
  
    
    

select
    provider_key as unique_field,
    count(*) as n_records

from "cryptopulse"."analytics_analytics"."dim_provider"
where provider_key is not null
group by provider_key
having count(*) > 1



  
  
      
    ) dbt_internal_test
[0m02:17:34.853958 [debug] [Thread-3 (]: Finished running node test.cryptopulse.unique_dim_date_date_key.0869fd48f9
[0m02:17:34.854926 [debug] [Thread-2 (]: Began running node test.cryptopulse.not_null_dim_asset_symbol.6d84ebfacb
[0m02:17:34.855866 [debug] [Thread-1 (]: Opening a new connection, currently in state closed
[0m02:17:34.857283 [debug] [Thread-3 (]: Began running node test.cryptopulse.unique_dim_asset_asset_key.1e356d7858
[0m02:17:34.857891 [debug] [Thread-7 (]: Marking all children of 'test.cryptopulse.unique_dim_date_date_key.0869fd48f9' to be skipped because of status 'fail'.  Reason: Got 7 results, configured to fail if != 0.
[0m02:17:34.867416 [debug] [Thread-4 (]: Using postgres connection "test.cryptopulse.not_null_dim_asset_asset_key.a810898cee"
[0m02:17:34.868432 [info ] [Thread-2 (]: 24 of 35 START test not_null_dim_asset_symbol .................................. [RUN]
[0m02:17:34.874579 [info ] [Thread-3 (]: 25 of 35 START test unique_dim_asset_asset_key ................................. [RUN]
[0m02:17:34.879250 [debug] [Thread-4 (]: On test.cryptopulse.not_null_dim_asset_asset_key.a810898cee: /* {"app": "dbt", "dbt_version": "1.12.4", "profile_name": "cryptopulse", "target_name": "dev", "node_id": "test.cryptopulse.not_null_dim_asset_asset_key.a810898cee"} */

    
    select
      count(*) as failures,
      count(*) != 0 as should_warn,
      count(*) != 0 as should_error
    from (
      
    
  
    
    



select asset_key
from "cryptopulse"."analytics_analytics"."dim_asset"
where asset_key is null



  
  
      
    ) dbt_internal_test
[0m02:17:34.880502 [debug] [Thread-2 (]: Re-using an available connection from the pool (formerly test.cryptopulse.not_null_dim_provider_provider_key.acace107bf, now test.cryptopulse.not_null_dim_asset_symbol.6d84ebfacb)
[0m02:17:34.881013 [debug] [Thread-1 (]: SQL status: SELECT 1 in 0.025 seconds
[0m02:17:34.881993 [debug] [Thread-3 (]: Re-using an available connection from the pool (formerly test.cryptopulse.unique_dim_date_date_key.0869fd48f9, now test.cryptopulse.unique_dim_asset_asset_key.1e356d7858)
[0m02:17:34.882941 [debug] [Thread-4 (]: Opening a new connection, currently in state closed
[0m02:17:34.883906 [debug] [Thread-2 (]: Began compiling node test.cryptopulse.not_null_dim_asset_symbol.6d84ebfacb
[0m02:17:34.885723 [debug] [Thread-1 (]: On test.cryptopulse.unique_dim_provider_provider_key.b5fbec487b: ROLLBACK
[0m02:17:34.886622 [debug] [Thread-3 (]: Began compiling node test.cryptopulse.unique_dim_asset_asset_key.1e356d7858
[0m02:17:34.895041 [debug] [Thread-2 (]: Writing injected SQL for node "test.cryptopulse.not_null_dim_asset_symbol.6d84ebfacb"
[0m02:17:34.895474 [debug] [Thread-4 (]: SQL status: SELECT 1 in 0.013 seconds
[0m02:17:34.896436 [debug] [Thread-1 (]: On test.cryptopulse.unique_dim_provider_provider_key.b5fbec487b: Close
[0m02:17:34.902494 [debug] [Thread-3 (]: Writing injected SQL for node "test.cryptopulse.unique_dim_asset_asset_key.1e356d7858"
[0m02:17:34.904470 [debug] [Thread-4 (]: On test.cryptopulse.not_null_dim_asset_asset_key.a810898cee: ROLLBACK
[0m02:17:34.905489 [info ] [Thread-1 (]: 22 of 35 PASS unique_dim_provider_provider_key ................................. [[32mPASS[0m in 0.20s]
[0m02:17:34.907737 [debug] [Thread-4 (]: On test.cryptopulse.not_null_dim_asset_asset_key.a810898cee: Close
[0m02:17:34.908428 [debug] [Thread-1 (]: Finished running node test.cryptopulse.unique_dim_provider_provider_key.b5fbec487b
[0m02:17:34.909895 [info ] [Thread-4 (]: 23 of 35 PASS not_null_dim_asset_asset_key ..................................... [[32mPASS[0m in 0.15s]
[0m02:17:34.911819 [debug] [Thread-2 (]: Began executing node test.cryptopulse.not_null_dim_asset_symbol.6d84ebfacb
[0m02:17:34.912277 [debug] [Thread-1 (]: Began running node model.cryptopulse.fact_market_bar
[0m02:17:34.938013 [debug] [Thread-4 (]: Finished running node test.cryptopulse.not_null_dim_asset_asset_key.a810898cee
[0m02:17:34.943257 [debug] [Thread-3 (]: Began executing node test.cryptopulse.unique_dim_asset_asset_key.1e356d7858
[0m02:17:34.946059 [debug] [Thread-2 (]: Writing runtime sql for node "test.cryptopulse.not_null_dim_asset_symbol.6d84ebfacb"
[0m02:17:34.947741 [info ] [Thread-1 (]: 26 of 35 START sql table model analytics_analytics.fact_market_bar ............. [RUN]
[0m02:17:34.952261 [debug] [Thread-3 (]: Writing runtime sql for node "test.cryptopulse.unique_dim_asset_asset_key.1e356d7858"
[0m02:17:34.954426 [debug] [Thread-1 (]: Re-using an available connection from the pool (formerly test.cryptopulse.unique_dim_provider_provider_key.b5fbec487b, now model.cryptopulse.fact_market_bar)
[0m02:17:34.956079 [debug] [Thread-1 (]: Began compiling node model.cryptopulse.fact_market_bar
[0m02:17:34.959927 [debug] [Thread-1 (]: Writing injected SQL for node "model.cryptopulse.fact_market_bar"
[0m02:17:34.962178 [debug] [Thread-2 (]: Using postgres connection "test.cryptopulse.not_null_dim_asset_symbol.6d84ebfacb"
[0m02:17:34.983026 [debug] [Thread-2 (]: On test.cryptopulse.not_null_dim_asset_symbol.6d84ebfacb: /* {"app": "dbt", "dbt_version": "1.12.4", "profile_name": "cryptopulse", "target_name": "dev", "node_id": "test.cryptopulse.not_null_dim_asset_symbol.6d84ebfacb"} */

    
    select
      count(*) as failures,
      count(*) != 0 as should_warn,
      count(*) != 0 as should_error
    from (
      
    
  
    
    



select symbol
from "cryptopulse"."analytics_analytics"."dim_asset"
where symbol is null



  
  
      
    ) dbt_internal_test
[0m02:17:34.987493 [debug] [Thread-2 (]: Opening a new connection, currently in state closed
[0m02:17:34.988109 [debug] [Thread-3 (]: Using postgres connection "test.cryptopulse.unique_dim_asset_asset_key.1e356d7858"
[0m02:17:34.997601 [debug] [Thread-3 (]: On test.cryptopulse.unique_dim_asset_asset_key.1e356d7858: /* {"app": "dbt", "dbt_version": "1.12.4", "profile_name": "cryptopulse", "target_name": "dev", "node_id": "test.cryptopulse.unique_dim_asset_asset_key.1e356d7858"} */

    
    select
      count(*) as failures,
      count(*) != 0 as should_warn,
      count(*) != 0 as should_error
    from (
      
    
  
    
    

select
    asset_key as unique_field,
    count(*) as n_records

from "cryptopulse"."analytics_analytics"."dim_asset"
where asset_key is not null
group by asset_key
having count(*) > 1



  
  
      
    ) dbt_internal_test
[0m02:17:35.003307 [debug] [Thread-3 (]: Opening a new connection, currently in state closed
[0m02:17:35.010524 [debug] [Thread-2 (]: SQL status: SELECT 1 in 0.023 seconds
[0m02:17:35.022158 [debug] [Thread-2 (]: On test.cryptopulse.not_null_dim_asset_symbol.6d84ebfacb: ROLLBACK
[0m02:17:35.022541 [debug] [Thread-3 (]: SQL status: SELECT 1 in 0.019 seconds
[0m02:17:35.024452 [debug] [Thread-2 (]: On test.cryptopulse.not_null_dim_asset_symbol.6d84ebfacb: Close
[0m02:17:35.026571 [debug] [Thread-3 (]: On test.cryptopulse.unique_dim_asset_asset_key.1e356d7858: ROLLBACK
[0m02:17:35.027873 [info ] [Thread-2 (]: 24 of 35 PASS not_null_dim_asset_symbol ........................................ [[32mPASS[0m in 0.15s]
[0m02:17:35.043351 [debug] [Thread-3 (]: On test.cryptopulse.unique_dim_asset_asset_key.1e356d7858: Close
[0m02:17:35.043883 [debug] [Thread-1 (]: Began executing node model.cryptopulse.fact_market_bar
[0m02:17:35.044647 [debug] [Thread-2 (]: Finished running node test.cryptopulse.not_null_dim_asset_symbol.6d84ebfacb
[0m02:17:35.045863 [info ] [Thread-3 (]: 25 of 35 PASS unique_dim_asset_asset_key ....................................... [[32mPASS[0m in 0.16s]
[0m02:17:35.050460 [debug] [Thread-1 (]: Writing runtime sql for node "model.cryptopulse.fact_market_bar"
[0m02:17:35.054016 [debug] [Thread-3 (]: Finished running node test.cryptopulse.unique_dim_asset_asset_key.1e356d7858
[0m02:17:35.064522 [debug] [Thread-1 (]: Using postgres connection "model.cryptopulse.fact_market_bar"
[0m02:17:35.080028 [debug] [Thread-1 (]: On model.cryptopulse.fact_market_bar: /* {"app": "dbt", "dbt_version": "1.12.4", "profile_name": "cryptopulse", "target_name": "dev", "node_id": "model.cryptopulse.fact_market_bar"} */

  
    

  create  table "cryptopulse"."analytics_analytics"."fact_market_bar__dbt_tmp"
  
  
    as
  
  (
    select
    bars.market_bar_key,
    md5(concat_ws('||', coalesce(cast(bars.symbol as text), '_null_'), coalesce(cast(bars.currency as text), '_null_'))) as asset_key,
    md5(concat_ws('||', coalesce(cast(bars.provider as text), '_null_'))) as provider_key,
    bars.bar_start::date as date_key,
    bars.provider,
    bars.symbol,
    bars.currency,
    bars.interval,
    bars.bar_start,
    bars.bar_end,
    bars.open,
    bars.high,
    bars.low,
    bars.close,
    bars.volume,
    bars.trade_count,
    bars.vwap,
    bars.simple_return,
    bars.log_return,
    bars.loaded_at
from "cryptopulse"."analytics_intermediate"."int_market_returns" as bars
  );
  
[0m02:17:35.082079 [debug] [Thread-1 (]: Opening a new connection, currently in state closed
[0m02:17:35.120407 [debug] [Thread-1 (]: SQL status: SELECT 189 in 0.038 seconds
[0m02:17:35.125877 [debug] [Thread-1 (]: Using postgres connection "model.cryptopulse.fact_market_bar"
[0m02:17:35.129803 [debug] [Thread-1 (]: On model.cryptopulse.fact_market_bar: /* {"app": "dbt", "dbt_version": "1.12.4", "profile_name": "cryptopulse", "target_name": "dev", "node_id": "model.cryptopulse.fact_market_bar"} */
alter table "cryptopulse"."analytics_analytics"."fact_market_bar" rename to "fact_market_bar__dbt_backup"
[0m02:17:35.132550 [debug] [Thread-1 (]: SQL status: ALTER TABLE in 0.001 seconds
[0m02:17:35.137060 [debug] [Thread-1 (]: Using postgres connection "model.cryptopulse.fact_market_bar"
[0m02:17:35.139474 [debug] [Thread-1 (]: On model.cryptopulse.fact_market_bar: /* {"app": "dbt", "dbt_version": "1.12.4", "profile_name": "cryptopulse", "target_name": "dev", "node_id": "model.cryptopulse.fact_market_bar"} */
alter table "cryptopulse"."analytics_analytics"."fact_market_bar__dbt_tmp" rename to "fact_market_bar"
[0m02:17:35.142510 [debug] [Thread-1 (]: SQL status: ALTER TABLE in 0.001 seconds
[0m02:17:35.145849 [debug] [Thread-1 (]: On model.cryptopulse.fact_market_bar: COMMIT
[0m02:17:35.147705 [debug] [Thread-1 (]: Using postgres connection "model.cryptopulse.fact_market_bar"
[0m02:17:35.149282 [debug] [Thread-1 (]: On model.cryptopulse.fact_market_bar: COMMIT
[0m02:17:35.154057 [debug] [Thread-1 (]: SQL status: COMMIT in 0.003 seconds
[0m02:17:35.160195 [debug] [Thread-1 (]: Applying DROP to: "cryptopulse"."analytics_analytics"."fact_market_bar__dbt_backup"
[0m02:17:35.162668 [debug] [Thread-1 (]: Using postgres connection "model.cryptopulse.fact_market_bar"
[0m02:17:35.164498 [debug] [Thread-1 (]: On model.cryptopulse.fact_market_bar: /* {"app": "dbt", "dbt_version": "1.12.4", "profile_name": "cryptopulse", "target_name": "dev", "node_id": "model.cryptopulse.fact_market_bar"} */
drop table if exists "cryptopulse"."analytics_analytics"."fact_market_bar__dbt_backup" cascade
[0m02:17:35.171923 [debug] [Thread-1 (]: SQL status: DROP TABLE in 0.006 seconds
[0m02:17:35.177644 [debug] [Thread-1 (]: On model.cryptopulse.fact_market_bar: Close
[0m02:17:35.180874 [debug] [Thread-1 (]: Sending event: {'category': 'dbt', 'action': 'run_model', 'label': '47354a37-1bc5-4e60-9d26-e41949e24333', 'context': [<snowplow_tracker.self_describing_json.SelfDescribingJson object at 0x7f25232b7d90>]}
[0m02:17:35.182997 [info ] [Thread-1 (]: 26 of 35 OK created sql table model analytics_analytics.fact_market_bar ........ [[32mSELECT 189[0m in 0.23s]
[0m02:17:35.185210 [debug] [Thread-1 (]: Finished running node model.cryptopulse.fact_market_bar
[0m02:17:35.187706 [debug] [Thread-4 (]: Began running node test.cryptopulse.not_null_fact_market_bar_asset_key.29e72edeb9
[0m02:17:35.188275 [debug] [Thread-2 (]: Began running node test.cryptopulse.not_null_fact_market_bar_close.0d139f179e
[0m02:17:35.188812 [debug] [Thread-3 (]: Began running node test.cryptopulse.not_null_fact_market_bar_market_bar_key.53f1070523
[0m02:17:35.190082 [debug] [Thread-1 (]: Began running node test.cryptopulse.not_null_fact_market_bar_provider_key.8be4a3d773
[0m02:17:35.197491 [info ] [Thread-4 (]: 27 of 35 START test not_null_fact_market_bar_asset_key ......................... [RUN]
[0m02:17:35.209016 [info ] [Thread-2 (]: 28 of 35 START test not_null_fact_market_bar_close ............................. [RUN]
[0m02:17:35.212450 [info ] [Thread-3 (]: 29 of 35 START test not_null_fact_market_bar_market_bar_key .................... [RUN]
[0m02:17:35.214090 [info ] [Thread-1 (]: 30 of 35 START test not_null_fact_market_bar_provider_key ...................... [RUN]
[0m02:17:35.217215 [debug] [Thread-4 (]: Re-using an available connection from the pool (formerly test.cryptopulse.not_null_dim_asset_asset_key.a810898cee, now test.cryptopulse.not_null_fact_market_bar_asset_key.29e72edeb9)
[0m02:17:35.219070 [debug] [Thread-2 (]: Re-using an available connection from the pool (formerly test.cryptopulse.not_null_dim_asset_symbol.6d84ebfacb, now test.cryptopulse.not_null_fact_market_bar_close.0d139f179e)
[0m02:17:35.220422 [debug] [Thread-3 (]: Re-using an available connection from the pool (formerly test.cryptopulse.unique_dim_asset_asset_key.1e356d7858, now test.cryptopulse.not_null_fact_market_bar_market_bar_key.53f1070523)
[0m02:17:35.221646 [debug] [Thread-1 (]: Re-using an available connection from the pool (formerly model.cryptopulse.fact_market_bar, now test.cryptopulse.not_null_fact_market_bar_provider_key.8be4a3d773)
[0m02:17:35.223045 [debug] [Thread-4 (]: Began compiling node test.cryptopulse.not_null_fact_market_bar_asset_key.29e72edeb9
[0m02:17:35.223979 [debug] [Thread-2 (]: Began compiling node test.cryptopulse.not_null_fact_market_bar_close.0d139f179e
[0m02:17:35.228255 [debug] [Thread-3 (]: Began compiling node test.cryptopulse.not_null_fact_market_bar_market_bar_key.53f1070523
[0m02:17:35.229469 [debug] [Thread-1 (]: Began compiling node test.cryptopulse.not_null_fact_market_bar_provider_key.8be4a3d773
[0m02:17:35.238612 [debug] [Thread-4 (]: Writing injected SQL for node "test.cryptopulse.not_null_fact_market_bar_asset_key.29e72edeb9"
[0m02:17:35.244863 [debug] [Thread-2 (]: Writing injected SQL for node "test.cryptopulse.not_null_fact_market_bar_close.0d139f179e"
[0m02:17:35.251102 [debug] [Thread-3 (]: Writing injected SQL for node "test.cryptopulse.not_null_fact_market_bar_market_bar_key.53f1070523"
[0m02:17:35.260432 [debug] [Thread-1 (]: Writing injected SQL for node "test.cryptopulse.not_null_fact_market_bar_provider_key.8be4a3d773"
[0m02:17:35.269484 [debug] [Thread-4 (]: Began executing node test.cryptopulse.not_null_fact_market_bar_asset_key.29e72edeb9
[0m02:17:35.279226 [debug] [Thread-1 (]: Began executing node test.cryptopulse.not_null_fact_market_bar_provider_key.8be4a3d773
[0m02:17:35.294702 [debug] [Thread-4 (]: Writing runtime sql for node "test.cryptopulse.not_null_fact_market_bar_asset_key.29e72edeb9"
[0m02:17:35.302812 [debug] [Thread-2 (]: Began executing node test.cryptopulse.not_null_fact_market_bar_close.0d139f179e
[0m02:17:35.307151 [debug] [Thread-1 (]: Writing runtime sql for node "test.cryptopulse.not_null_fact_market_bar_provider_key.8be4a3d773"
[0m02:17:35.316697 [debug] [Thread-3 (]: Began executing node test.cryptopulse.not_null_fact_market_bar_market_bar_key.53f1070523
[0m02:17:35.319375 [debug] [Thread-2 (]: Writing runtime sql for node "test.cryptopulse.not_null_fact_market_bar_close.0d139f179e"
[0m02:17:35.326667 [debug] [Thread-3 (]: Writing runtime sql for node "test.cryptopulse.not_null_fact_market_bar_market_bar_key.53f1070523"
[0m02:17:35.328686 [debug] [Thread-4 (]: Using postgres connection "test.cryptopulse.not_null_fact_market_bar_asset_key.29e72edeb9"
[0m02:17:35.339564 [debug] [Thread-1 (]: Using postgres connection "test.cryptopulse.not_null_fact_market_bar_provider_key.8be4a3d773"
[0m02:17:35.352143 [debug] [Thread-4 (]: On test.cryptopulse.not_null_fact_market_bar_asset_key.29e72edeb9: /* {"app": "dbt", "dbt_version": "1.12.4", "profile_name": "cryptopulse", "target_name": "dev", "node_id": "test.cryptopulse.not_null_fact_market_bar_asset_key.29e72edeb9"} */

    
    select
      count(*) as failures,
      count(*) != 0 as should_warn,
      count(*) != 0 as should_error
    from (
      
    
  
    
    



select asset_key
from "cryptopulse"."analytics_analytics"."fact_market_bar"
where asset_key is null



  
  
      
    ) dbt_internal_test
[0m02:17:35.372713 [debug] [Thread-2 (]: Using postgres connection "test.cryptopulse.not_null_fact_market_bar_close.0d139f179e"
[0m02:17:35.374200 [debug] [Thread-1 (]: On test.cryptopulse.not_null_fact_market_bar_provider_key.8be4a3d773: /* {"app": "dbt", "dbt_version": "1.12.4", "profile_name": "cryptopulse", "target_name": "dev", "node_id": "test.cryptopulse.not_null_fact_market_bar_provider_key.8be4a3d773"} */

    
    select
      count(*) as failures,
      count(*) != 0 as should_warn,
      count(*) != 0 as should_error
    from (
      
    
  
    
    



select provider_key
from "cryptopulse"."analytics_analytics"."fact_market_bar"
where provider_key is null



  
  
      
    ) dbt_internal_test
[0m02:17:35.395398 [debug] [Thread-4 (]: Opening a new connection, currently in state closed
[0m02:17:35.399046 [debug] [Thread-2 (]: On test.cryptopulse.not_null_fact_market_bar_close.0d139f179e: /* {"app": "dbt", "dbt_version": "1.12.4", "profile_name": "cryptopulse", "target_name": "dev", "node_id": "test.cryptopulse.not_null_fact_market_bar_close.0d139f179e"} */

    
    select
      count(*) as failures,
      count(*) != 0 as should_warn,
      count(*) != 0 as should_error
    from (
      
    
  
    
    



select close
from "cryptopulse"."analytics_analytics"."fact_market_bar"
where close is null



  
  
      
    ) dbt_internal_test
[0m02:17:35.400631 [debug] [Thread-3 (]: Using postgres connection "test.cryptopulse.not_null_fact_market_bar_market_bar_key.53f1070523"
[0m02:17:35.417423 [debug] [Thread-3 (]: On test.cryptopulse.not_null_fact_market_bar_market_bar_key.53f1070523: /* {"app": "dbt", "dbt_version": "1.12.4", "profile_name": "cryptopulse", "target_name": "dev", "node_id": "test.cryptopulse.not_null_fact_market_bar_market_bar_key.53f1070523"} */

    
    select
      count(*) as failures,
      count(*) != 0 as should_warn,
      count(*) != 0 as should_error
    from (
      
    
  
    
    



select market_bar_key
from "cryptopulse"."analytics_analytics"."fact_market_bar"
where market_bar_key is null



  
  
      
    ) dbt_internal_test
[0m02:17:35.410346 [debug] [Thread-2 (]: Opening a new connection, currently in state closed
[0m02:17:35.414946 [debug] [Thread-4 (]: SQL status: SELECT 1 in 0.020 seconds
[0m02:17:35.402123 [debug] [Thread-1 (]: Opening a new connection, currently in state closed
[0m02:17:35.428056 [debug] [Thread-3 (]: Opening a new connection, currently in state closed
[0m02:17:35.435324 [debug] [Thread-4 (]: On test.cryptopulse.not_null_fact_market_bar_asset_key.29e72edeb9: ROLLBACK
[0m02:17:35.437049 [debug] [Thread-2 (]: SQL status: SELECT 1 in 0.027 seconds
[0m02:17:35.451234 [debug] [Thread-1 (]: SQL status: SELECT 1 in 0.049 seconds
[0m02:17:35.454074 [debug] [Thread-3 (]: SQL status: SELECT 1 in 0.026 seconds
[0m02:17:35.455362 [debug] [Thread-4 (]: On test.cryptopulse.not_null_fact_market_bar_asset_key.29e72edeb9: Close
[0m02:17:35.457323 [debug] [Thread-2 (]: On test.cryptopulse.not_null_fact_market_bar_close.0d139f179e: ROLLBACK
[0m02:17:35.459311 [debug] [Thread-1 (]: On test.cryptopulse.not_null_fact_market_bar_provider_key.8be4a3d773: ROLLBACK
[0m02:17:35.461135 [debug] [Thread-3 (]: On test.cryptopulse.not_null_fact_market_bar_market_bar_key.53f1070523: ROLLBACK
[0m02:17:35.463532 [info ] [Thread-4 (]: 27 of 35 PASS not_null_fact_market_bar_asset_key ............................... [[32mPASS[0m in 0.25s]
[0m02:17:35.464825 [debug] [Thread-2 (]: On test.cryptopulse.not_null_fact_market_bar_close.0d139f179e: Close
[0m02:17:35.465477 [debug] [Thread-1 (]: On test.cryptopulse.not_null_fact_market_bar_provider_key.8be4a3d773: Close
[0m02:17:35.466195 [debug] [Thread-3 (]: On test.cryptopulse.not_null_fact_market_bar_market_bar_key.53f1070523: Close
[0m02:17:35.467463 [debug] [Thread-4 (]: Finished running node test.cryptopulse.not_null_fact_market_bar_asset_key.29e72edeb9
[0m02:17:35.469449 [info ] [Thread-2 (]: 28 of 35 PASS not_null_fact_market_bar_close ................................... [[32mPASS[0m in 0.25s]
[0m02:17:35.470743 [info ] [Thread-1 (]: 30 of 35 PASS not_null_fact_market_bar_provider_key ............................ [[32mPASS[0m in 0.25s]
[0m02:17:35.472319 [info ] [Thread-3 (]: 29 of 35 PASS not_null_fact_market_bar_market_bar_key .......................... [[32mPASS[0m in 0.25s]
[0m02:17:35.473502 [debug] [Thread-4 (]: Began running node test.cryptopulse.relationships_fact_market_bar_asset_key__asset_key__ref_dim_asset_.5b491ea399
[0m02:17:35.474412 [debug] [Thread-2 (]: Finished running node test.cryptopulse.not_null_fact_market_bar_close.0d139f179e
[0m02:17:35.475603 [debug] [Thread-1 (]: Finished running node test.cryptopulse.not_null_fact_market_bar_provider_key.8be4a3d773
[0m02:17:35.476660 [debug] [Thread-3 (]: Finished running node test.cryptopulse.not_null_fact_market_bar_market_bar_key.53f1070523
[0m02:17:35.477328 [info ] [Thread-4 (]: 31 of 35 START test relationships_fact_market_bar_asset_key__asset_key__ref_dim_asset_  [RUN]
[0m02:17:35.478242 [debug] [Thread-2 (]: Began running node test.cryptopulse.relationships_fact_market_bar_provider_key__provider_key__ref_dim_provider_.e51f36ecb4
[0m02:17:35.479366 [debug] [Thread-1 (]: Began running node test.cryptopulse.unique_fact_market_bar_market_bar_key.b88512ab4b
[0m02:17:35.480550 [debug] [Thread-4 (]: Re-using an available connection from the pool (formerly test.cryptopulse.not_null_fact_market_bar_asset_key.29e72edeb9, now test.cryptopulse.relationships_fact_market_bar_asset_key__asset_key__ref_dim_asset_.5b491ea399)
[0m02:17:35.481231 [info ] [Thread-2 (]: 32 of 35 START test relationships_fact_market_bar_provider_key__provider_key__ref_dim_provider_  [RUN]
[0m02:17:35.485029 [info ] [Thread-1 (]: 33 of 35 START test unique_fact_market_bar_market_bar_key ...................... [RUN]
[0m02:17:35.487152 [debug] [Thread-4 (]: Began compiling node test.cryptopulse.relationships_fact_market_bar_asset_key__asset_key__ref_dim_asset_.5b491ea399
[0m02:17:35.488648 [debug] [Thread-2 (]: Re-using an available connection from the pool (formerly test.cryptopulse.not_null_fact_market_bar_close.0d139f179e, now test.cryptopulse.relationships_fact_market_bar_provider_key__provider_key__ref_dim_provider_.e51f36ecb4)
[0m02:17:35.496975 [debug] [Thread-1 (]: Re-using an available connection from the pool (formerly test.cryptopulse.not_null_fact_market_bar_provider_key.8be4a3d773, now test.cryptopulse.unique_fact_market_bar_market_bar_key.b88512ab4b)
[0m02:17:35.525164 [debug] [Thread-4 (]: Writing injected SQL for node "test.cryptopulse.relationships_fact_market_bar_asset_key__asset_key__ref_dim_asset_.5b491ea399"
[0m02:17:35.535959 [debug] [Thread-2 (]: Began compiling node test.cryptopulse.relationships_fact_market_bar_provider_key__provider_key__ref_dim_provider_.e51f36ecb4
[0m02:17:35.546138 [debug] [Thread-1 (]: Began compiling node test.cryptopulse.unique_fact_market_bar_market_bar_key.b88512ab4b
[0m02:17:35.575145 [debug] [Thread-2 (]: Writing injected SQL for node "test.cryptopulse.relationships_fact_market_bar_provider_key__provider_key__ref_dim_provider_.e51f36ecb4"
[0m02:17:35.611126 [debug] [Thread-1 (]: Writing injected SQL for node "test.cryptopulse.unique_fact_market_bar_market_bar_key.b88512ab4b"
[0m02:17:35.695591 [debug] [Thread-4 (]: Began executing node test.cryptopulse.relationships_fact_market_bar_asset_key__asset_key__ref_dim_asset_.5b491ea399
[0m02:17:35.701111 [debug] [Thread-1 (]: Began executing node test.cryptopulse.unique_fact_market_bar_market_bar_key.b88512ab4b
[0m02:17:35.704715 [debug] [Thread-4 (]: Writing runtime sql for node "test.cryptopulse.relationships_fact_market_bar_asset_key__asset_key__ref_dim_asset_.5b491ea399"
[0m02:17:35.745844 [debug] [Thread-1 (]: Writing runtime sql for node "test.cryptopulse.unique_fact_market_bar_market_bar_key.b88512ab4b"
[0m02:17:35.759196 [debug] [Thread-2 (]: Began executing node test.cryptopulse.relationships_fact_market_bar_provider_key__provider_key__ref_dim_provider_.e51f36ecb4
[0m02:17:35.779138 [debug] [Thread-2 (]: Writing runtime sql for node "test.cryptopulse.relationships_fact_market_bar_provider_key__provider_key__ref_dim_provider_.e51f36ecb4"
[0m02:17:35.839819 [debug] [Thread-4 (]: Using postgres connection "test.cryptopulse.relationships_fact_market_bar_asset_key__asset_key__ref_dim_asset_.5b491ea399"
[0m02:17:35.863507 [debug] [Thread-2 (]: Using postgres connection "test.cryptopulse.relationships_fact_market_bar_provider_key__provider_key__ref_dim_provider_.e51f36ecb4"
[0m02:17:35.923608 [debug] [Thread-4 (]: On test.cryptopulse.relationships_fact_market_bar_asset_key__asset_key__ref_dim_asset_.5b491ea399: /* {"app": "dbt", "dbt_version": "1.12.4", "profile_name": "cryptopulse", "target_name": "dev", "node_id": "test.cryptopulse.relationships_fact_market_bar_asset_key__asset_key__ref_dim_asset_.5b491ea399"} */

    
    select
      count(*) as failures,
      count(*) != 0 as should_warn,
      count(*) != 0 as should_error
    from (
      
    
  
    
    

with child as (
    select asset_key as from_field
    from "cryptopulse"."analytics_analytics"."fact_market_bar"
    where asset_key is not null
),

parent as (
    select asset_key as to_field
    from "cryptopulse"."analytics_analytics"."dim_asset"
)

select
    from_field

from child
left join parent
    on child.from_field = parent.to_field

where parent.to_field is null



  
  
      
    ) dbt_internal_test
[0m02:17:35.940168 [debug] [Thread-2 (]: On test.cryptopulse.relationships_fact_market_bar_provider_key__provider_key__ref_dim_provider_.e51f36ecb4: /* {"app": "dbt", "dbt_version": "1.12.4", "profile_name": "cryptopulse", "target_name": "dev", "node_id": "test.cryptopulse.relationships_fact_market_bar_provider_key__provider_key__ref_dim_provider_.e51f36ecb4"} */

    
    select
      count(*) as failures,
      count(*) != 0 as should_warn,
      count(*) != 0 as should_error
    from (
      
    
  
    
    

with child as (
    select provider_key as from_field
    from "cryptopulse"."analytics_analytics"."fact_market_bar"
    where provider_key is not null
),

parent as (
    select provider_key as to_field
    from "cryptopulse"."analytics_analytics"."dim_provider"
)

select
    from_field

from child
left join parent
    on child.from_field = parent.to_field

where parent.to_field is null



  
  
      
    ) dbt_internal_test
[0m02:17:35.942295 [debug] [Thread-1 (]: Using postgres connection "test.cryptopulse.unique_fact_market_bar_market_bar_key.b88512ab4b"
[0m02:17:35.942888 [debug] [Thread-4 (]: Opening a new connection, currently in state closed
[0m02:17:35.953176 [debug] [Thread-2 (]: Opening a new connection, currently in state closed
[0m02:17:35.956795 [debug] [Thread-1 (]: On test.cryptopulse.unique_fact_market_bar_market_bar_key.b88512ab4b: /* {"app": "dbt", "dbt_version": "1.12.4", "profile_name": "cryptopulse", "target_name": "dev", "node_id": "test.cryptopulse.unique_fact_market_bar_market_bar_key.b88512ab4b"} */

    
    select
      count(*) as failures,
      count(*) != 0 as should_warn,
      count(*) != 0 as should_error
    from (
      
    
  
    
    

select
    market_bar_key as unique_field,
    count(*) as n_records

from "cryptopulse"."analytics_analytics"."fact_market_bar"
where market_bar_key is not null
group by market_bar_key
having count(*) > 1



  
  
      
    ) dbt_internal_test
[0m02:17:35.971407 [debug] [Thread-4 (]: SQL status: SELECT 1 in 0.028 seconds
[0m02:17:35.988903 [debug] [Thread-2 (]: SQL status: SELECT 1 in 0.036 seconds
[0m02:17:35.994846 [debug] [Thread-1 (]: Opening a new connection, currently in state closed
[0m02:17:35.998142 [debug] [Thread-4 (]: On test.cryptopulse.relationships_fact_market_bar_asset_key__asset_key__ref_dim_asset_.5b491ea399: ROLLBACK
[0m02:17:35.999923 [debug] [Thread-2 (]: On test.cryptopulse.relationships_fact_market_bar_provider_key__provider_key__ref_dim_provider_.e51f36ecb4: ROLLBACK
[0m02:17:36.006718 [debug] [Thread-4 (]: On test.cryptopulse.relationships_fact_market_bar_asset_key__asset_key__ref_dim_asset_.5b491ea399: Close
[0m02:17:36.008060 [debug] [Thread-2 (]: On test.cryptopulse.relationships_fact_market_bar_provider_key__provider_key__ref_dim_provider_.e51f36ecb4: Close
[0m02:17:36.010007 [info ] [Thread-4 (]: 31 of 35 PASS relationships_fact_market_bar_asset_key__asset_key__ref_dim_asset_  [[32mPASS[0m in 0.53s]
[0m02:17:36.013598 [debug] [Thread-1 (]: SQL status: SELECT 1 in 0.019 seconds
[0m02:17:36.013096 [info ] [Thread-2 (]: 32 of 35 PASS relationships_fact_market_bar_provider_key__provider_key__ref_dim_provider_  [[32mPASS[0m in 0.52s]
[0m02:17:36.014791 [debug] [Thread-4 (]: Finished running node test.cryptopulse.relationships_fact_market_bar_asset_key__asset_key__ref_dim_asset_.5b491ea399
[0m02:17:36.016851 [debug] [Thread-1 (]: On test.cryptopulse.unique_fact_market_bar_market_bar_key.b88512ab4b: ROLLBACK
[0m02:17:36.017726 [debug] [Thread-2 (]: Finished running node test.cryptopulse.relationships_fact_market_bar_provider_key__provider_key__ref_dim_provider_.e51f36ecb4
[0m02:17:36.019329 [debug] [Thread-1 (]: On test.cryptopulse.unique_fact_market_bar_market_bar_key.b88512ab4b: Close
[0m02:17:36.020408 [info ] [Thread-1 (]: 33 of 35 PASS unique_fact_market_bar_market_bar_key ............................ [[32mPASS[0m in 0.52s]
[0m02:17:36.021503 [debug] [Thread-1 (]: Finished running node test.cryptopulse.unique_fact_market_bar_market_bar_key.b88512ab4b
[0m02:17:36.022513 [debug] [Thread-3 (]: Began running node model.cryptopulse.mart_market_hourly
[0m02:17:36.023424 [info ] [Thread-3 (]: 34 of 35 START sql table model analytics_analytics.mart_market_hourly .......... [RUN]
[0m02:17:36.024395 [debug] [Thread-3 (]: Re-using an available connection from the pool (formerly test.cryptopulse.not_null_fact_market_bar_market_bar_key.53f1070523, now model.cryptopulse.mart_market_hourly)
[0m02:17:36.025221 [debug] [Thread-3 (]: Began compiling node model.cryptopulse.mart_market_hourly
[0m02:17:36.027523 [debug] [Thread-3 (]: Writing injected SQL for node "model.cryptopulse.mart_market_hourly"
[0m02:17:36.035106 [debug] [Thread-3 (]: Began executing node model.cryptopulse.mart_market_hourly
[0m02:17:36.046248 [debug] [Thread-3 (]: Writing runtime sql for node "model.cryptopulse.mart_market_hourly"
[0m02:17:36.054666 [debug] [Thread-3 (]: Using postgres connection "model.cryptopulse.mart_market_hourly"
[0m02:17:36.066835 [debug] [Thread-3 (]: On model.cryptopulse.mart_market_hourly: /* {"app": "dbt", "dbt_version": "1.12.4", "profile_name": "cryptopulse", "target_name": "dev", "node_id": "model.cryptopulse.mart_market_hourly"} */

  
    

  create  table "cryptopulse"."analytics_analytics"."mart_market_hourly__dbt_tmp"
  
  
    as
  
  (
    select
    provider,
    symbol,
    currency,
    date_trunc('hour', bar_start) as hour_start,
    (array_agg(open order by bar_start))[1] as open,
    max(high) as high,
    min(low) as low,
    (array_agg(close order by bar_start desc))[1] as close,
    sum(volume) as volume,
    sum(trade_count) as trade_count,
    sum(vwap * volume) / nullif(sum(volume), 0) as vwap
from "cryptopulse"."analytics_analytics"."fact_market_bar"
where interval = '1 minute'
group by provider, symbol, currency, date_trunc('hour', bar_start)
  );
  
[0m02:17:36.068720 [debug] [Thread-3 (]: Opening a new connection, currently in state closed
[0m02:17:36.099157 [debug] [Thread-3 (]: SQL status: SELECT 1 in 0.030 seconds
[0m02:17:36.105213 [debug] [Thread-3 (]: Using postgres connection "model.cryptopulse.mart_market_hourly"
[0m02:17:36.107004 [debug] [Thread-3 (]: On model.cryptopulse.mart_market_hourly: /* {"app": "dbt", "dbt_version": "1.12.4", "profile_name": "cryptopulse", "target_name": "dev", "node_id": "model.cryptopulse.mart_market_hourly"} */
alter table "cryptopulse"."analytics_analytics"."mart_market_hourly" rename to "mart_market_hourly__dbt_backup"
[0m02:17:36.109316 [debug] [Thread-3 (]: SQL status: ALTER TABLE in 0.001 seconds
[0m02:17:36.115876 [debug] [Thread-3 (]: Using postgres connection "model.cryptopulse.mart_market_hourly"
[0m02:17:36.117644 [debug] [Thread-3 (]: On model.cryptopulse.mart_market_hourly: /* {"app": "dbt", "dbt_version": "1.12.4", "profile_name": "cryptopulse", "target_name": "dev", "node_id": "model.cryptopulse.mart_market_hourly"} */
alter table "cryptopulse"."analytics_analytics"."mart_market_hourly__dbt_tmp" rename to "mart_market_hourly"
[0m02:17:36.119950 [debug] [Thread-3 (]: SQL status: ALTER TABLE in 0.001 seconds
[0m02:17:36.122985 [debug] [Thread-3 (]: On model.cryptopulse.mart_market_hourly: COMMIT
[0m02:17:36.124469 [debug] [Thread-3 (]: Using postgres connection "model.cryptopulse.mart_market_hourly"
[0m02:17:36.126077 [debug] [Thread-3 (]: On model.cryptopulse.mart_market_hourly: COMMIT
[0m02:17:36.131061 [debug] [Thread-3 (]: SQL status: COMMIT in 0.003 seconds
[0m02:17:36.134833 [debug] [Thread-3 (]: Applying DROP to: "cryptopulse"."analytics_analytics"."mart_market_hourly__dbt_backup"
[0m02:17:36.136888 [debug] [Thread-3 (]: Using postgres connection "model.cryptopulse.mart_market_hourly"
[0m02:17:36.138181 [debug] [Thread-3 (]: On model.cryptopulse.mart_market_hourly: /* {"app": "dbt", "dbt_version": "1.12.4", "profile_name": "cryptopulse", "target_name": "dev", "node_id": "model.cryptopulse.mart_market_hourly"} */
drop table if exists "cryptopulse"."analytics_analytics"."mart_market_hourly__dbt_backup" cascade
[0m02:17:36.145265 [debug] [Thread-3 (]: SQL status: DROP TABLE in 0.006 seconds
[0m02:17:36.148914 [debug] [Thread-3 (]: On model.cryptopulse.mart_market_hourly: Close
[0m02:17:36.150747 [debug] [Thread-3 (]: Sending event: {'category': 'dbt', 'action': 'run_model', 'label': '47354a37-1bc5-4e60-9d26-e41949e24333', 'context': [<snowplow_tracker.self_describing_json.SelfDescribingJson object at 0x7f25217d3d50>]}
[0m02:17:36.152477 [info ] [Thread-3 (]: 34 of 35 OK created sql table model analytics_analytics.mart_market_hourly ..... [[32mSELECT 1[0m in 0.13s]
[0m02:17:36.154750 [debug] [Thread-3 (]: Finished running node model.cryptopulse.mart_market_hourly
[0m02:17:36.156742 [debug] [Thread-2 (]: Began running node test.cryptopulse.not_null_mart_market_hourly_hour_start.4334a1b23c
[0m02:17:36.158017 [info ] [Thread-2 (]: 35 of 35 START test not_null_mart_market_hourly_hour_start ..................... [RUN]
[0m02:17:36.159785 [debug] [Thread-2 (]: Re-using an available connection from the pool (formerly test.cryptopulse.relationships_fact_market_bar_provider_key__provider_key__ref_dim_provider_.e51f36ecb4, now test.cryptopulse.not_null_mart_market_hourly_hour_start.4334a1b23c)
[0m02:17:36.160883 [debug] [Thread-2 (]: Began compiling node test.cryptopulse.not_null_mart_market_hourly_hour_start.4334a1b23c
[0m02:17:36.170930 [debug] [Thread-2 (]: Writing injected SQL for node "test.cryptopulse.not_null_mart_market_hourly_hour_start.4334a1b23c"
[0m02:17:36.179829 [debug] [Thread-2 (]: Began executing node test.cryptopulse.not_null_mart_market_hourly_hour_start.4334a1b23c
[0m02:17:36.191384 [debug] [Thread-2 (]: Writing runtime sql for node "test.cryptopulse.not_null_mart_market_hourly_hour_start.4334a1b23c"
[0m02:17:36.202987 [debug] [Thread-2 (]: Using postgres connection "test.cryptopulse.not_null_mart_market_hourly_hour_start.4334a1b23c"
[0m02:17:36.215784 [debug] [Thread-2 (]: On test.cryptopulse.not_null_mart_market_hourly_hour_start.4334a1b23c: /* {"app": "dbt", "dbt_version": "1.12.4", "profile_name": "cryptopulse", "target_name": "dev", "node_id": "test.cryptopulse.not_null_mart_market_hourly_hour_start.4334a1b23c"} */

    
    select
      count(*) as failures,
      count(*) != 0 as should_warn,
      count(*) != 0 as should_error
    from (
      
    
  
    
    



select hour_start
from "cryptopulse"."analytics_analytics"."mart_market_hourly"
where hour_start is null



  
  
      
    ) dbt_internal_test
[0m02:17:36.219532 [debug] [Thread-2 (]: Opening a new connection, currently in state closed
[0m02:17:36.233764 [debug] [Thread-2 (]: SQL status: SELECT 1 in 0.014 seconds
[0m02:17:36.237734 [debug] [Thread-2 (]: On test.cryptopulse.not_null_mart_market_hourly_hour_start.4334a1b23c: ROLLBACK
[0m02:17:36.239623 [debug] [Thread-2 (]: On test.cryptopulse.not_null_mart_market_hourly_hour_start.4334a1b23c: Close
[0m02:17:36.241451 [info ] [Thread-2 (]: 35 of 35 PASS not_null_mart_market_hourly_hour_start ........................... [[32mPASS[0m in 0.08s]
[0m02:17:36.243405 [debug] [Thread-2 (]: Finished running node test.cryptopulse.not_null_mart_market_hourly_hour_start.4334a1b23c
[0m02:17:36.247510 [debug] [MainThread]: On master: COMMIT
[0m02:17:36.251825 [debug] [MainThread]: Using postgres connection "master"
[0m02:17:36.253569 [debug] [MainThread]: On master: COMMIT
[0m02:17:36.254832 [debug] [MainThread]: Opening a new connection, currently in state closed
[0m02:17:36.264799 [debug] [MainThread]: SQL status: COMMIT in 0.010 seconds
[0m02:17:36.266496 [debug] [MainThread]: On master: Close
[0m02:17:36.267822 [debug] [MainThread]: Connection 'master' was properly closed.
[0m02:17:36.269034 [debug] [MainThread]: Connection 'model.cryptopulse.mart_market_hourly' was properly closed.
[0m02:17:36.270118 [debug] [MainThread]: Connection 'test.cryptopulse.unique_fact_market_bar_market_bar_key.b88512ab4b' was properly closed.
[0m02:17:36.271199 [debug] [MainThread]: Connection 'test.cryptopulse.not_null_mart_market_hourly_hour_start.4334a1b23c' was properly closed.
[0m02:17:36.272154 [debug] [MainThread]: Connection 'test.cryptopulse.relationships_fact_market_bar_asset_key__asset_key__ref_dim_asset_.5b491ea399' was properly closed.
[0m02:17:36.274252 [info ] [MainThread]: 
[0m02:17:36.275405 [info ] [MainThread]: Finished running 6 table models, 27 data tests, 2 view models in 0 hours 0 minutes and 3.24 seconds (3.24s).
[0m02:17:36.280193 [debug] [MainThread]: Command end result
[0m02:17:36.368169 [debug] [MainThread]: Wrote artifact WritableManifest to dbt/target/manifest.json
[0m02:17:36.383574 [debug] [MainThread]: Wrote artifact SemanticManifest to dbt/target/semantic_manifest.json
[0m02:17:36.396075 [debug] [MainThread]: Wrote artifact OsiDocument to dbt/target/osi_document.json
[0m02:17:36.425163 [debug] [MainThread]: Wrote artifact RunExecutionResult to dbt/target/run_results.json
[0m02:17:36.431163 [info ] [MainThread]: 
[0m02:17:36.433421 [info ] [MainThread]: [31mCompleted with 1 error, 0 partial successes, and 0 warnings:[0m
[0m02:17:36.435093 [info ] [MainThread]: 
[0m02:17:36.437024 [error] [MainThread]: [[31mERROR[0m]: in test unique_dim_date_date_key (models/marts/schema.yml)
[0m02:17:36.439793 [error] [MainThread]:   Got 7 results, configured to fail if != 0
[0m02:17:36.442957 [info ] [MainThread]: 
[0m02:17:36.444425 [info ] [MainThread]:   compiled code at target/compiled/cryptopulse/models/marts/schema.yml/unique_dim_date_date_key.sql
[0m02:17:36.445729 [info ] [MainThread]: 
[0m02:17:36.447360 [info ] [MainThread]: Done. PASS=34 WARN=0 ERROR=1 SKIP=0 NO-OP=0 REUSED=0 TOTAL=35
[0m02:17:36.459290 [debug] [MainThread]: Resource report: {"command_name": "build", "command_success": false, "command_wall_clock_time": 6.312938, "process_in_blocks": "103088", "process_kernel_time": 0.973832, "process_mem_max_rss": "147276", "process_out_blocks": "2344", "process_user_time": 4.930027}
[0m02:17:36.460916 [debug] [MainThread]: Command `dbt build` failed at 02:17:36.460782 after 6.31 seconds
[0m02:17:36.461871 [debug] [MainThread]: Sending event: {'category': 'dbt', 'action': 'invocation', 'label': 'end', 'context': [<snowplow_tracker.self_describing_json.SelfDescribingJson object at 0x7f2548dcf810>, <snowplow_tracker.self_describing_json.SelfDescribingJson object at 0x7f2548dcfb10>, <snowplow_tracker.self_describing_json.SelfDescribingJson object at 0x7f2548eba510>]}
[0m02:17:36.462707 [debug] [MainThread]: Flushing usage events
[0m02:17:36.972802 [debug] [MainThread]: An error was encountered while trying to flush usage events
[0m02:18:25.055721 [debug] [MainThread]: Sending event: {'category': 'dbt', 'action': 'invocation', 'label': 'start', 'context': [<snowplow_tracker.self_describing_json.SelfDescribingJson object at 0x7f6a1a359310>, <snowplow_tracker.self_describing_json.SelfDescribingJson object at 0x7f6a1a5acf90>, <snowplow_tracker.self_describing_json.SelfDescribingJson object at 0x7f6a1a54fa10>]}


============================== 02:18:25.066812 | 482f6ac3-f0f4-4e03-b6a0-766a9b8f815b ==============================
[0m02:18:25.066812 [info ] [MainThread]: Running with dbt=1.12.4
[0m02:18:25.069370 [debug] [MainThread]: running dbt with arguments {'profiles_dir': 'dbt', 'use_colors': 'True', 'debug': 'False', 'quiet': 'False', 'cache_selected_only': 'False', 'target_path': 'None', 'invocation_command': 'dbt build --project-dir dbt --profiles-dir dbt', 'empty': 'False', 'log_path': 'dbt/logs', 'fail_fast': 'False', 'printer_width': '80', 'version_check': 'True', 'hints_enabled': 'True', 'log_format': 'default', 'write_json': 'True', 'no_print': 'None', 'indirect_selection': 'eager', 'warn_error_options': 'WarnErrorOptionsV2(error=[], warn=[], silence=[])', 'maximum_seed_size_mib': '1', 'warn_error': 'None', 'partial_parse': 'True', 'static_parser': 'True', 'log_cache_events': 'False', 'send_anonymous_usage_stats': 'True', 'use_experimental_parser': 'False', 'introspect': 'True'}
[0m02:18:25.317358 [debug] [MainThread]: Sending event: {'category': 'dbt', 'action': 'project_id', 'label': '482f6ac3-f0f4-4e03-b6a0-766a9b8f815b', 'context': [<snowplow_tracker.self_describing_json.SelfDescribingJson object at 0x7f6a1a275490>]}
[0m02:18:25.385201 [debug] [MainThread]: Sending event: {'category': 'dbt', 'action': 'adapter_info', 'label': '482f6ac3-f0f4-4e03-b6a0-766a9b8f815b', 'context': [<snowplow_tracker.self_describing_json.SelfDescribingJson object at 0x7f6a1d605d90>]}
[0m02:18:25.389007 [info ] [MainThread]: Registered adapter: postgres=1.11.0
[0m02:18:25.456950 [debug] [MainThread]: checksum: d0ae13726430808d53368a611dcc448868af2e91ec7c8fa7fbc4e3d001aaea19, vars: {}, profile: cryptopulse, target: dev, version: 1.12.4
[0m02:18:25.804625 [debug] [MainThread]: Partial parsing enabled: 0 files deleted, 0 files added, 1 files changed.
[0m02:18:25.806113 [debug] [MainThread]: Partial parsing: updated file: cryptopulse://models/marts/dim_date.sql
[0m02:18:26.536798 [debug] [MainThread]: Sending event: {'category': 'dbt', 'action': 'load_project', 'label': '482f6ac3-f0f4-4e03-b6a0-766a9b8f815b', 'context': [<snowplow_tracker.self_describing_json.SelfDescribingJson object at 0x7f6a18b772d0>]}
[0m02:18:26.671416 [debug] [MainThread]: Wrote artifact WritableManifest to dbt/target/manifest.json
[0m02:18:26.679246 [debug] [MainThread]: Wrote artifact SemanticManifest to dbt/target/semantic_manifest.json
[0m02:18:26.707474 [debug] [MainThread]: Wrote artifact OsiDocument to dbt/target/osi_document.json
[0m02:18:26.751790 [debug] [MainThread]: Sending event: {'category': 'dbt', 'action': 'resource_counts', 'label': '482f6ac3-f0f4-4e03-b6a0-766a9b8f815b', 'context': [<snowplow_tracker.self_describing_json.SelfDescribingJson object at 0x7f6a148bbf10>]}
[0m02:18:26.753028 [info ] [MainThread]: Found 8 models, 27 data tests, 2 sources, 478 macros
[0m02:18:26.757531 [info ] [MainThread]: 
[0m02:18:26.759636 [info ] [MainThread]: Concurrency: 4 threads (target='dev')
[0m02:18:26.760931 [info ] [MainThread]: 
[0m02:18:26.762512 [debug] [MainThread]: Acquiring new postgres connection 'master'
[0m02:18:26.770651 [debug] [ThreadPool]: Acquiring new postgres connection 'list_cryptopulse'
[0m02:18:26.771912 [debug] [ThreadPool]: Acquiring new postgres connection 'list_cryptopulse'
[0m02:18:26.773068 [debug] [ThreadPool]: Acquiring new postgres connection 'list_cryptopulse'
[0m02:18:26.822962 [debug] [ThreadPool]: Using postgres connection "list_cryptopulse"
[0m02:18:26.823388 [debug] [ThreadPool]: Using postgres connection "list_cryptopulse"
[0m02:18:26.823674 [debug] [ThreadPool]: Using postgres connection "list_cryptopulse"
[0m02:18:26.824506 [debug] [ThreadPool]: On list_cryptopulse: /* {"app": "dbt", "dbt_version": "1.12.4", "profile_name": "cryptopulse", "target_name": "dev", "connection_name": "list_cryptopulse"} */

    select distinct nspname from pg_namespace
  
[0m02:18:26.825489 [debug] [ThreadPool]: On list_cryptopulse: /* {"app": "dbt", "dbt_version": "1.12.4", "profile_name": "cryptopulse", "target_name": "dev", "connection_name": "list_cryptopulse"} */

    select distinct nspname from pg_namespace
  
[0m02:18:26.826386 [debug] [ThreadPool]: On list_cryptopulse: /* {"app": "dbt", "dbt_version": "1.12.4", "profile_name": "cryptopulse", "target_name": "dev", "connection_name": "list_cryptopulse"} */

    select distinct nspname from pg_namespace
  
[0m02:18:26.827324 [debug] [ThreadPool]: Opening a new connection, currently in state init
[0m02:18:26.828028 [debug] [ThreadPool]: Opening a new connection, currently in state init
[0m02:18:26.828752 [debug] [ThreadPool]: Opening a new connection, currently in state init
[0m02:18:26.860358 [debug] [ThreadPool]: SQL status: SELECT 8 in 0.033 seconds
[0m02:18:26.860791 [debug] [ThreadPool]: SQL status: SELECT 8 in 0.032 seconds
[0m02:18:26.861091 [debug] [ThreadPool]: SQL status: SELECT 8 in 0.033 seconds
[0m02:18:26.862616 [debug] [ThreadPool]: On list_cryptopulse: Close
[0m02:18:26.864108 [debug] [ThreadPool]: On list_cryptopulse: Close
[0m02:18:26.866289 [debug] [ThreadPool]: On list_cryptopulse: Close
[0m02:18:26.872842 [debug] [ThreadPool]: Re-using an available connection from the pool (formerly list_cryptopulse, now list_cryptopulse_analytics_staging)
[0m02:18:26.873562 [debug] [ThreadPool]: Re-using an available connection from the pool (formerly list_cryptopulse, now list_cryptopulse_analytics_intermediate)
[0m02:18:26.874153 [debug] [ThreadPool]: Re-using an available connection from the pool (formerly list_cryptopulse, now list_cryptopulse_analytics_analytics)
[0m02:18:26.878859 [debug] [ThreadPool]: Using postgres connection "list_cryptopulse_analytics_staging"
[0m02:18:26.883709 [debug] [ThreadPool]: On list_cryptopulse_analytics_staging: /* {"app": "dbt", "dbt_version": "1.12.4", "profile_name": "cryptopulse", "target_name": "dev", "connection_name": "list_cryptopulse_analytics_staging"} */
select
      'cryptopulse' as database,
      tablename as name,
      schemaname as schema,
      'table' as type
    from pg_tables
    where schemaname ilike 'analytics_staging'
    union all
    select
      'cryptopulse' as database,
      viewname as name,
      schemaname as schema,
      'view' as type
    from pg_views
    where schemaname ilike 'analytics_staging'
    union all
    select
      'cryptopulse' as database,
      matviewname as name,
      schemaname as schema,
      'materialized_view' as type
    from pg_matviews
    where schemaname ilike 'analytics_staging'
    union all
    select distinct
     'cryptopulse' as database,
     proname as name,
     ns.nspname as schema,
     'function' as type
    from pg_proc
     join pg_namespace as ns on pronamespace = ns.oid
    where ns.nspname ilike 'analytics_staging'
  
[0m02:18:26.882409 [debug] [ThreadPool]: Using postgres connection "list_cryptopulse_analytics_analytics"
[0m02:18:26.880895 [debug] [ThreadPool]: Using postgres connection "list_cryptopulse_analytics_intermediate"
[0m02:18:26.884426 [debug] [ThreadPool]: Opening a new connection, currently in state closed
[0m02:18:26.885125 [debug] [ThreadPool]: On list_cryptopulse_analytics_analytics: /* {"app": "dbt", "dbt_version": "1.12.4", "profile_name": "cryptopulse", "target_name": "dev", "connection_name": "list_cryptopulse_analytics_analytics"} */
select
      'cryptopulse' as database,
      tablename as name,
      schemaname as schema,
      'table' as type
    from pg_tables
    where schemaname ilike 'analytics_analytics'
    union all
    select
      'cryptopulse' as database,
      viewname as name,
      schemaname as schema,
      'view' as type
    from pg_views
    where schemaname ilike 'analytics_analytics'
    union all
    select
      'cryptopulse' as database,
      matviewname as name,
      schemaname as schema,
      'materialized_view' as type
    from pg_matviews
    where schemaname ilike 'analytics_analytics'
    union all
    select distinct
     'cryptopulse' as database,
     proname as name,
     ns.nspname as schema,
     'function' as type
    from pg_proc
     join pg_namespace as ns on pronamespace = ns.oid
    where ns.nspname ilike 'analytics_analytics'
  
[0m02:18:26.885860 [debug] [ThreadPool]: On list_cryptopulse_analytics_intermediate: /* {"app": "dbt", "dbt_version": "1.12.4", "profile_name": "cryptopulse", "target_name": "dev", "connection_name": "list_cryptopulse_analytics_intermediate"} */
select
      'cryptopulse' as database,
      tablename as name,
      schemaname as schema,
      'table' as type
    from pg_tables
    where schemaname ilike 'analytics_intermediate'
    union all
    select
      'cryptopulse' as database,
      viewname as name,
      schemaname as schema,
      'view' as type
    from pg_views
    where schemaname ilike 'analytics_intermediate'
    union all
    select
      'cryptopulse' as database,
      matviewname as name,
      schemaname as schema,
      'materialized_view' as type
    from pg_matviews
    where schemaname ilike 'analytics_intermediate'
    union all
    select distinct
     'cryptopulse' as database,
     proname as name,
     ns.nspname as schema,
     'function' as type
    from pg_proc
     join pg_namespace as ns on pronamespace = ns.oid
    where ns.nspname ilike 'analytics_intermediate'
  
[0m02:18:26.887329 [debug] [ThreadPool]: Opening a new connection, currently in state closed
[0m02:18:26.888429 [debug] [ThreadPool]: Opening a new connection, currently in state closed
[0m02:18:26.926454 [debug] [ThreadPool]: SQL status: SELECT 1 in 0.042 seconds
[0m02:18:26.935512 [debug] [ThreadPool]: SQL status: SELECT 6 in 0.048 seconds
[0m02:18:26.936946 [debug] [ThreadPool]: On list_cryptopulse_analytics_staging: ROLLBACK
[0m02:18:26.938861 [debug] [ThreadPool]: On list_cryptopulse_analytics_analytics: ROLLBACK
[0m02:18:26.939485 [debug] [ThreadPool]: SQL status: SELECT 1 in 0.051 seconds
[0m02:18:26.940465 [debug] [ThreadPool]: On list_cryptopulse_analytics_staging: Close
[0m02:18:26.941524 [debug] [ThreadPool]: On list_cryptopulse_analytics_analytics: Close
[0m02:18:26.943433 [debug] [ThreadPool]: On list_cryptopulse_analytics_intermediate: ROLLBACK
[0m02:18:26.947721 [debug] [ThreadPool]: On list_cryptopulse_analytics_intermediate: Close
[0m02:18:26.952722 [debug] [MainThread]: Using postgres connection "master"
[0m02:18:26.953413 [debug] [MainThread]: On master: /* {"app": "dbt", "dbt_version": "1.12.4", "profile_name": "cryptopulse", "target_name": "dev", "connection_name": "master"} */
select distinct
        dependent_namespace.nspname as dependent_schema,
        dependent_class.relname as dependent_name,
        referenced_namespace.nspname as referenced_schema,
        referenced_class.relname as referenced_name

    -- Query for views: views are entries in pg_class with an entry in pg_rewrite, but we avoid
    -- a seq scan on pg_rewrite by leveraging the fact there is an "internal" row in pg_depend for
    -- the view...
    from pg_class as dependent_class
    join pg_namespace as dependent_namespace on dependent_namespace.oid = dependent_class.relnamespace
    join pg_depend as dependent_depend on dependent_depend.refobjid = dependent_class.oid
        and dependent_depend.classid = 'pg_rewrite'::regclass
        and dependent_depend.refclassid = 'pg_class'::regclass
        and dependent_depend.deptype = 'i'

    -- ... and via pg_depend (that has a row per column, hence the need for "distinct" above, and
    -- making sure to exclude the internal row to avoid a view appearing to depend on itself)...
    join pg_depend as joining_depend on joining_depend.objid = dependent_depend.objid
        and joining_depend.classid = 'pg_rewrite'::regclass
        and joining_depend.refclassid = 'pg_class'::regclass
        and joining_depend.refobjid != dependent_depend.refobjid

    -- ... we can find the tables they query from in pg_class, but excluding system tables. Note we
    -- don't need need to exclude _dependent_ system tables, because they only query from other
    -- system tables, and so are automatically excluded by excluding _referenced_ system tables
    join pg_class as referenced_class on referenced_class.oid = joining_depend.refobjid
    join pg_namespace as referenced_namespace on referenced_namespace.oid = referenced_class.relnamespace
        and referenced_namespace.nspname != 'information_schema'
        and referenced_namespace.nspname not like 'pg\_%'

    order by
        dependent_schema, dependent_name, referenced_schema, referenced_name;
[0m02:18:26.954179 [debug] [MainThread]: Opening a new connection, currently in state init
[0m02:18:26.964387 [debug] [MainThread]: SQL status: SELECT 2 in 0.010 seconds
[0m02:18:26.966507 [debug] [MainThread]: Sending event: {'category': 'dbt', 'action': 'runnable_timing', 'label': '482f6ac3-f0f4-4e03-b6a0-766a9b8f815b', 'context': [<snowplow_tracker.self_describing_json.SelfDescribingJson object at 0x7f6a1446aa90>]}
[0m02:18:26.967461 [debug] [MainThread]: On master: ROLLBACK
[0m02:18:26.968284 [debug] [MainThread]: On master: COMMIT
[0m02:18:26.969006 [debug] [MainThread]: Using postgres connection "master"
[0m02:18:26.969677 [debug] [MainThread]: On master: COMMIT
[0m02:18:26.970580 [debug] [MainThread]: SQL status: COMMIT in 0.000 seconds
[0m02:18:26.971319 [debug] [MainThread]: On master: Close
[0m02:18:26.977371 [debug] [Thread-1 (]: Began running node test.cryptopulse.source_accepted_values_raw_market_bars_interval__1_minute__5_minutes__15_minutes__1_hour.c593af3e17
[0m02:18:26.977732 [debug] [Thread-2 (]: Began running node test.cryptopulse.source_accepted_values_raw_reconciliation_results_status__pass__fail.aa61e17b93
[0m02:18:26.978052 [debug] [Thread-3 (]: Began running node test.cryptopulse.source_not_null_raw_market_bars_bar_start.94c088dadc
[0m02:18:26.978346 [debug] [Thread-4 (]: Began running node test.cryptopulse.source_not_null_raw_market_bars_interval.d6fc8f0666
[0m02:18:26.978837 [info ] [Thread-1 (]: 1 of 35 START test source_accepted_values_raw_market_bars_interval__1_minute__5_minutes__15_minutes__1_hour  [RUN]
[0m02:18:26.979682 [info ] [Thread-2 (]: 2 of 35 START test source_accepted_values_raw_reconciliation_results_status__pass__fail  [RUN]
[0m02:18:26.980791 [info ] [Thread-3 (]: 3 of 35 START test source_not_null_raw_market_bars_bar_start ................... [RUN]
[0m02:18:26.982622 [info ] [Thread-4 (]: 4 of 35 START test source_not_null_raw_market_bars_interval .................... [RUN]
[0m02:18:26.984516 [debug] [Thread-1 (]: Re-using an available connection from the pool (formerly list_cryptopulse_analytics_intermediate, now test.cryptopulse.source_accepted_values_raw_market_bars_interval__1_minute__5_minutes__15_minutes__1_hour.c593af3e17)
[0m02:18:26.985551 [debug] [Thread-2 (]: Re-using an available connection from the pool (formerly list_cryptopulse_analytics_analytics, now test.cryptopulse.source_accepted_values_raw_reconciliation_results_status__pass__fail.aa61e17b93)
[0m02:18:26.986429 [debug] [Thread-3 (]: Re-using an available connection from the pool (formerly list_cryptopulse_analytics_staging, now test.cryptopulse.source_not_null_raw_market_bars_bar_start.94c088dadc)
[0m02:18:26.987332 [debug] [Thread-4 (]: Acquiring new postgres connection 'test.cryptopulse.source_not_null_raw_market_bars_interval.d6fc8f0666'
[0m02:18:26.988152 [debug] [Thread-1 (]: Began compiling node test.cryptopulse.source_accepted_values_raw_market_bars_interval__1_minute__5_minutes__15_minutes__1_hour.c593af3e17
[0m02:18:26.988815 [debug] [Thread-2 (]: Began compiling node test.cryptopulse.source_accepted_values_raw_reconciliation_results_status__pass__fail.aa61e17b93
[0m02:18:26.989471 [debug] [Thread-3 (]: Began compiling node test.cryptopulse.source_not_null_raw_market_bars_bar_start.94c088dadc
[0m02:18:26.990256 [debug] [Thread-4 (]: Began compiling node test.cryptopulse.source_not_null_raw_market_bars_interval.d6fc8f0666
[0m02:18:27.034228 [debug] [Thread-1 (]: Writing injected SQL for node "test.cryptopulse.source_accepted_values_raw_market_bars_interval__1_minute__5_minutes__15_minutes__1_hour.c593af3e17"
[0m02:18:27.038848 [debug] [Thread-2 (]: Writing injected SQL for node "test.cryptopulse.source_accepted_values_raw_reconciliation_results_status__pass__fail.aa61e17b93"
[0m02:18:27.049077 [debug] [Thread-3 (]: Writing injected SQL for node "test.cryptopulse.source_not_null_raw_market_bars_bar_start.94c088dadc"
[0m02:18:27.055886 [debug] [Thread-4 (]: Writing injected SQL for node "test.cryptopulse.source_not_null_raw_market_bars_interval.d6fc8f0666"
[0m02:18:27.061399 [debug] [Thread-1 (]: Began executing node test.cryptopulse.source_accepted_values_raw_market_bars_interval__1_minute__5_minutes__15_minutes__1_hour.c593af3e17
[0m02:18:27.061982 [debug] [Thread-3 (]: Began executing node test.cryptopulse.source_not_null_raw_market_bars_bar_start.94c088dadc
[0m02:18:27.068541 [debug] [Thread-2 (]: Began executing node test.cryptopulse.source_accepted_values_raw_reconciliation_results_status__pass__fail.aa61e17b93
[0m02:18:27.085358 [debug] [Thread-1 (]: Writing runtime sql for node "test.cryptopulse.source_accepted_values_raw_market_bars_interval__1_minute__5_minutes__15_minutes__1_hour.c593af3e17"
[0m02:18:27.088256 [debug] [Thread-3 (]: Writing runtime sql for node "test.cryptopulse.source_not_null_raw_market_bars_bar_start.94c088dadc"
[0m02:18:27.088754 [debug] [Thread-4 (]: Began executing node test.cryptopulse.source_not_null_raw_market_bars_interval.d6fc8f0666
[0m02:18:27.090378 [debug] [Thread-2 (]: Writing runtime sql for node "test.cryptopulse.source_accepted_values_raw_reconciliation_results_status__pass__fail.aa61e17b93"
[0m02:18:27.093610 [debug] [Thread-4 (]: Writing runtime sql for node "test.cryptopulse.source_not_null_raw_market_bars_interval.d6fc8f0666"
[0m02:18:27.100191 [debug] [Thread-3 (]: Using postgres connection "test.cryptopulse.source_not_null_raw_market_bars_bar_start.94c088dadc"
[0m02:18:27.101374 [debug] [Thread-1 (]: Using postgres connection "test.cryptopulse.source_accepted_values_raw_market_bars_interval__1_minute__5_minutes__15_minutes__1_hour.c593af3e17"
[0m02:18:27.101820 [debug] [Thread-4 (]: Using postgres connection "test.cryptopulse.source_not_null_raw_market_bars_interval.d6fc8f0666"
[0m02:18:27.102191 [debug] [Thread-3 (]: On test.cryptopulse.source_not_null_raw_market_bars_bar_start.94c088dadc: /* {"app": "dbt", "dbt_version": "1.12.4", "profile_name": "cryptopulse", "target_name": "dev", "node_id": "test.cryptopulse.source_not_null_raw_market_bars_bar_start.94c088dadc"} */

    
    select
      count(*) as failures,
      count(*) != 0 as should_warn,
      count(*) != 0 as should_error
    from (
      
    
  
    
    



select bar_start
from "cryptopulse"."raw"."market_bars"
where bar_start is null



  
  
      
    ) dbt_internal_test
[0m02:18:27.103146 [debug] [Thread-2 (]: Using postgres connection "test.cryptopulse.source_accepted_values_raw_reconciliation_results_status__pass__fail.aa61e17b93"
[0m02:18:27.103820 [debug] [Thread-1 (]: On test.cryptopulse.source_accepted_values_raw_market_bars_interval__1_minute__5_minutes__15_minutes__1_hour.c593af3e17: /* {"app": "dbt", "dbt_version": "1.12.4", "profile_name": "cryptopulse", "target_name": "dev", "node_id": "test.cryptopulse.source_accepted_values_raw_market_bars_interval__1_minute__5_minutes__15_minutes__1_hour.c593af3e17"} */

    
    select
      count(*) as failures,
      count(*) != 0 as should_warn,
      count(*) != 0 as should_error
    from (
      
    
  
    
    

with all_values as (

    select
        interval as value_field,
        count(*) as n_records

    from "cryptopulse"."raw"."market_bars"
    group by interval

)

select *
from all_values
where value_field not in (
    '1 minute','5 minutes','15 minutes','1 hour'
)



  
  
      
    ) dbt_internal_test
[0m02:18:27.105108 [debug] [Thread-4 (]: On test.cryptopulse.source_not_null_raw_market_bars_interval.d6fc8f0666: /* {"app": "dbt", "dbt_version": "1.12.4", "profile_name": "cryptopulse", "target_name": "dev", "node_id": "test.cryptopulse.source_not_null_raw_market_bars_interval.d6fc8f0666"} */

    
    select
      count(*) as failures,
      count(*) != 0 as should_warn,
      count(*) != 0 as should_error
    from (
      
    
  
    
    



select interval
from "cryptopulse"."raw"."market_bars"
where interval is null



  
  
      
    ) dbt_internal_test
[0m02:18:27.105920 [debug] [Thread-3 (]: Opening a new connection, currently in state closed
[0m02:18:27.106692 [debug] [Thread-2 (]: On test.cryptopulse.source_accepted_values_raw_reconciliation_results_status__pass__fail.aa61e17b93: /* {"app": "dbt", "dbt_version": "1.12.4", "profile_name": "cryptopulse", "target_name": "dev", "node_id": "test.cryptopulse.source_accepted_values_raw_reconciliation_results_status__pass__fail.aa61e17b93"} */

    
    select
      count(*) as failures,
      count(*) != 0 as should_warn,
      count(*) != 0 as should_error
    from (
      
    
  
    
    

with all_values as (

    select
        status as value_field,
        count(*) as n_records

    from "cryptopulse"."raw"."reconciliation_results"
    group by status

)

select *
from all_values
where value_field not in (
    'pass','fail'
)



  
  
      
    ) dbt_internal_test
[0m02:18:27.107409 [debug] [Thread-1 (]: Opening a new connection, currently in state closed
[0m02:18:27.108084 [debug] [Thread-4 (]: Opening a new connection, currently in state init
[0m02:18:27.109470 [debug] [Thread-2 (]: Opening a new connection, currently in state closed
[0m02:18:27.122795 [debug] [Thread-3 (]: SQL status: SELECT 1 in 0.017 seconds
[0m02:18:27.123414 [debug] [Thread-2 (]: SQL status: SELECT 1 in 0.014 seconds
[0m02:18:27.123728 [debug] [Thread-4 (]: SQL status: SELECT 1 in 0.016 seconds
[0m02:18:27.128417 [debug] [Thread-3 (]: On test.cryptopulse.source_not_null_raw_market_bars_bar_start.94c088dadc: ROLLBACK
[0m02:18:27.128773 [debug] [Thread-1 (]: SQL status: SELECT 1 in 0.021 seconds
[0m02:18:27.130167 [debug] [Thread-2 (]: On test.cryptopulse.source_accepted_values_raw_reconciliation_results_status__pass__fail.aa61e17b93: ROLLBACK
[0m02:18:27.131722 [debug] [Thread-4 (]: On test.cryptopulse.source_not_null_raw_market_bars_interval.d6fc8f0666: ROLLBACK
[0m02:18:27.132686 [debug] [Thread-3 (]: On test.cryptopulse.source_not_null_raw_market_bars_bar_start.94c088dadc: Close
[0m02:18:27.133914 [debug] [Thread-1 (]: On test.cryptopulse.source_accepted_values_raw_market_bars_interval__1_minute__5_minutes__15_minutes__1_hour.c593af3e17: ROLLBACK
[0m02:18:27.134835 [debug] [Thread-2 (]: On test.cryptopulse.source_accepted_values_raw_reconciliation_results_status__pass__fail.aa61e17b93: Close
[0m02:18:27.135591 [debug] [Thread-4 (]: On test.cryptopulse.source_not_null_raw_market_bars_interval.d6fc8f0666: Close
[0m02:18:27.136371 [info ] [Thread-3 (]: 3 of 35 PASS source_not_null_raw_market_bars_bar_start ......................... [[32mPASS[0m in 0.15s]
[0m02:18:27.137921 [info ] [Thread-2 (]: 2 of 35 PASS source_accepted_values_raw_reconciliation_results_status__pass__fail  [[32mPASS[0m in 0.15s]
[0m02:18:27.138282 [debug] [Thread-1 (]: On test.cryptopulse.source_accepted_values_raw_market_bars_interval__1_minute__5_minutes__15_minutes__1_hour.c593af3e17: Close
[0m02:18:27.139877 [info ] [Thread-4 (]: 4 of 35 PASS source_not_null_raw_market_bars_interval .......................... [[32mPASS[0m in 0.15s]
[0m02:18:27.141693 [debug] [Thread-3 (]: Finished running node test.cryptopulse.source_not_null_raw_market_bars_bar_start.94c088dadc
[0m02:18:27.142653 [debug] [Thread-2 (]: Finished running node test.cryptopulse.source_accepted_values_raw_reconciliation_results_status__pass__fail.aa61e17b93
[0m02:18:27.143892 [info ] [Thread-1 (]: 1 of 35 PASS source_accepted_values_raw_market_bars_interval__1_minute__5_minutes__15_minutes__1_hour  [[32mPASS[0m in 0.16s]
[0m02:18:27.145437 [debug] [Thread-4 (]: Finished running node test.cryptopulse.source_not_null_raw_market_bars_interval.d6fc8f0666
[0m02:18:27.146802 [debug] [Thread-3 (]: Began running node test.cryptopulse.source_not_null_raw_market_bars_provider.d07d64066e
[0m02:18:27.147526 [debug] [Thread-2 (]: Began running node test.cryptopulse.source_not_null_raw_market_bars_symbol.8105414bc0
[0m02:18:27.148507 [debug] [Thread-1 (]: Finished running node test.cryptopulse.source_accepted_values_raw_market_bars_interval__1_minute__5_minutes__15_minutes__1_hour.c593af3e17
[0m02:18:27.149288 [debug] [Thread-4 (]: Began running node test.cryptopulse.source_not_null_raw_reconciliation_results_reconciliation_id.7ba5be6021
[0m02:18:27.150030 [info ] [Thread-3 (]: 5 of 35 START test source_not_null_raw_market_bars_provider .................... [RUN]
[0m02:18:27.150770 [info ] [Thread-2 (]: 6 of 35 START test source_not_null_raw_market_bars_symbol ...................... [RUN]
[0m02:18:27.151708 [debug] [Thread-1 (]: Began running node test.cryptopulse.source_not_null_raw_reconciliation_results_run_id.29d53b199f
[0m02:18:27.152675 [info ] [Thread-4 (]: 7 of 35 START test source_not_null_raw_reconciliation_results_reconciliation_id  [RUN]
[0m02:18:27.153506 [debug] [Thread-3 (]: Re-using an available connection from the pool (formerly test.cryptopulse.source_not_null_raw_market_bars_bar_start.94c088dadc, now test.cryptopulse.source_not_null_raw_market_bars_provider.d07d64066e)
[0m02:18:27.154250 [debug] [Thread-2 (]: Re-using an available connection from the pool (formerly test.cryptopulse.source_accepted_values_raw_reconciliation_results_status__pass__fail.aa61e17b93, now test.cryptopulse.source_not_null_raw_market_bars_symbol.8105414bc0)
[0m02:18:27.154915 [info ] [Thread-1 (]: 8 of 35 START test source_not_null_raw_reconciliation_results_run_id ........... [RUN]
[0m02:18:27.155803 [debug] [Thread-4 (]: Re-using an available connection from the pool (formerly test.cryptopulse.source_not_null_raw_market_bars_interval.d6fc8f0666, now test.cryptopulse.source_not_null_raw_reconciliation_results_reconciliation_id.7ba5be6021)
[0m02:18:27.156552 [debug] [Thread-3 (]: Began compiling node test.cryptopulse.source_not_null_raw_market_bars_provider.d07d64066e
[0m02:18:27.157175 [debug] [Thread-2 (]: Began compiling node test.cryptopulse.source_not_null_raw_market_bars_symbol.8105414bc0
[0m02:18:27.157936 [debug] [Thread-1 (]: Re-using an available connection from the pool (formerly test.cryptopulse.source_accepted_values_raw_market_bars_interval__1_minute__5_minutes__15_minutes__1_hour.c593af3e17, now test.cryptopulse.source_not_null_raw_reconciliation_results_run_id.29d53b199f)
[0m02:18:27.158526 [debug] [Thread-4 (]: Began compiling node test.cryptopulse.source_not_null_raw_reconciliation_results_reconciliation_id.7ba5be6021
[0m02:18:27.165383 [debug] [Thread-3 (]: Writing injected SQL for node "test.cryptopulse.source_not_null_raw_market_bars_provider.d07d64066e"
[0m02:18:27.171604 [debug] [Thread-2 (]: Writing injected SQL for node "test.cryptopulse.source_not_null_raw_market_bars_symbol.8105414bc0"
[0m02:18:27.172539 [debug] [Thread-1 (]: Began compiling node test.cryptopulse.source_not_null_raw_reconciliation_results_run_id.29d53b199f
[0m02:18:27.178468 [debug] [Thread-4 (]: Writing injected SQL for node "test.cryptopulse.source_not_null_raw_reconciliation_results_reconciliation_id.7ba5be6021"
[0m02:18:27.186387 [debug] [Thread-1 (]: Writing injected SQL for node "test.cryptopulse.source_not_null_raw_reconciliation_results_run_id.29d53b199f"
[0m02:18:27.190580 [debug] [Thread-3 (]: Began executing node test.cryptopulse.source_not_null_raw_market_bars_provider.d07d64066e
[0m02:18:27.192721 [debug] [Thread-3 (]: Writing runtime sql for node "test.cryptopulse.source_not_null_raw_market_bars_provider.d07d64066e"
[0m02:18:27.193182 [debug] [Thread-2 (]: Began executing node test.cryptopulse.source_not_null_raw_market_bars_symbol.8105414bc0
[0m02:18:27.194756 [debug] [Thread-4 (]: Began executing node test.cryptopulse.source_not_null_raw_reconciliation_results_reconciliation_id.7ba5be6021
[0m02:18:27.199054 [debug] [Thread-2 (]: Writing runtime sql for node "test.cryptopulse.source_not_null_raw_market_bars_symbol.8105414bc0"
[0m02:18:27.199558 [debug] [Thread-1 (]: Began executing node test.cryptopulse.source_not_null_raw_reconciliation_results_run_id.29d53b199f
[0m02:18:27.201723 [debug] [Thread-4 (]: Writing runtime sql for node "test.cryptopulse.source_not_null_raw_reconciliation_results_reconciliation_id.7ba5be6021"
[0m02:18:27.203398 [debug] [Thread-3 (]: Using postgres connection "test.cryptopulse.source_not_null_raw_market_bars_provider.d07d64066e"
[0m02:18:27.205741 [debug] [Thread-1 (]: Writing runtime sql for node "test.cryptopulse.source_not_null_raw_reconciliation_results_run_id.29d53b199f"
[0m02:18:27.207084 [debug] [Thread-3 (]: On test.cryptopulse.source_not_null_raw_market_bars_provider.d07d64066e: /* {"app": "dbt", "dbt_version": "1.12.4", "profile_name": "cryptopulse", "target_name": "dev", "node_id": "test.cryptopulse.source_not_null_raw_market_bars_provider.d07d64066e"} */

    
    select
      count(*) as failures,
      count(*) != 0 as should_warn,
      count(*) != 0 as should_error
    from (
      
    
  
    
    



select provider
from "cryptopulse"."raw"."market_bars"
where provider is null



  
  
      
    ) dbt_internal_test
[0m02:18:27.208532 [debug] [Thread-3 (]: Opening a new connection, currently in state closed
[0m02:18:27.210752 [debug] [Thread-4 (]: Using postgres connection "test.cryptopulse.source_not_null_raw_reconciliation_results_reconciliation_id.7ba5be6021"
[0m02:18:27.213580 [debug] [Thread-4 (]: On test.cryptopulse.source_not_null_raw_reconciliation_results_reconciliation_id.7ba5be6021: /* {"app": "dbt", "dbt_version": "1.12.4", "profile_name": "cryptopulse", "target_name": "dev", "node_id": "test.cryptopulse.source_not_null_raw_reconciliation_results_reconciliation_id.7ba5be6021"} */

    
    select
      count(*) as failures,
      count(*) != 0 as should_warn,
      count(*) != 0 as should_error
    from (
      
    
  
    
    



select reconciliation_id
from "cryptopulse"."raw"."reconciliation_results"
where reconciliation_id is null



  
  
      
    ) dbt_internal_test
[0m02:18:27.214341 [debug] [Thread-4 (]: Opening a new connection, currently in state closed
[0m02:18:27.211441 [debug] [Thread-2 (]: Using postgres connection "test.cryptopulse.source_not_null_raw_market_bars_symbol.8105414bc0"
[0m02:18:27.216381 [debug] [Thread-3 (]: SQL status: SELECT 1 in 0.008 seconds
[0m02:18:27.217469 [debug] [Thread-2 (]: On test.cryptopulse.source_not_null_raw_market_bars_symbol.8105414bc0: /* {"app": "dbt", "dbt_version": "1.12.4", "profile_name": "cryptopulse", "target_name": "dev", "node_id": "test.cryptopulse.source_not_null_raw_market_bars_symbol.8105414bc0"} */

    
    select
      count(*) as failures,
      count(*) != 0 as should_warn,
      count(*) != 0 as should_error
    from (
      
    
  
    
    



select symbol
from "cryptopulse"."raw"."market_bars"
where symbol is null



  
  
      
    ) dbt_internal_test
[0m02:18:27.218026 [debug] [Thread-1 (]: Using postgres connection "test.cryptopulse.source_not_null_raw_reconciliation_results_run_id.29d53b199f"
[0m02:18:27.219647 [debug] [Thread-3 (]: On test.cryptopulse.source_not_null_raw_market_bars_provider.d07d64066e: ROLLBACK
[0m02:18:27.220404 [debug] [Thread-2 (]: Opening a new connection, currently in state closed
[0m02:18:27.221065 [debug] [Thread-1 (]: On test.cryptopulse.source_not_null_raw_reconciliation_results_run_id.29d53b199f: /* {"app": "dbt", "dbt_version": "1.12.4", "profile_name": "cryptopulse", "target_name": "dev", "node_id": "test.cryptopulse.source_not_null_raw_reconciliation_results_run_id.29d53b199f"} */

    
    select
      count(*) as failures,
      count(*) != 0 as should_warn,
      count(*) != 0 as should_error
    from (
      
    
  
    
    



select run_id
from "cryptopulse"."raw"."reconciliation_results"
where run_id is null



  
  
      
    ) dbt_internal_test
[0m02:18:27.221821 [debug] [Thread-3 (]: On test.cryptopulse.source_not_null_raw_market_bars_provider.d07d64066e: Close
[0m02:18:27.223093 [debug] [Thread-4 (]: SQL status: SELECT 1 in 0.009 seconds
[0m02:18:27.224539 [debug] [Thread-1 (]: Opening a new connection, currently in state closed
[0m02:18:27.225575 [info ] [Thread-3 (]: 5 of 35 PASS source_not_null_raw_market_bars_provider .......................... [[32mPASS[0m in 0.07s]
[0m02:18:27.227462 [debug] [Thread-4 (]: On test.cryptopulse.source_not_null_raw_reconciliation_results_reconciliation_id.7ba5be6021: ROLLBACK
[0m02:18:27.229595 [debug] [Thread-2 (]: SQL status: SELECT 1 in 0.009 seconds
[0m02:18:27.232498 [debug] [Thread-3 (]: Finished running node test.cryptopulse.source_not_null_raw_market_bars_provider.d07d64066e
[0m02:18:27.233459 [debug] [Thread-4 (]: On test.cryptopulse.source_not_null_raw_reconciliation_results_reconciliation_id.7ba5be6021: Close
[0m02:18:27.234968 [debug] [Thread-2 (]: On test.cryptopulse.source_not_null_raw_market_bars_symbol.8105414bc0: ROLLBACK
[0m02:18:27.235912 [debug] [Thread-3 (]: Began running node test.cryptopulse.source_unique_raw_reconciliation_results_reconciliation_id.a04952d18d
[0m02:18:27.237043 [info ] [Thread-4 (]: 7 of 35 PASS source_not_null_raw_reconciliation_results_reconciliation_id ...... [[32mPASS[0m in 0.08s]
[0m02:18:27.237843 [debug] [Thread-1 (]: SQL status: SELECT 1 in 0.013 seconds
[0m02:18:27.238547 [debug] [Thread-2 (]: On test.cryptopulse.source_not_null_raw_market_bars_symbol.8105414bc0: Close
[0m02:18:27.239225 [info ] [Thread-3 (]: 9 of 35 START test source_unique_raw_reconciliation_results_reconciliation_id .. [RUN]
[0m02:18:27.240058 [debug] [Thread-4 (]: Finished running node test.cryptopulse.source_not_null_raw_reconciliation_results_reconciliation_id.7ba5be6021
[0m02:18:27.241602 [debug] [Thread-1 (]: On test.cryptopulse.source_not_null_raw_reconciliation_results_run_id.29d53b199f: ROLLBACK
[0m02:18:27.243279 [info ] [Thread-2 (]: 6 of 35 PASS source_not_null_raw_market_bars_symbol ............................ [[32mPASS[0m in 0.09s]
[0m02:18:27.245997 [debug] [Thread-3 (]: Re-using an available connection from the pool (formerly test.cryptopulse.source_not_null_raw_market_bars_provider.d07d64066e, now test.cryptopulse.source_unique_raw_reconciliation_results_reconciliation_id.a04952d18d)
[0m02:18:27.248180 [debug] [Thread-1 (]: On test.cryptopulse.source_not_null_raw_reconciliation_results_run_id.29d53b199f: Close
[0m02:18:27.249006 [debug] [Thread-2 (]: Finished running node test.cryptopulse.source_not_null_raw_market_bars_symbol.8105414bc0
[0m02:18:27.249876 [debug] [Thread-3 (]: Began compiling node test.cryptopulse.source_unique_raw_reconciliation_results_reconciliation_id.a04952d18d
[0m02:18:27.251032 [info ] [Thread-1 (]: 8 of 35 PASS source_not_null_raw_reconciliation_results_run_id ................. [[32mPASS[0m in 0.09s]
[0m02:18:27.252311 [debug] [Thread-4 (]: Began running node model.cryptopulse.stg_market_bars
[0m02:18:27.260703 [debug] [Thread-3 (]: Writing injected SQL for node "test.cryptopulse.source_unique_raw_reconciliation_results_reconciliation_id.a04952d18d"
[0m02:18:27.262489 [debug] [Thread-1 (]: Finished running node test.cryptopulse.source_not_null_raw_reconciliation_results_run_id.29d53b199f
[0m02:18:27.263482 [info ] [Thread-4 (]: 10 of 35 START sql view model analytics_staging.stg_market_bars ................ [RUN]
[0m02:18:27.271227 [debug] [Thread-4 (]: Re-using an available connection from the pool (formerly test.cryptopulse.source_not_null_raw_reconciliation_results_reconciliation_id.7ba5be6021, now model.cryptopulse.stg_market_bars)
[0m02:18:27.273774 [debug] [Thread-4 (]: Began compiling node model.cryptopulse.stg_market_bars
[0m02:18:27.277562 [debug] [Thread-4 (]: Writing injected SQL for node "model.cryptopulse.stg_market_bars"
[0m02:18:27.280805 [debug] [Thread-3 (]: Began executing node test.cryptopulse.source_unique_raw_reconciliation_results_reconciliation_id.a04952d18d
[0m02:18:27.283335 [debug] [Thread-3 (]: Writing runtime sql for node "test.cryptopulse.source_unique_raw_reconciliation_results_reconciliation_id.a04952d18d"
[0m02:18:27.284948 [debug] [Thread-4 (]: Began executing node model.cryptopulse.stg_market_bars
[0m02:18:27.407750 [debug] [Thread-3 (]: Using postgres connection "test.cryptopulse.source_unique_raw_reconciliation_results_reconciliation_id.a04952d18d"
[0m02:18:27.414103 [debug] [Thread-4 (]: Writing runtime sql for node "model.cryptopulse.stg_market_bars"
[0m02:18:27.415500 [debug] [Thread-3 (]: On test.cryptopulse.source_unique_raw_reconciliation_results_reconciliation_id.a04952d18d: /* {"app": "dbt", "dbt_version": "1.12.4", "profile_name": "cryptopulse", "target_name": "dev", "node_id": "test.cryptopulse.source_unique_raw_reconciliation_results_reconciliation_id.a04952d18d"} */

    
    select
      count(*) as failures,
      count(*) != 0 as should_warn,
      count(*) != 0 as should_error
    from (
      
    
  
    
    

select
    reconciliation_id as unique_field,
    count(*) as n_records

from "cryptopulse"."raw"."reconciliation_results"
where reconciliation_id is not null
group by reconciliation_id
having count(*) > 1



  
  
      
    ) dbt_internal_test
[0m02:18:27.418590 [debug] [Thread-3 (]: Opening a new connection, currently in state closed
[0m02:18:27.429748 [debug] [Thread-4 (]: Using postgres connection "model.cryptopulse.stg_market_bars"
[0m02:18:27.430862 [debug] [Thread-4 (]: On model.cryptopulse.stg_market_bars: /* {"app": "dbt", "dbt_version": "1.12.4", "profile_name": "cryptopulse", "target_name": "dev", "node_id": "model.cryptopulse.stg_market_bars"} */

  create view "cryptopulse"."analytics_staging"."stg_market_bars__dbt_tmp"
    
    
  as (
    with source as (
    select * from "cryptopulse"."raw"."market_bars"
)

select
    md5(concat_ws('||', coalesce(cast(provider as text), '_null_'), coalesce(cast(symbol as text), '_null_'), coalesce(cast(interval as text), '_null_'), coalesce(cast(bar_start as text), '_null_'))) as market_bar_key,
    provider,
    symbol,
    currency,
    interval,
    bar_start,
    bar_end,
    open::numeric(20, 8) as open,
    high::numeric(20, 8) as high,
    low::numeric(20, 8) as low,
    close::numeric(20, 8) as close,
    volume::numeric(28, 8) as volume,
    trade_count::bigint as trade_count,
    vwap::numeric(20, 8) as vwap,
    loaded_at
from source
  );
[0m02:18:27.431883 [debug] [Thread-4 (]: Opening a new connection, currently in state closed
[0m02:18:27.437654 [debug] [Thread-3 (]: SQL status: SELECT 1 in 0.019 seconds
[0m02:18:27.439400 [debug] [Thread-3 (]: On test.cryptopulse.source_unique_raw_reconciliation_results_reconciliation_id.a04952d18d: ROLLBACK
[0m02:18:27.440413 [debug] [Thread-3 (]: On test.cryptopulse.source_unique_raw_reconciliation_results_reconciliation_id.a04952d18d: Close
[0m02:18:27.441673 [info ] [Thread-3 (]: 9 of 35 PASS source_unique_raw_reconciliation_results_reconciliation_id ........ [[32mPASS[0m in 0.20s]
[0m02:18:27.444520 [debug] [Thread-3 (]: Finished running node test.cryptopulse.source_unique_raw_reconciliation_results_reconciliation_id.a04952d18d
[0m02:18:27.445948 [debug] [Thread-2 (]: Began running node model.cryptopulse.mart_data_quality
[0m02:18:27.447557 [debug] [Thread-4 (]: SQL status: CREATE VIEW in 0.016 seconds
[0m02:18:27.447230 [info ] [Thread-2 (]: 11 of 35 START sql table model analytics_analytics.mart_data_quality ........... [RUN]
[0m02:18:27.452743 [debug] [Thread-4 (]: Using postgres connection "model.cryptopulse.stg_market_bars"
[0m02:18:27.453673 [debug] [Thread-2 (]: Re-using an available connection from the pool (formerly test.cryptopulse.source_not_null_raw_market_bars_symbol.8105414bc0, now model.cryptopulse.mart_data_quality)
[0m02:18:27.454453 [debug] [Thread-4 (]: On model.cryptopulse.stg_market_bars: /* {"app": "dbt", "dbt_version": "1.12.4", "profile_name": "cryptopulse", "target_name": "dev", "node_id": "model.cryptopulse.stg_market_bars"} */
alter table "cryptopulse"."analytics_staging"."stg_market_bars" rename to "stg_market_bars__dbt_backup"
[0m02:18:27.455235 [debug] [Thread-2 (]: Began compiling node model.cryptopulse.mart_data_quality
[0m02:18:27.457700 [debug] [Thread-2 (]: Writing injected SQL for node "model.cryptopulse.mart_data_quality"
[0m02:18:27.458025 [debug] [Thread-4 (]: SQL status: ALTER TABLE in 0.002 seconds
[0m02:18:27.461399 [debug] [Thread-4 (]: Using postgres connection "model.cryptopulse.stg_market_bars"
[0m02:18:27.462606 [debug] [Thread-4 (]: On model.cryptopulse.stg_market_bars: /* {"app": "dbt", "dbt_version": "1.12.4", "profile_name": "cryptopulse", "target_name": "dev", "node_id": "model.cryptopulse.stg_market_bars"} */
alter table "cryptopulse"."analytics_staging"."stg_market_bars__dbt_tmp" rename to "stg_market_bars"
[0m02:18:27.464002 [debug] [Thread-4 (]: SQL status: ALTER TABLE in 0.001 seconds
[0m02:18:27.481089 [debug] [Thread-4 (]: On model.cryptopulse.stg_market_bars: COMMIT
[0m02:18:27.482594 [debug] [Thread-4 (]: Using postgres connection "model.cryptopulse.stg_market_bars"
[0m02:18:27.483113 [debug] [Thread-2 (]: Began executing node model.cryptopulse.mart_data_quality
[0m02:18:27.484118 [debug] [Thread-4 (]: On model.cryptopulse.stg_market_bars: COMMIT
[0m02:18:27.504637 [debug] [Thread-2 (]: Writing runtime sql for node "model.cryptopulse.mart_data_quality"
[0m02:18:27.508305 [debug] [Thread-4 (]: SQL status: COMMIT in 0.003 seconds
[0m02:18:27.514966 [debug] [Thread-4 (]: Applying DROP to: "cryptopulse"."analytics_staging"."stg_market_bars__dbt_backup"
[0m02:18:27.519829 [debug] [Thread-4 (]: Using postgres connection "model.cryptopulse.stg_market_bars"
[0m02:18:27.521433 [debug] [Thread-4 (]: On model.cryptopulse.stg_market_bars: /* {"app": "dbt", "dbt_version": "1.12.4", "profile_name": "cryptopulse", "target_name": "dev", "node_id": "model.cryptopulse.stg_market_bars"} */
drop view if exists "cryptopulse"."analytics_staging"."stg_market_bars__dbt_backup" cascade
[0m02:18:27.521836 [debug] [Thread-2 (]: Using postgres connection "model.cryptopulse.mart_data_quality"
[0m02:18:27.523171 [debug] [Thread-2 (]: On model.cryptopulse.mart_data_quality: /* {"app": "dbt", "dbt_version": "1.12.4", "profile_name": "cryptopulse", "target_name": "dev", "node_id": "model.cryptopulse.mart_data_quality"} */

  
    

  create  table "cryptopulse"."analytics_analytics"."mart_data_quality__dbt_tmp"
  
  
    as
  
  (
    select
    reconciliation_id,
    run_id,
    checked_at,
    reconciliation_name,
    left_count,
    right_count,
    difference,
    threshold,
    status,
    case when status = 'pass' then 1 else 0 end as passed_flag
from "cryptopulse"."raw"."reconciliation_results"
  );
  
[0m02:18:27.527514 [debug] [Thread-2 (]: Opening a new connection, currently in state closed
[0m02:18:27.533511 [debug] [Thread-4 (]: SQL status: DROP VIEW in 0.011 seconds
[0m02:18:27.536232 [debug] [Thread-4 (]: On model.cryptopulse.stg_market_bars: Close
[0m02:18:27.538929 [debug] [Thread-4 (]: Sending event: {'category': 'dbt', 'action': 'run_model', 'label': '482f6ac3-f0f4-4e03-b6a0-766a9b8f815b', 'context': [<snowplow_tracker.self_describing_json.SelfDescribingJson object at 0x7f6a14b1a6d0>]}
[0m02:18:27.540199 [info ] [Thread-4 (]: 10 of 35 OK created sql view model analytics_staging.stg_market_bars ........... [[32mCREATE VIEW[0m in 0.27s]
[0m02:18:27.541569 [debug] [Thread-4 (]: Finished running node model.cryptopulse.stg_market_bars
[0m02:18:27.544098 [debug] [Thread-3 (]: Began running node model.cryptopulse.dim_asset
[0m02:18:27.544439 [debug] [Thread-1 (]: Began running node model.cryptopulse.dim_date
[0m02:18:27.544773 [debug] [Thread-4 (]: Began running node model.cryptopulse.dim_provider
[0m02:18:27.545651 [info ] [Thread-3 (]: 12 of 35 START sql table model analytics_analytics.dim_asset ................... [RUN]
[0m02:18:27.546068 [debug] [Thread-2 (]: SQL status: SELECT 2 in 0.019 seconds
[0m02:18:27.546829 [info ] [Thread-1 (]: 13 of 35 START sql table model analytics_analytics.dim_date .................... [RUN]
[0m02:18:27.548286 [info ] [Thread-4 (]: 14 of 35 START sql table model analytics_analytics.dim_provider ................ [RUN]
[0m02:18:27.549283 [debug] [Thread-3 (]: Re-using an available connection from the pool (formerly test.cryptopulse.source_unique_raw_reconciliation_results_reconciliation_id.a04952d18d, now model.cryptopulse.dim_asset)
[0m02:18:27.554952 [debug] [Thread-2 (]: Using postgres connection "model.cryptopulse.mart_data_quality"
[0m02:18:27.555854 [debug] [Thread-1 (]: Re-using an available connection from the pool (formerly test.cryptopulse.source_not_null_raw_reconciliation_results_run_id.29d53b199f, now model.cryptopulse.dim_date)
[0m02:18:27.556658 [debug] [Thread-4 (]: Re-using an available connection from the pool (formerly model.cryptopulse.stg_market_bars, now model.cryptopulse.dim_provider)
[0m02:18:27.557376 [debug] [Thread-3 (]: Began compiling node model.cryptopulse.dim_asset
[0m02:18:27.559008 [debug] [Thread-2 (]: On model.cryptopulse.mart_data_quality: /* {"app": "dbt", "dbt_version": "1.12.4", "profile_name": "cryptopulse", "target_name": "dev", "node_id": "model.cryptopulse.mart_data_quality"} */
alter table "cryptopulse"."analytics_analytics"."mart_data_quality" rename to "mart_data_quality__dbt_backup"
[0m02:18:27.559636 [debug] [Thread-1 (]: Began compiling node model.cryptopulse.dim_date
[0m02:18:27.560740 [debug] [Thread-4 (]: Began compiling node model.cryptopulse.dim_provider
[0m02:18:27.563204 [debug] [Thread-3 (]: Writing injected SQL for node "model.cryptopulse.dim_asset"
[0m02:18:27.565612 [debug] [Thread-1 (]: Writing injected SQL for node "model.cryptopulse.dim_date"
[0m02:18:27.565933 [debug] [Thread-2 (]: SQL status: ALTER TABLE in 0.002 seconds
[0m02:18:27.567963 [debug] [Thread-4 (]: Writing injected SQL for node "model.cryptopulse.dim_provider"
[0m02:18:27.571568 [debug] [Thread-2 (]: Using postgres connection "model.cryptopulse.mart_data_quality"
[0m02:18:27.572869 [debug] [Thread-2 (]: On model.cryptopulse.mart_data_quality: /* {"app": "dbt", "dbt_version": "1.12.4", "profile_name": "cryptopulse", "target_name": "dev", "node_id": "model.cryptopulse.mart_data_quality"} */
alter table "cryptopulse"."analytics_analytics"."mart_data_quality__dbt_tmp" rename to "mart_data_quality"
[0m02:18:27.574012 [debug] [Thread-2 (]: SQL status: ALTER TABLE in 0.000 seconds
[0m02:18:27.579488 [debug] [Thread-2 (]: On model.cryptopulse.mart_data_quality: COMMIT
[0m02:18:27.580689 [debug] [Thread-2 (]: Using postgres connection "model.cryptopulse.mart_data_quality"
[0m02:18:27.581493 [debug] [Thread-3 (]: Began executing node model.cryptopulse.dim_asset
[0m02:18:27.581995 [debug] [Thread-1 (]: Began executing node model.cryptopulse.dim_date
[0m02:18:27.582777 [debug] [Thread-2 (]: On model.cryptopulse.mart_data_quality: COMMIT
[0m02:18:27.584178 [debug] [Thread-4 (]: Began executing node model.cryptopulse.dim_provider
[0m02:18:27.586819 [debug] [Thread-3 (]: Writing runtime sql for node "model.cryptopulse.dim_asset"
[0m02:18:27.589549 [debug] [Thread-1 (]: Writing runtime sql for node "model.cryptopulse.dim_date"
[0m02:18:27.596556 [debug] [Thread-4 (]: Writing runtime sql for node "model.cryptopulse.dim_provider"
[0m02:18:27.597160 [debug] [Thread-2 (]: SQL status: COMMIT in 0.006 seconds
[0m02:18:27.603621 [debug] [Thread-2 (]: Applying DROP to: "cryptopulse"."analytics_analytics"."mart_data_quality__dbt_backup"
[0m02:18:27.606880 [debug] [Thread-2 (]: Using postgres connection "model.cryptopulse.mart_data_quality"
[0m02:18:27.609277 [debug] [Thread-4 (]: Using postgres connection "model.cryptopulse.dim_provider"
[0m02:18:27.609816 [debug] [Thread-2 (]: On model.cryptopulse.mart_data_quality: /* {"app": "dbt", "dbt_version": "1.12.4", "profile_name": "cryptopulse", "target_name": "dev", "node_id": "model.cryptopulse.mart_data_quality"} */
drop table if exists "cryptopulse"."analytics_analytics"."mart_data_quality__dbt_backup" cascade
[0m02:18:27.610325 [debug] [Thread-3 (]: Using postgres connection "model.cryptopulse.dim_asset"
[0m02:18:27.612177 [debug] [Thread-4 (]: On model.cryptopulse.dim_provider: /* {"app": "dbt", "dbt_version": "1.12.4", "profile_name": "cryptopulse", "target_name": "dev", "node_id": "model.cryptopulse.dim_provider"} */

  
    

  create  table "cryptopulse"."analytics_analytics"."dim_provider__dbt_tmp"
  
  
    as
  
  (
    select distinct
    md5(concat_ws('||', coalesce(cast(provider as text), '_null_'))) as provider_key,
    provider
from "cryptopulse"."analytics_staging"."stg_market_bars"
  );
  
[0m02:18:27.614411 [debug] [Thread-3 (]: On model.cryptopulse.dim_asset: /* {"app": "dbt", "dbt_version": "1.12.4", "profile_name": "cryptopulse", "target_name": "dev", "node_id": "model.cryptopulse.dim_asset"} */

  
    

  create  table "cryptopulse"."analytics_analytics"."dim_asset__dbt_tmp"
  
  
    as
  
  (
    select distinct
    md5(concat_ws('||', coalesce(cast(symbol as text), '_null_'), coalesce(cast(currency as text), '_null_'))) as asset_key,
    symbol,
    currency,
    split_part(symbol, '-', 1) as asset_code
from "cryptopulse"."analytics_staging"."stg_market_bars"
  );
  
[0m02:18:27.614947 [debug] [Thread-1 (]: Using postgres connection "model.cryptopulse.dim_date"
[0m02:18:27.618670 [debug] [Thread-4 (]: Opening a new connection, currently in state closed
[0m02:18:27.621948 [debug] [Thread-3 (]: Opening a new connection, currently in state closed
[0m02:18:27.622891 [debug] [Thread-2 (]: SQL status: DROP TABLE in 0.009 seconds
[0m02:18:27.625128 [debug] [Thread-1 (]: On model.cryptopulse.dim_date: /* {"app": "dbt", "dbt_version": "1.12.4", "profile_name": "cryptopulse", "target_name": "dev", "node_id": "model.cryptopulse.dim_date"} */

  
    

  create  table "cryptopulse"."analytics_analytics"."dim_date__dbt_tmp"
  
  
    as
  
  (
    select distinct
    bar_start::date as date_key,
    extract(isodow from bar_start)::integer as iso_day_of_week,
    extract(month from bar_start)::integer as month_number,
    extract(year from bar_start)::integer as year_number
from "cryptopulse"."analytics_staging"."stg_market_bars"
  );
  
[0m02:18:27.632649 [debug] [Thread-2 (]: On model.cryptopulse.mart_data_quality: Close
[0m02:18:27.636943 [debug] [Thread-1 (]: Opening a new connection, currently in state closed
[0m02:18:27.638244 [debug] [Thread-2 (]: Sending event: {'category': 'dbt', 'action': 'run_model', 'label': '482f6ac3-f0f4-4e03-b6a0-766a9b8f815b', 'context': [<snowplow_tracker.self_describing_json.SelfDescribingJson object at 0x7f6a1ab8a710>]}
[0m02:18:27.642675 [info ] [Thread-2 (]: 11 of 35 OK created sql table model analytics_analytics.mart_data_quality ...... [[32mSELECT 2[0m in 0.18s]
[0m02:18:27.644160 [debug] [Thread-2 (]: Finished running node model.cryptopulse.mart_data_quality
[0m02:18:27.644516 [debug] [Thread-4 (]: SQL status: SELECT 2 in 0.026 seconds
[0m02:18:27.645434 [debug] [Thread-2 (]: Began running node model.cryptopulse.int_market_returns
[0m02:18:27.649966 [debug] [Thread-4 (]: Using postgres connection "model.cryptopulse.dim_provider"
[0m02:18:27.650879 [debug] [Thread-1 (]: SQL status: SELECT 9 in 0.014 seconds
[0m02:18:27.651203 [debug] [Thread-3 (]: SQL status: SELECT 1 in 0.029 seconds
[0m02:18:27.652095 [info ] [Thread-2 (]: 15 of 35 START sql view model analytics_intermediate.int_market_returns ........ [RUN]
[0m02:18:27.653035 [debug] [Thread-4 (]: On model.cryptopulse.dim_provider: /* {"app": "dbt", "dbt_version": "1.12.4", "profile_name": "cryptopulse", "target_name": "dev", "node_id": "model.cryptopulse.dim_provider"} */
alter table "cryptopulse"."analytics_analytics"."dim_provider" rename to "dim_provider__dbt_backup"
[0m02:18:27.655442 [debug] [Thread-1 (]: Using postgres connection "model.cryptopulse.dim_date"
[0m02:18:27.659042 [debug] [Thread-3 (]: Using postgres connection "model.cryptopulse.dim_asset"
[0m02:18:27.660153 [debug] [Thread-2 (]: Re-using an available connection from the pool (formerly model.cryptopulse.mart_data_quality, now model.cryptopulse.int_market_returns)
[0m02:18:27.661299 [debug] [Thread-1 (]: On model.cryptopulse.dim_date: /* {"app": "dbt", "dbt_version": "1.12.4", "profile_name": "cryptopulse", "target_name": "dev", "node_id": "model.cryptopulse.dim_date"} */
alter table "cryptopulse"."analytics_analytics"."dim_date" rename to "dim_date__dbt_backup"
[0m02:18:27.661632 [debug] [Thread-4 (]: SQL status: ALTER TABLE in 0.001 seconds
[0m02:18:27.662253 [debug] [Thread-3 (]: On model.cryptopulse.dim_asset: /* {"app": "dbt", "dbt_version": "1.12.4", "profile_name": "cryptopulse", "target_name": "dev", "node_id": "model.cryptopulse.dim_asset"} */
alter table "cryptopulse"."analytics_analytics"."dim_asset" rename to "dim_asset__dbt_backup"
[0m02:18:27.663218 [debug] [Thread-2 (]: Began compiling node model.cryptopulse.int_market_returns
[0m02:18:27.664593 [debug] [Thread-1 (]: SQL status: ALTER TABLE in 0.000 seconds
[0m02:18:27.667416 [debug] [Thread-4 (]: Using postgres connection "model.cryptopulse.dim_provider"
[0m02:18:27.670166 [debug] [Thread-2 (]: Writing injected SQL for node "model.cryptopulse.int_market_returns"
[0m02:18:27.670520 [debug] [Thread-3 (]: SQL status: ALTER TABLE in 0.002 seconds
[0m02:18:27.672898 [debug] [Thread-1 (]: Using postgres connection "model.cryptopulse.dim_date"
[0m02:18:27.673851 [debug] [Thread-4 (]: On model.cryptopulse.dim_provider: /* {"app": "dbt", "dbt_version": "1.12.4", "profile_name": "cryptopulse", "target_name": "dev", "node_id": "model.cryptopulse.dim_provider"} */
alter table "cryptopulse"."analytics_analytics"."dim_provider__dbt_tmp" rename to "dim_provider"
[0m02:18:27.677239 [debug] [Thread-3 (]: Using postgres connection "model.cryptopulse.dim_asset"
[0m02:18:27.678157 [debug] [Thread-1 (]: On model.cryptopulse.dim_date: /* {"app": "dbt", "dbt_version": "1.12.4", "profile_name": "cryptopulse", "target_name": "dev", "node_id": "model.cryptopulse.dim_date"} */
alter table "cryptopulse"."analytics_analytics"."dim_date__dbt_tmp" rename to "dim_date"
[0m02:18:27.679649 [debug] [Thread-4 (]: SQL status: ALTER TABLE in 0.001 seconds
[0m02:18:27.680135 [debug] [Thread-3 (]: On model.cryptopulse.dim_asset: /* {"app": "dbt", "dbt_version": "1.12.4", "profile_name": "cryptopulse", "target_name": "dev", "node_id": "model.cryptopulse.dim_asset"} */
alter table "cryptopulse"."analytics_analytics"."dim_asset__dbt_tmp" rename to "dim_asset"
[0m02:18:27.681628 [debug] [Thread-1 (]: SQL status: ALTER TABLE in 0.000 seconds
[0m02:18:27.683185 [debug] [Thread-4 (]: On model.cryptopulse.dim_provider: COMMIT
[0m02:18:27.683534 [debug] [Thread-2 (]: Began executing node model.cryptopulse.int_market_returns
[0m02:18:27.684738 [debug] [Thread-3 (]: SQL status: ALTER TABLE in 0.000 seconds
[0m02:18:27.686110 [debug] [Thread-1 (]: On model.cryptopulse.dim_date: COMMIT
[0m02:18:27.686908 [debug] [Thread-4 (]: Using postgres connection "model.cryptopulse.dim_provider"
[0m02:18:27.689600 [debug] [Thread-2 (]: Writing runtime sql for node "model.cryptopulse.int_market_returns"
[0m02:18:27.692699 [debug] [Thread-3 (]: On model.cryptopulse.dim_asset: COMMIT
[0m02:18:27.693597 [debug] [Thread-1 (]: Using postgres connection "model.cryptopulse.dim_date"
[0m02:18:27.694446 [debug] [Thread-4 (]: On model.cryptopulse.dim_provider: COMMIT
[0m02:18:27.695823 [debug] [Thread-3 (]: Using postgres connection "model.cryptopulse.dim_asset"
[0m02:18:27.696602 [debug] [Thread-1 (]: On model.cryptopulse.dim_date: COMMIT
[0m02:18:27.698176 [debug] [Thread-3 (]: On model.cryptopulse.dim_asset: COMMIT
[0m02:18:27.700588 [debug] [Thread-4 (]: SQL status: COMMIT in 0.003 seconds
[0m02:18:27.702670 [debug] [Thread-4 (]: Applying DROP to: "cryptopulse"."analytics_analytics"."dim_provider__dbt_backup"
[0m02:18:27.702973 [debug] [Thread-1 (]: SQL status: COMMIT in 0.004 seconds
[0m02:18:27.703311 [debug] [Thread-2 (]: Using postgres connection "model.cryptopulse.int_market_returns"
[0m02:18:27.703609 [debug] [Thread-3 (]: SQL status: COMMIT in 0.004 seconds
[0m02:18:27.704269 [debug] [Thread-4 (]: Using postgres connection "model.cryptopulse.dim_provider"
[0m02:18:27.705888 [debug] [Thread-1 (]: Applying DROP to: "cryptopulse"."analytics_analytics"."dim_date__dbt_backup"
[0m02:18:27.708485 [debug] [Thread-2 (]: On model.cryptopulse.int_market_returns: /* {"app": "dbt", "dbt_version": "1.12.4", "profile_name": "cryptopulse", "target_name": "dev", "node_id": "model.cryptopulse.int_market_returns"} */

  create view "cryptopulse"."analytics_intermediate"."int_market_returns__dbt_tmp"
    
    
  as (
    with bars as (
    select * from "cryptopulse"."analytics_staging"."stg_market_bars"
), enriched as (
    select
        *,
        lag(close) over (
            partition by provider, symbol, interval
            order by bar_start
        ) as prior_close
    from bars
)

select
    *,
    case when prior_close > 0 then (close / prior_close) - 1 end as simple_return,
    case when prior_close > 0 then ln(close / prior_close) end as log_return
from enriched
  );
[0m02:18:27.712132 [debug] [Thread-3 (]: Applying DROP to: "cryptopulse"."analytics_analytics"."dim_asset__dbt_backup"
[0m02:18:27.713442 [debug] [Thread-4 (]: On model.cryptopulse.dim_provider: /* {"app": "dbt", "dbt_version": "1.12.4", "profile_name": "cryptopulse", "target_name": "dev", "node_id": "model.cryptopulse.dim_provider"} */
drop table if exists "cryptopulse"."analytics_analytics"."dim_provider__dbt_backup" cascade
[0m02:18:27.715401 [debug] [Thread-1 (]: Using postgres connection "model.cryptopulse.dim_date"
[0m02:18:27.717867 [debug] [Thread-2 (]: Opening a new connection, currently in state closed
[0m02:18:27.718890 [debug] [Thread-3 (]: Using postgres connection "model.cryptopulse.dim_asset"
[0m02:18:27.726598 [debug] [Thread-3 (]: On model.cryptopulse.dim_asset: /* {"app": "dbt", "dbt_version": "1.12.4", "profile_name": "cryptopulse", "target_name": "dev", "node_id": "model.cryptopulse.dim_asset"} */
drop table if exists "cryptopulse"."analytics_analytics"."dim_asset__dbt_backup" cascade
[0m02:18:27.725727 [debug] [Thread-4 (]: SQL status: DROP TABLE in 0.006 seconds
[0m02:18:27.720176 [debug] [Thread-1 (]: On model.cryptopulse.dim_date: /* {"app": "dbt", "dbt_version": "1.12.4", "profile_name": "cryptopulse", "target_name": "dev", "node_id": "model.cryptopulse.dim_date"} */
drop table if exists "cryptopulse"."analytics_analytics"."dim_date__dbt_backup" cascade
[0m02:18:27.729484 [debug] [Thread-4 (]: On model.cryptopulse.dim_provider: Close
[0m02:18:27.731014 [debug] [Thread-4 (]: Sending event: {'category': 'dbt', 'action': 'run_model', 'label': '482f6ac3-f0f4-4e03-b6a0-766a9b8f815b', 'context': [<snowplow_tracker.self_describing_json.SelfDescribingJson object at 0x7f6a148e3f50>]}
[0m02:18:27.731815 [debug] [Thread-3 (]: SQL status: DROP TABLE in 0.004 seconds
[0m02:18:27.733174 [debug] [Thread-2 (]: SQL status: CREATE VIEW in 0.015 seconds
[0m02:18:27.734032 [info ] [Thread-4 (]: 14 of 35 OK created sql table model analytics_analytics.dim_provider ........... [[32mSELECT 2[0m in 0.17s]
[0m02:18:27.735753 [debug] [Thread-3 (]: On model.cryptopulse.dim_asset: Close
[0m02:18:27.736100 [debug] [Thread-1 (]: SQL status: DROP TABLE in 0.006 seconds
[0m02:18:27.738289 [debug] [Thread-2 (]: Using postgres connection "model.cryptopulse.int_market_returns"
[0m02:18:27.739364 [debug] [Thread-4 (]: Finished running node model.cryptopulse.dim_provider
[0m02:18:27.741260 [debug] [Thread-3 (]: Sending event: {'category': 'dbt', 'action': 'run_model', 'label': '482f6ac3-f0f4-4e03-b6a0-766a9b8f815b', 'context': [<snowplow_tracker.self_describing_json.SelfDescribingJson object at 0x7f6a14b8d910>]}
[0m02:18:27.773381 [debug] [Thread-1 (]: On model.cryptopulse.dim_date: Close
[0m02:18:27.782451 [debug] [Thread-2 (]: On model.cryptopulse.int_market_returns: /* {"app": "dbt", "dbt_version": "1.12.4", "profile_name": "cryptopulse", "target_name": "dev", "node_id": "model.cryptopulse.int_market_returns"} */
alter table "cryptopulse"."analytics_intermediate"."int_market_returns__dbt_tmp" rename to "int_market_returns"
[0m02:18:27.791194 [debug] [Thread-4 (]: Began running node test.cryptopulse.accepted_values_mart_data_quality_status__pass__fail.e77c75ddcc
[0m02:18:27.801741 [info ] [Thread-3 (]: 12 of 35 OK created sql table model analytics_analytics.dim_asset .............. [[32mSELECT 1[0m in 0.19s]
[0m02:18:27.815771 [debug] [Thread-1 (]: Sending event: {'category': 'dbt', 'action': 'run_model', 'label': '482f6ac3-f0f4-4e03-b6a0-766a9b8f815b', 'context': [<snowplow_tracker.self_describing_json.SelfDescribingJson object at 0x7f6a1446e350>]}
[0m02:18:27.826421 [debug] [Thread-2 (]: SQL status: ALTER TABLE in 0.001 seconds
[0m02:18:27.837648 [info ] [Thread-4 (]: 16 of 35 START test accepted_values_mart_data_quality_status__pass__fail ....... [RUN]
[0m02:18:27.851332 [debug] [Thread-3 (]: Finished running node model.cryptopulse.dim_asset
[0m02:18:27.862135 [info ] [Thread-1 (]: 13 of 35 OK created sql table model analytics_analytics.dim_date ............... [[32mSELECT 9[0m in 0.26s]
[0m02:18:27.864614 [debug] [Thread-2 (]: On model.cryptopulse.int_market_returns: COMMIT
[0m02:18:27.866459 [debug] [Thread-4 (]: Re-using an available connection from the pool (formerly model.cryptopulse.dim_provider, now test.cryptopulse.accepted_values_mart_data_quality_status__pass__fail.e77c75ddcc)
[0m02:18:27.868794 [debug] [Thread-3 (]: Began running node test.cryptopulse.not_null_mart_data_quality_reconciliation_id.3bc74ed6c4
[0m02:18:27.871185 [debug] [Thread-1 (]: Finished running node model.cryptopulse.dim_date
[0m02:18:27.872699 [debug] [Thread-2 (]: Using postgres connection "model.cryptopulse.int_market_returns"
[0m02:18:27.874380 [debug] [Thread-4 (]: Began compiling node test.cryptopulse.accepted_values_mart_data_quality_status__pass__fail.e77c75ddcc
[0m02:18:27.875788 [info ] [Thread-3 (]: 17 of 35 START test not_null_mart_data_quality_reconciliation_id ............... [RUN]
[0m02:18:27.876867 [debug] [Thread-1 (]: Began running node test.cryptopulse.unique_mart_data_quality_reconciliation_id.a754713449
[0m02:18:27.878144 [debug] [Thread-2 (]: On model.cryptopulse.int_market_returns: COMMIT
[0m02:18:27.885523 [debug] [Thread-4 (]: Writing injected SQL for node "test.cryptopulse.accepted_values_mart_data_quality_status__pass__fail.e77c75ddcc"
[0m02:18:27.886741 [debug] [Thread-3 (]: Re-using an available connection from the pool (formerly model.cryptopulse.dim_asset, now test.cryptopulse.not_null_mart_data_quality_reconciliation_id.3bc74ed6c4)
[0m02:18:27.888456 [info ] [Thread-1 (]: 18 of 35 START test unique_mart_data_quality_reconciliation_id ................. [RUN]
[0m02:18:27.891307 [debug] [Thread-3 (]: Began compiling node test.cryptopulse.not_null_mart_data_quality_reconciliation_id.3bc74ed6c4
[0m02:18:27.892471 [debug] [Thread-1 (]: Re-using an available connection from the pool (formerly model.cryptopulse.dim_date, now test.cryptopulse.unique_mart_data_quality_reconciliation_id.a754713449)
[0m02:18:27.893442 [debug] [Thread-2 (]: SQL status: COMMIT in 0.004 seconds
[0m02:18:27.900115 [debug] [Thread-3 (]: Writing injected SQL for node "test.cryptopulse.not_null_mart_data_quality_reconciliation_id.3bc74ed6c4"
[0m02:18:27.900841 [debug] [Thread-1 (]: Began compiling node test.cryptopulse.unique_mart_data_quality_reconciliation_id.a754713449
[0m02:18:27.903095 [debug] [Thread-2 (]: Applying DROP to: "cryptopulse"."analytics_intermediate"."int_market_returns__dbt_backup"
[0m02:18:27.905370 [debug] [Thread-4 (]: Began executing node test.cryptopulse.accepted_values_mart_data_quality_status__pass__fail.e77c75ddcc
[0m02:18:27.912183 [debug] [Thread-1 (]: Writing injected SQL for node "test.cryptopulse.unique_mart_data_quality_reconciliation_id.a754713449"
[0m02:18:27.913270 [debug] [Thread-2 (]: Using postgres connection "model.cryptopulse.int_market_returns"
[0m02:18:27.915086 [debug] [Thread-4 (]: Writing runtime sql for node "test.cryptopulse.accepted_values_mart_data_quality_status__pass__fail.e77c75ddcc"
[0m02:18:27.915470 [debug] [Thread-3 (]: Began executing node test.cryptopulse.not_null_mart_data_quality_reconciliation_id.3bc74ed6c4
[0m02:18:27.916659 [debug] [Thread-2 (]: On model.cryptopulse.int_market_returns: /* {"app": "dbt", "dbt_version": "1.12.4", "profile_name": "cryptopulse", "target_name": "dev", "node_id": "model.cryptopulse.int_market_returns"} */
drop view if exists "cryptopulse"."analytics_intermediate"."int_market_returns__dbt_backup" cascade
[0m02:18:27.918955 [debug] [Thread-3 (]: Writing runtime sql for node "test.cryptopulse.not_null_mart_data_quality_reconciliation_id.3bc74ed6c4"
[0m02:18:27.920580 [debug] [Thread-2 (]: SQL status: DROP VIEW in 0.001 seconds
[0m02:18:27.922800 [debug] [Thread-2 (]: On model.cryptopulse.int_market_returns: Close
[0m02:18:27.923909 [debug] [Thread-2 (]: Sending event: {'category': 'dbt', 'action': 'run_model', 'label': '482f6ac3-f0f4-4e03-b6a0-766a9b8f815b', 'context': [<snowplow_tracker.self_describing_json.SelfDescribingJson object at 0x7f6a17b538d0>]}
[0m02:18:27.925056 [debug] [Thread-4 (]: Using postgres connection "test.cryptopulse.accepted_values_mart_data_quality_status__pass__fail.e77c75ddcc"
[0m02:18:27.925782 [info ] [Thread-2 (]: 15 of 35 OK created sql view model analytics_intermediate.int_market_returns ... [[32mCREATE VIEW[0m in 0.26s]
[0m02:18:27.926906 [debug] [Thread-1 (]: Began executing node test.cryptopulse.unique_mart_data_quality_reconciliation_id.a754713449
[0m02:18:27.927235 [debug] [Thread-4 (]: On test.cryptopulse.accepted_values_mart_data_quality_status__pass__fail.e77c75ddcc: /* {"app": "dbt", "dbt_version": "1.12.4", "profile_name": "cryptopulse", "target_name": "dev", "node_id": "test.cryptopulse.accepted_values_mart_data_quality_status__pass__fail.e77c75ddcc"} */

    
    select
      count(*) as failures,
      count(*) != 0 as should_warn,
      count(*) != 0 as should_error
    from (
      
    
  
    
    

with all_values as (

    select
        status as value_field,
        count(*) as n_records

    from "cryptopulse"."analytics_analytics"."mart_data_quality"
    group by status

)

select *
from all_values
where value_field not in (
    'pass','fail'
)



  
  
      
    ) dbt_internal_test
[0m02:18:27.927722 [debug] [Thread-3 (]: Using postgres connection "test.cryptopulse.not_null_mart_data_quality_reconciliation_id.3bc74ed6c4"
[0m02:18:27.928474 [debug] [Thread-2 (]: Finished running node model.cryptopulse.int_market_returns
[0m02:18:27.930289 [debug] [Thread-1 (]: Writing runtime sql for node "test.cryptopulse.unique_mart_data_quality_reconciliation_id.a754713449"
[0m02:18:27.931130 [debug] [Thread-4 (]: Opening a new connection, currently in state closed
[0m02:18:27.931739 [debug] [Thread-3 (]: On test.cryptopulse.not_null_mart_data_quality_reconciliation_id.3bc74ed6c4: /* {"app": "dbt", "dbt_version": "1.12.4", "profile_name": "cryptopulse", "target_name": "dev", "node_id": "test.cryptopulse.not_null_mart_data_quality_reconciliation_id.3bc74ed6c4"} */

    
    select
      count(*) as failures,
      count(*) != 0 as should_warn,
      count(*) != 0 as should_error
    from (
      
    
  
    
    



select reconciliation_id
from "cryptopulse"."analytics_analytics"."mart_data_quality"
where reconciliation_id is null



  
  
      
    ) dbt_internal_test
[0m02:18:27.932485 [debug] [Thread-2 (]: Began running node test.cryptopulse.not_null_dim_provider_provider_key.acace107bf
[0m02:18:27.934468 [debug] [Thread-3 (]: Opening a new connection, currently in state closed
[0m02:18:27.935360 [info ] [Thread-2 (]: 19 of 35 START test not_null_dim_provider_provider_key ......................... [RUN]
[0m02:18:27.939733 [debug] [Thread-2 (]: Re-using an available connection from the pool (formerly model.cryptopulse.int_market_returns, now test.cryptopulse.not_null_dim_provider_provider_key.acace107bf)
[0m02:18:27.940507 [debug] [Thread-4 (]: SQL status: SELECT 1 in 0.009 seconds
[0m02:18:27.941181 [debug] [Thread-2 (]: Began compiling node test.cryptopulse.not_null_dim_provider_provider_key.acace107bf
[0m02:18:27.942874 [debug] [Thread-4 (]: On test.cryptopulse.accepted_values_mart_data_quality_status__pass__fail.e77c75ddcc: ROLLBACK
[0m02:18:27.943239 [debug] [Thread-3 (]: SQL status: SELECT 1 in 0.009 seconds
[0m02:18:27.949437 [debug] [Thread-1 (]: Using postgres connection "test.cryptopulse.unique_mart_data_quality_reconciliation_id.a754713449"
[0m02:18:27.951519 [debug] [Thread-2 (]: Writing injected SQL for node "test.cryptopulse.not_null_dim_provider_provider_key.acace107bf"
[0m02:18:27.952656 [debug] [Thread-4 (]: On test.cryptopulse.accepted_values_mart_data_quality_status__pass__fail.e77c75ddcc: Close
[0m02:18:27.954163 [debug] [Thread-3 (]: On test.cryptopulse.not_null_mart_data_quality_reconciliation_id.3bc74ed6c4: ROLLBACK
[0m02:18:27.955042 [debug] [Thread-1 (]: On test.cryptopulse.unique_mart_data_quality_reconciliation_id.a754713449: /* {"app": "dbt", "dbt_version": "1.12.4", "profile_name": "cryptopulse", "target_name": "dev", "node_id": "test.cryptopulse.unique_mart_data_quality_reconciliation_id.a754713449"} */

    
    select
      count(*) as failures,
      count(*) != 0 as should_warn,
      count(*) != 0 as should_error
    from (
      
    
  
    
    

select
    reconciliation_id as unique_field,
    count(*) as n_records

from "cryptopulse"."analytics_analytics"."mart_data_quality"
where reconciliation_id is not null
group by reconciliation_id
having count(*) > 1



  
  
      
    ) dbt_internal_test
[0m02:18:27.957057 [info ] [Thread-4 (]: 16 of 35 PASS accepted_values_mart_data_quality_status__pass__fail ............. [[32mPASS[0m in 0.09s]
[0m02:18:27.959002 [debug] [Thread-3 (]: On test.cryptopulse.not_null_mart_data_quality_reconciliation_id.3bc74ed6c4: Close
[0m02:18:27.959338 [debug] [Thread-1 (]: Opening a new connection, currently in state closed
[0m02:18:27.960171 [debug] [Thread-4 (]: Finished running node test.cryptopulse.accepted_values_mart_data_quality_status__pass__fail.e77c75ddcc
[0m02:18:27.961202 [info ] [Thread-3 (]: 17 of 35 PASS not_null_mart_data_quality_reconciliation_id ..................... [[32mPASS[0m in 0.07s]
[0m02:18:27.963515 [debug] [Thread-4 (]: Began running node test.cryptopulse.unique_dim_provider_provider_key.b5fbec487b
[0m02:18:27.964664 [debug] [Thread-3 (]: Finished running node test.cryptopulse.not_null_mart_data_quality_reconciliation_id.3bc74ed6c4
[0m02:18:27.965856 [info ] [Thread-4 (]: 20 of 35 START test unique_dim_provider_provider_key ........................... [RUN]
[0m02:18:27.967301 [debug] [Thread-2 (]: Began executing node test.cryptopulse.not_null_dim_provider_provider_key.acace107bf
[0m02:18:27.967747 [debug] [Thread-3 (]: Began running node test.cryptopulse.not_null_dim_asset_asset_key.a810898cee
[0m02:18:27.968673 [debug] [Thread-4 (]: Re-using an available connection from the pool (formerly test.cryptopulse.accepted_values_mart_data_quality_status__pass__fail.e77c75ddcc, now test.cryptopulse.unique_dim_provider_provider_key.b5fbec487b)
[0m02:18:27.968986 [debug] [Thread-1 (]: SQL status: SELECT 1 in 0.010 seconds
[0m02:18:27.970949 [debug] [Thread-2 (]: Writing runtime sql for node "test.cryptopulse.not_null_dim_provider_provider_key.acace107bf"
[0m02:18:27.972126 [info ] [Thread-3 (]: 21 of 35 START test not_null_dim_asset_asset_key ............................... [RUN]
[0m02:18:27.973147 [debug] [Thread-4 (]: Began compiling node test.cryptopulse.unique_dim_provider_provider_key.b5fbec487b
[0m02:18:27.974871 [debug] [Thread-1 (]: On test.cryptopulse.unique_mart_data_quality_reconciliation_id.a754713449: ROLLBACK
[0m02:18:27.976439 [debug] [Thread-3 (]: Re-using an available connection from the pool (formerly test.cryptopulse.not_null_mart_data_quality_reconciliation_id.3bc74ed6c4, now test.cryptopulse.not_null_dim_asset_asset_key.a810898cee)
[0m02:18:27.983005 [debug] [Thread-4 (]: Writing injected SQL for node "test.cryptopulse.unique_dim_provider_provider_key.b5fbec487b"
[0m02:18:27.983934 [debug] [Thread-1 (]: On test.cryptopulse.unique_mart_data_quality_reconciliation_id.a754713449: Close
[0m02:18:27.984473 [debug] [Thread-3 (]: Began compiling node test.cryptopulse.not_null_dim_asset_asset_key.a810898cee
[0m02:18:27.985977 [info ] [Thread-1 (]: 18 of 35 PASS unique_mart_data_quality_reconciliation_id ....................... [[32mPASS[0m in 0.09s]
[0m02:18:27.988412 [debug] [Thread-2 (]: Using postgres connection "test.cryptopulse.not_null_dim_provider_provider_key.acace107bf"
[0m02:18:27.994440 [debug] [Thread-3 (]: Writing injected SQL for node "test.cryptopulse.not_null_dim_asset_asset_key.a810898cee"
[0m02:18:27.995224 [debug] [Thread-1 (]: Finished running node test.cryptopulse.unique_mart_data_quality_reconciliation_id.a754713449
[0m02:18:27.996040 [debug] [Thread-2 (]: On test.cryptopulse.not_null_dim_provider_provider_key.acace107bf: /* {"app": "dbt", "dbt_version": "1.12.4", "profile_name": "cryptopulse", "target_name": "dev", "node_id": "test.cryptopulse.not_null_dim_provider_provider_key.acace107bf"} */

    
    select
      count(*) as failures,
      count(*) != 0 as should_warn,
      count(*) != 0 as should_error
    from (
      
    
  
    
    



select provider_key
from "cryptopulse"."analytics_analytics"."dim_provider"
where provider_key is null



  
  
      
    ) dbt_internal_test
[0m02:18:27.997809 [debug] [Thread-1 (]: Began running node test.cryptopulse.not_null_dim_asset_symbol.6d84ebfacb
[0m02:18:27.998186 [debug] [Thread-4 (]: Began executing node test.cryptopulse.unique_dim_provider_provider_key.b5fbec487b
[0m02:18:27.999104 [debug] [Thread-2 (]: Opening a new connection, currently in state closed
[0m02:18:28.000215 [info ] [Thread-1 (]: 22 of 35 START test not_null_dim_asset_symbol .................................. [RUN]
[0m02:18:28.000698 [debug] [Thread-3 (]: Began executing node test.cryptopulse.not_null_dim_asset_asset_key.a810898cee
[0m02:18:28.002666 [debug] [Thread-4 (]: Writing runtime sql for node "test.cryptopulse.unique_dim_provider_provider_key.b5fbec487b"
[0m02:18:28.004738 [debug] [Thread-1 (]: Re-using an available connection from the pool (formerly test.cryptopulse.unique_mart_data_quality_reconciliation_id.a754713449, now test.cryptopulse.not_null_dim_asset_symbol.6d84ebfacb)
[0m02:18:28.006762 [debug] [Thread-3 (]: Writing runtime sql for node "test.cryptopulse.not_null_dim_asset_asset_key.a810898cee"
[0m02:18:28.008098 [debug] [Thread-1 (]: Began compiling node test.cryptopulse.not_null_dim_asset_symbol.6d84ebfacb
[0m02:18:28.014998 [debug] [Thread-1 (]: Writing injected SQL for node "test.cryptopulse.not_null_dim_asset_symbol.6d84ebfacb"
[0m02:18:28.015341 [debug] [Thread-2 (]: SQL status: SELECT 1 in 0.016 seconds
[0m02:18:28.016755 [debug] [Thread-4 (]: Using postgres connection "test.cryptopulse.unique_dim_provider_provider_key.b5fbec487b"
[0m02:18:28.017461 [debug] [Thread-3 (]: Using postgres connection "test.cryptopulse.not_null_dim_asset_asset_key.a810898cee"
[0m02:18:28.018925 [debug] [Thread-2 (]: On test.cryptopulse.not_null_dim_provider_provider_key.acace107bf: ROLLBACK
[0m02:18:28.019888 [debug] [Thread-4 (]: On test.cryptopulse.unique_dim_provider_provider_key.b5fbec487b: /* {"app": "dbt", "dbt_version": "1.12.4", "profile_name": "cryptopulse", "target_name": "dev", "node_id": "test.cryptopulse.unique_dim_provider_provider_key.b5fbec487b"} */

    
    select
      count(*) as failures,
      count(*) != 0 as should_warn,
      count(*) != 0 as should_error
    from (
      
    
  
    
    

select
    provider_key as unique_field,
    count(*) as n_records

from "cryptopulse"."analytics_analytics"."dim_provider"
where provider_key is not null
group by provider_key
having count(*) > 1



  
  
      
    ) dbt_internal_test
[0m02:18:28.020742 [debug] [Thread-3 (]: On test.cryptopulse.not_null_dim_asset_asset_key.a810898cee: /* {"app": "dbt", "dbt_version": "1.12.4", "profile_name": "cryptopulse", "target_name": "dev", "node_id": "test.cryptopulse.not_null_dim_asset_asset_key.a810898cee"} */

    
    select
      count(*) as failures,
      count(*) != 0 as should_warn,
      count(*) != 0 as should_error
    from (
      
    
  
    
    



select asset_key
from "cryptopulse"."analytics_analytics"."dim_asset"
where asset_key is null



  
  
      
    ) dbt_internal_test
[0m02:18:28.021820 [debug] [Thread-2 (]: On test.cryptopulse.not_null_dim_provider_provider_key.acace107bf: Close
[0m02:18:28.022286 [debug] [Thread-4 (]: Opening a new connection, currently in state closed
[0m02:18:28.023024 [debug] [Thread-3 (]: Opening a new connection, currently in state closed
[0m02:18:28.024109 [info ] [Thread-2 (]: 19 of 35 PASS not_null_dim_provider_provider_key ............................... [[32mPASS[0m in 0.08s]
[0m02:18:28.024639 [debug] [Thread-1 (]: Began executing node test.cryptopulse.not_null_dim_asset_symbol.6d84ebfacb
[0m02:18:28.026734 [debug] [Thread-2 (]: Finished running node test.cryptopulse.not_null_dim_provider_provider_key.acace107bf
[0m02:18:28.028739 [debug] [Thread-1 (]: Writing runtime sql for node "test.cryptopulse.not_null_dim_asset_symbol.6d84ebfacb"
[0m02:18:28.029606 [debug] [Thread-2 (]: Began running node test.cryptopulse.unique_dim_asset_asset_key.1e356d7858
[0m02:18:28.030939 [info ] [Thread-2 (]: 23 of 35 START test unique_dim_asset_asset_key ................................. [RUN]
[0m02:18:28.031590 [debug] [Thread-3 (]: SQL status: SELECT 1 in 0.009 seconds
[0m02:18:28.031892 [debug] [Thread-4 (]: SQL status: SELECT 1 in 0.010 seconds
[0m02:18:28.032697 [debug] [Thread-2 (]: Re-using an available connection from the pool (formerly test.cryptopulse.not_null_dim_provider_provider_key.acace107bf, now test.cryptopulse.unique_dim_asset_asset_key.1e356d7858)
[0m02:18:28.034246 [debug] [Thread-3 (]: On test.cryptopulse.not_null_dim_asset_asset_key.a810898cee: ROLLBACK
[0m02:18:28.036111 [debug] [Thread-4 (]: On test.cryptopulse.unique_dim_provider_provider_key.b5fbec487b: ROLLBACK
[0m02:18:28.037042 [debug] [Thread-2 (]: Began compiling node test.cryptopulse.unique_dim_asset_asset_key.1e356d7858
[0m02:18:28.037932 [debug] [Thread-3 (]: On test.cryptopulse.not_null_dim_asset_asset_key.a810898cee: Close
[0m02:18:28.038707 [debug] [Thread-4 (]: On test.cryptopulse.unique_dim_provider_provider_key.b5fbec487b: Close
[0m02:18:28.045395 [debug] [Thread-2 (]: Writing injected SQL for node "test.cryptopulse.unique_dim_asset_asset_key.1e356d7858"
[0m02:18:28.045814 [debug] [Thread-1 (]: Using postgres connection "test.cryptopulse.not_null_dim_asset_symbol.6d84ebfacb"
[0m02:18:28.046540 [info ] [Thread-3 (]: 21 of 35 PASS not_null_dim_asset_asset_key ..................................... [[32mPASS[0m in 0.07s]
[0m02:18:28.047434 [info ] [Thread-4 (]: 20 of 35 PASS unique_dim_provider_provider_key ................................. [[32mPASS[0m in 0.08s]
[0m02:18:28.048721 [debug] [Thread-1 (]: On test.cryptopulse.not_null_dim_asset_symbol.6d84ebfacb: /* {"app": "dbt", "dbt_version": "1.12.4", "profile_name": "cryptopulse", "target_name": "dev", "node_id": "test.cryptopulse.not_null_dim_asset_symbol.6d84ebfacb"} */

    
    select
      count(*) as failures,
      count(*) != 0 as should_warn,
      count(*) != 0 as should_error
    from (
      
    
  
    
    



select symbol
from "cryptopulse"."analytics_analytics"."dim_asset"
where symbol is null



  
  
      
    ) dbt_internal_test
[0m02:18:28.049725 [debug] [Thread-3 (]: Finished running node test.cryptopulse.not_null_dim_asset_asset_key.a810898cee
[0m02:18:28.050685 [debug] [Thread-4 (]: Finished running node test.cryptopulse.unique_dim_provider_provider_key.b5fbec487b
[0m02:18:28.051712 [debug] [Thread-1 (]: Opening a new connection, currently in state closed
[0m02:18:28.052704 [debug] [Thread-3 (]: Began running node test.cryptopulse.not_null_dim_date_date_key.881d0a31b6
[0m02:18:28.053459 [debug] [Thread-4 (]: Began running node test.cryptopulse.unique_dim_date_date_key.0869fd48f9
[0m02:18:28.055409 [info ] [Thread-3 (]: 24 of 35 START test not_null_dim_date_date_key ................................. [RUN]
[0m02:18:28.055849 [debug] [Thread-2 (]: Began executing node test.cryptopulse.unique_dim_asset_asset_key.1e356d7858
[0m02:18:28.056475 [info ] [Thread-4 (]: 25 of 35 START test unique_dim_date_date_key ................................... [RUN]
[0m02:18:28.057681 [debug] [Thread-3 (]: Re-using an available connection from the pool (formerly test.cryptopulse.not_null_dim_asset_asset_key.a810898cee, now test.cryptopulse.not_null_dim_date_date_key.881d0a31b6)
[0m02:18:28.059732 [debug] [Thread-2 (]: Writing runtime sql for node "test.cryptopulse.unique_dim_asset_asset_key.1e356d7858"
[0m02:18:28.060909 [debug] [Thread-4 (]: Re-using an available connection from the pool (formerly test.cryptopulse.unique_dim_provider_provider_key.b5fbec487b, now test.cryptopulse.unique_dim_date_date_key.0869fd48f9)
[0m02:18:28.061265 [debug] [Thread-1 (]: SQL status: SELECT 1 in 0.010 seconds
[0m02:18:28.061979 [debug] [Thread-3 (]: Began compiling node test.cryptopulse.not_null_dim_date_date_key.881d0a31b6
[0m02:18:28.063813 [debug] [Thread-4 (]: Began compiling node test.cryptopulse.unique_dim_date_date_key.0869fd48f9
[0m02:18:28.065673 [debug] [Thread-1 (]: On test.cryptopulse.not_null_dim_asset_symbol.6d84ebfacb: ROLLBACK
[0m02:18:28.072551 [debug] [Thread-3 (]: Writing injected SQL for node "test.cryptopulse.not_null_dim_date_date_key.881d0a31b6"
[0m02:18:28.078764 [debug] [Thread-2 (]: Using postgres connection "test.cryptopulse.unique_dim_asset_asset_key.1e356d7858"
[0m02:18:28.079071 [debug] [Thread-4 (]: Writing injected SQL for node "test.cryptopulse.unique_dim_date_date_key.0869fd48f9"
[0m02:18:28.080319 [debug] [Thread-1 (]: On test.cryptopulse.not_null_dim_asset_symbol.6d84ebfacb: Close
[0m02:18:28.081299 [debug] [Thread-2 (]: On test.cryptopulse.unique_dim_asset_asset_key.1e356d7858: /* {"app": "dbt", "dbt_version": "1.12.4", "profile_name": "cryptopulse", "target_name": "dev", "node_id": "test.cryptopulse.unique_dim_asset_asset_key.1e356d7858"} */

    
    select
      count(*) as failures,
      count(*) != 0 as should_warn,
      count(*) != 0 as should_error
    from (
      
    
  
    
    

select
    asset_key as unique_field,
    count(*) as n_records

from "cryptopulse"."analytics_analytics"."dim_asset"
where asset_key is not null
group by asset_key
having count(*) > 1



  
  
      
    ) dbt_internal_test
[0m02:18:28.082827 [info ] [Thread-1 (]: 22 of 35 PASS not_null_dim_asset_symbol ........................................ [[32mPASS[0m in 0.08s]
[0m02:18:28.084537 [debug] [Thread-2 (]: Opening a new connection, currently in state closed
[0m02:18:28.086803 [debug] [Thread-1 (]: Finished running node test.cryptopulse.not_null_dim_asset_symbol.6d84ebfacb
[0m02:18:28.088695 [debug] [Thread-3 (]: Began executing node test.cryptopulse.not_null_dim_date_date_key.881d0a31b6
[0m02:18:28.091111 [debug] [Thread-4 (]: Began executing node test.cryptopulse.unique_dim_date_date_key.0869fd48f9
[0m02:18:28.091758 [debug] [Thread-1 (]: Began running node model.cryptopulse.fact_market_bar
[0m02:18:28.094022 [debug] [Thread-3 (]: Writing runtime sql for node "test.cryptopulse.not_null_dim_date_date_key.881d0a31b6"
[0m02:18:28.096739 [debug] [Thread-4 (]: Writing runtime sql for node "test.cryptopulse.unique_dim_date_date_key.0869fd48f9"
[0m02:18:28.097156 [debug] [Thread-2 (]: SQL status: SELECT 1 in 0.013 seconds
[0m02:18:28.098097 [info ] [Thread-1 (]: 26 of 35 START sql table model analytics_analytics.fact_market_bar ............. [RUN]
[0m02:18:28.101606 [debug] [Thread-2 (]: On test.cryptopulse.unique_dim_asset_asset_key.1e356d7858: ROLLBACK
[0m02:18:28.103943 [debug] [Thread-1 (]: Re-using an available connection from the pool (formerly test.cryptopulse.not_null_dim_asset_symbol.6d84ebfacb, now model.cryptopulse.fact_market_bar)
[0m02:18:28.104910 [debug] [Thread-2 (]: On test.cryptopulse.unique_dim_asset_asset_key.1e356d7858: Close
[0m02:18:28.105566 [debug] [Thread-1 (]: Began compiling node model.cryptopulse.fact_market_bar
[0m02:18:28.106846 [info ] [Thread-2 (]: 23 of 35 PASS unique_dim_asset_asset_key ....................................... [[32mPASS[0m in 0.07s]
[0m02:18:28.108140 [debug] [Thread-4 (]: Using postgres connection "test.cryptopulse.unique_dim_date_date_key.0869fd48f9"
[0m02:18:28.111875 [debug] [Thread-1 (]: Writing injected SQL for node "model.cryptopulse.fact_market_bar"
[0m02:18:28.112380 [debug] [Thread-3 (]: Using postgres connection "test.cryptopulse.not_null_dim_date_date_key.881d0a31b6"
[0m02:18:28.113602 [debug] [Thread-2 (]: Finished running node test.cryptopulse.unique_dim_asset_asset_key.1e356d7858
[0m02:18:28.114232 [debug] [Thread-4 (]: On test.cryptopulse.unique_dim_date_date_key.0869fd48f9: /* {"app": "dbt", "dbt_version": "1.12.4", "profile_name": "cryptopulse", "target_name": "dev", "node_id": "test.cryptopulse.unique_dim_date_date_key.0869fd48f9"} */

    
    select
      count(*) as failures,
      count(*) != 0 as should_warn,
      count(*) != 0 as should_error
    from (
      
    
  
    
    

select
    date_key as unique_field,
    count(*) as n_records

from "cryptopulse"."analytics_analytics"."dim_date"
where date_key is not null
group by date_key
having count(*) > 1



  
  
      
    ) dbt_internal_test
[0m02:18:28.115619 [debug] [Thread-3 (]: On test.cryptopulse.not_null_dim_date_date_key.881d0a31b6: /* {"app": "dbt", "dbt_version": "1.12.4", "profile_name": "cryptopulse", "target_name": "dev", "node_id": "test.cryptopulse.not_null_dim_date_date_key.881d0a31b6"} */

    
    select
      count(*) as failures,
      count(*) != 0 as should_warn,
      count(*) != 0 as should_error
    from (
      
    
  
    
    



select date_key
from "cryptopulse"."analytics_analytics"."dim_date"
where date_key is null



  
  
      
    ) dbt_internal_test
[0m02:18:28.117349 [debug] [Thread-4 (]: Opening a new connection, currently in state closed
[0m02:18:28.118040 [debug] [Thread-3 (]: Opening a new connection, currently in state closed
[0m02:18:28.126564 [debug] [Thread-4 (]: SQL status: SELECT 1 in 0.009 seconds
[0m02:18:28.127327 [debug] [Thread-3 (]: SQL status: SELECT 1 in 0.009 seconds
[0m02:18:28.129125 [debug] [Thread-4 (]: On test.cryptopulse.unique_dim_date_date_key.0869fd48f9: ROLLBACK
[0m02:18:28.129513 [debug] [Thread-1 (]: Began executing node model.cryptopulse.fact_market_bar
[0m02:18:28.131102 [debug] [Thread-3 (]: On test.cryptopulse.not_null_dim_date_date_key.881d0a31b6: ROLLBACK
[0m02:18:28.132117 [debug] [Thread-4 (]: On test.cryptopulse.unique_dim_date_date_key.0869fd48f9: Close
[0m02:18:28.136426 [debug] [Thread-1 (]: Writing runtime sql for node "model.cryptopulse.fact_market_bar"
[0m02:18:28.137451 [debug] [Thread-3 (]: On test.cryptopulse.not_null_dim_date_date_key.881d0a31b6: Close
[0m02:18:28.138417 [info ] [Thread-4 (]: 25 of 35 PASS unique_dim_date_date_key ......................................... [[32mPASS[0m in 0.08s]
[0m02:18:28.139887 [info ] [Thread-3 (]: 24 of 35 PASS not_null_dim_date_date_key ....................................... [[32mPASS[0m in 0.08s]
[0m02:18:28.140783 [debug] [Thread-4 (]: Finished running node test.cryptopulse.unique_dim_date_date_key.0869fd48f9
[0m02:18:28.141788 [debug] [Thread-3 (]: Finished running node test.cryptopulse.not_null_dim_date_date_key.881d0a31b6
[0m02:18:28.146333 [debug] [Thread-1 (]: Using postgres connection "model.cryptopulse.fact_market_bar"
[0m02:18:28.147149 [debug] [Thread-1 (]: On model.cryptopulse.fact_market_bar: /* {"app": "dbt", "dbt_version": "1.12.4", "profile_name": "cryptopulse", "target_name": "dev", "node_id": "model.cryptopulse.fact_market_bar"} */

  
    

  create  table "cryptopulse"."analytics_analytics"."fact_market_bar__dbt_tmp"
  
  
    as
  
  (
    select
    bars.market_bar_key,
    md5(concat_ws('||', coalesce(cast(bars.symbol as text), '_null_'), coalesce(cast(bars.currency as text), '_null_'))) as asset_key,
    md5(concat_ws('||', coalesce(cast(bars.provider as text), '_null_'))) as provider_key,
    bars.bar_start::date as date_key,
    bars.provider,
    bars.symbol,
    bars.currency,
    bars.interval,
    bars.bar_start,
    bars.bar_end,
    bars.open,
    bars.high,
    bars.low,
    bars.close,
    bars.volume,
    bars.trade_count,
    bars.vwap,
    bars.simple_return,
    bars.log_return,
    bars.loaded_at
from "cryptopulse"."analytics_intermediate"."int_market_returns" as bars
  );
  
[0m02:18:28.147871 [debug] [Thread-1 (]: Opening a new connection, currently in state closed
[0m02:18:28.165744 [debug] [Thread-1 (]: SQL status: SELECT 189 in 0.018 seconds
[0m02:18:28.168708 [debug] [Thread-1 (]: Using postgres connection "model.cryptopulse.fact_market_bar"
[0m02:18:28.169591 [debug] [Thread-1 (]: On model.cryptopulse.fact_market_bar: /* {"app": "dbt", "dbt_version": "1.12.4", "profile_name": "cryptopulse", "target_name": "dev", "node_id": "model.cryptopulse.fact_market_bar"} */
alter table "cryptopulse"."analytics_analytics"."fact_market_bar" rename to "fact_market_bar__dbt_backup"
[0m02:18:28.170754 [debug] [Thread-1 (]: SQL status: ALTER TABLE in 0.000 seconds
[0m02:18:28.173210 [debug] [Thread-1 (]: Using postgres connection "model.cryptopulse.fact_market_bar"
[0m02:18:28.174068 [debug] [Thread-1 (]: On model.cryptopulse.fact_market_bar: /* {"app": "dbt", "dbt_version": "1.12.4", "profile_name": "cryptopulse", "target_name": "dev", "node_id": "model.cryptopulse.fact_market_bar"} */
alter table "cryptopulse"."analytics_analytics"."fact_market_bar__dbt_tmp" rename to "fact_market_bar"
[0m02:18:28.175117 [debug] [Thread-1 (]: SQL status: ALTER TABLE in 0.000 seconds
[0m02:18:28.177048 [debug] [Thread-1 (]: On model.cryptopulse.fact_market_bar: COMMIT
[0m02:18:28.177650 [debug] [Thread-1 (]: Using postgres connection "model.cryptopulse.fact_market_bar"
[0m02:18:28.178295 [debug] [Thread-1 (]: On model.cryptopulse.fact_market_bar: COMMIT
[0m02:18:28.181597 [debug] [Thread-1 (]: SQL status: COMMIT in 0.002 seconds
[0m02:18:28.183858 [debug] [Thread-1 (]: Applying DROP to: "cryptopulse"."analytics_analytics"."fact_market_bar__dbt_backup"
[0m02:18:28.185643 [debug] [Thread-1 (]: Using postgres connection "model.cryptopulse.fact_market_bar"
[0m02:18:28.186564 [debug] [Thread-1 (]: On model.cryptopulse.fact_market_bar: /* {"app": "dbt", "dbt_version": "1.12.4", "profile_name": "cryptopulse", "target_name": "dev", "node_id": "model.cryptopulse.fact_market_bar"} */
drop table if exists "cryptopulse"."analytics_analytics"."fact_market_bar__dbt_backup" cascade
[0m02:18:28.193012 [debug] [Thread-1 (]: SQL status: DROP TABLE in 0.006 seconds
[0m02:18:28.194887 [debug] [Thread-1 (]: On model.cryptopulse.fact_market_bar: Close
[0m02:18:28.196131 [debug] [Thread-1 (]: Sending event: {'category': 'dbt', 'action': 'run_model', 'label': '482f6ac3-f0f4-4e03-b6a0-766a9b8f815b', 'context': [<snowplow_tracker.self_describing_json.SelfDescribingJson object at 0x7f6a17be3ad0>]}
[0m02:18:28.197170 [info ] [Thread-1 (]: 26 of 35 OK created sql table model analytics_analytics.fact_market_bar ........ [[32mSELECT 189[0m in 0.09s]
[0m02:18:28.198249 [debug] [Thread-1 (]: Finished running node model.cryptopulse.fact_market_bar
[0m02:18:28.199565 [debug] [Thread-2 (]: Began running node test.cryptopulse.not_null_fact_market_bar_asset_key.29e72edeb9
[0m02:18:28.200039 [debug] [Thread-4 (]: Began running node test.cryptopulse.not_null_fact_market_bar_close.0d139f179e
[0m02:18:28.200350 [debug] [Thread-3 (]: Began running node test.cryptopulse.not_null_fact_market_bar_market_bar_key.53f1070523
[0m02:18:28.200781 [debug] [Thread-1 (]: Began running node test.cryptopulse.not_null_fact_market_bar_provider_key.8be4a3d773
[0m02:18:28.201352 [info ] [Thread-2 (]: 27 of 35 START test not_null_fact_market_bar_asset_key ......................... [RUN]
[0m02:18:28.202335 [info ] [Thread-4 (]: 28 of 35 START test not_null_fact_market_bar_close ............................. [RUN]
[0m02:18:28.203434 [info ] [Thread-3 (]: 29 of 35 START test not_null_fact_market_bar_market_bar_key .................... [RUN]
[0m02:18:28.204257 [info ] [Thread-1 (]: 30 of 35 START test not_null_fact_market_bar_provider_key ...................... [RUN]
[0m02:18:28.205297 [debug] [Thread-2 (]: Re-using an available connection from the pool (formerly test.cryptopulse.unique_dim_asset_asset_key.1e356d7858, now test.cryptopulse.not_null_fact_market_bar_asset_key.29e72edeb9)
[0m02:18:28.206083 [debug] [Thread-4 (]: Re-using an available connection from the pool (formerly test.cryptopulse.unique_dim_date_date_key.0869fd48f9, now test.cryptopulse.not_null_fact_market_bar_close.0d139f179e)
[0m02:18:28.206901 [debug] [Thread-3 (]: Re-using an available connection from the pool (formerly test.cryptopulse.not_null_dim_date_date_key.881d0a31b6, now test.cryptopulse.not_null_fact_market_bar_market_bar_key.53f1070523)
[0m02:18:28.207742 [debug] [Thread-1 (]: Re-using an available connection from the pool (formerly model.cryptopulse.fact_market_bar, now test.cryptopulse.not_null_fact_market_bar_provider_key.8be4a3d773)
[0m02:18:28.208507 [debug] [Thread-2 (]: Began compiling node test.cryptopulse.not_null_fact_market_bar_asset_key.29e72edeb9
[0m02:18:28.209200 [debug] [Thread-4 (]: Began compiling node test.cryptopulse.not_null_fact_market_bar_close.0d139f179e
[0m02:18:28.209928 [debug] [Thread-3 (]: Began compiling node test.cryptopulse.not_null_fact_market_bar_market_bar_key.53f1070523
[0m02:18:28.210621 [debug] [Thread-1 (]: Began compiling node test.cryptopulse.not_null_fact_market_bar_provider_key.8be4a3d773
[0m02:18:28.217331 [debug] [Thread-2 (]: Writing injected SQL for node "test.cryptopulse.not_null_fact_market_bar_asset_key.29e72edeb9"
[0m02:18:28.223512 [debug] [Thread-4 (]: Writing injected SQL for node "test.cryptopulse.not_null_fact_market_bar_close.0d139f179e"
[0m02:18:28.229429 [debug] [Thread-3 (]: Writing injected SQL for node "test.cryptopulse.not_null_fact_market_bar_market_bar_key.53f1070523"
[0m02:18:28.235090 [debug] [Thread-1 (]: Writing injected SQL for node "test.cryptopulse.not_null_fact_market_bar_provider_key.8be4a3d773"
[0m02:18:28.240163 [debug] [Thread-3 (]: Began executing node test.cryptopulse.not_null_fact_market_bar_market_bar_key.53f1070523
[0m02:18:28.240506 [debug] [Thread-4 (]: Began executing node test.cryptopulse.not_null_fact_market_bar_close.0d139f179e
[0m02:18:28.240930 [debug] [Thread-2 (]: Began executing node test.cryptopulse.not_null_fact_market_bar_asset_key.29e72edeb9
[0m02:18:28.242501 [debug] [Thread-3 (]: Writing runtime sql for node "test.cryptopulse.not_null_fact_market_bar_market_bar_key.53f1070523"
[0m02:18:28.244843 [debug] [Thread-4 (]: Writing runtime sql for node "test.cryptopulse.not_null_fact_market_bar_close.0d139f179e"
[0m02:18:28.246925 [debug] [Thread-2 (]: Writing runtime sql for node "test.cryptopulse.not_null_fact_market_bar_asset_key.29e72edeb9"
[0m02:18:28.247258 [debug] [Thread-1 (]: Began executing node test.cryptopulse.not_null_fact_market_bar_provider_key.8be4a3d773
[0m02:18:28.250123 [debug] [Thread-1 (]: Writing runtime sql for node "test.cryptopulse.not_null_fact_market_bar_provider_key.8be4a3d773"
[0m02:18:28.255726 [debug] [Thread-3 (]: Using postgres connection "test.cryptopulse.not_null_fact_market_bar_market_bar_key.53f1070523"
[0m02:18:28.256238 [debug] [Thread-4 (]: Using postgres connection "test.cryptopulse.not_null_fact_market_bar_close.0d139f179e"
[0m02:18:28.256911 [debug] [Thread-3 (]: On test.cryptopulse.not_null_fact_market_bar_market_bar_key.53f1070523: /* {"app": "dbt", "dbt_version": "1.12.4", "profile_name": "cryptopulse", "target_name": "dev", "node_id": "test.cryptopulse.not_null_fact_market_bar_market_bar_key.53f1070523"} */

    
    select
      count(*) as failures,
      count(*) != 0 as should_warn,
      count(*) != 0 as should_error
    from (
      
    
  
    
    



select market_bar_key
from "cryptopulse"."analytics_analytics"."fact_market_bar"
where market_bar_key is null



  
  
      
    ) dbt_internal_test
[0m02:18:28.257499 [debug] [Thread-2 (]: Using postgres connection "test.cryptopulse.not_null_fact_market_bar_asset_key.29e72edeb9"
[0m02:18:28.258330 [debug] [Thread-4 (]: On test.cryptopulse.not_null_fact_market_bar_close.0d139f179e: /* {"app": "dbt", "dbt_version": "1.12.4", "profile_name": "cryptopulse", "target_name": "dev", "node_id": "test.cryptopulse.not_null_fact_market_bar_close.0d139f179e"} */

    
    select
      count(*) as failures,
      count(*) != 0 as should_warn,
      count(*) != 0 as should_error
    from (
      
    
  
    
    



select close
from "cryptopulse"."analytics_analytics"."fact_market_bar"
where close is null



  
  
      
    ) dbt_internal_test
[0m02:18:28.259312 [debug] [Thread-3 (]: Opening a new connection, currently in state closed
[0m02:18:28.260066 [debug] [Thread-1 (]: Using postgres connection "test.cryptopulse.not_null_fact_market_bar_provider_key.8be4a3d773"
[0m02:18:28.260441 [debug] [Thread-2 (]: On test.cryptopulse.not_null_fact_market_bar_asset_key.29e72edeb9: /* {"app": "dbt", "dbt_version": "1.12.4", "profile_name": "cryptopulse", "target_name": "dev", "node_id": "test.cryptopulse.not_null_fact_market_bar_asset_key.29e72edeb9"} */

    
    select
      count(*) as failures,
      count(*) != 0 as should_warn,
      count(*) != 0 as should_error
    from (
      
    
  
    
    



select asset_key
from "cryptopulse"."analytics_analytics"."fact_market_bar"
where asset_key is null



  
  
      
    ) dbt_internal_test
[0m02:18:28.261258 [debug] [Thread-4 (]: Opening a new connection, currently in state closed
[0m02:18:28.262702 [debug] [Thread-1 (]: On test.cryptopulse.not_null_fact_market_bar_provider_key.8be4a3d773: /* {"app": "dbt", "dbt_version": "1.12.4", "profile_name": "cryptopulse", "target_name": "dev", "node_id": "test.cryptopulse.not_null_fact_market_bar_provider_key.8be4a3d773"} */

    
    select
      count(*) as failures,
      count(*) != 0 as should_warn,
      count(*) != 0 as should_error
    from (
      
    
  
    
    



select provider_key
from "cryptopulse"."analytics_analytics"."fact_market_bar"
where provider_key is null



  
  
      
    ) dbt_internal_test
[0m02:18:28.263516 [debug] [Thread-2 (]: Opening a new connection, currently in state closed
[0m02:18:28.264893 [debug] [Thread-1 (]: Opening a new connection, currently in state closed
[0m02:18:28.268861 [debug] [Thread-3 (]: SQL status: SELECT 1 in 0.010 seconds
[0m02:18:28.270323 [debug] [Thread-4 (]: SQL status: SELECT 1 in 0.009 seconds
[0m02:18:28.271569 [debug] [Thread-2 (]: SQL status: SELECT 1 in 0.008 seconds
[0m02:18:28.273052 [debug] [Thread-3 (]: On test.cryptopulse.not_null_fact_market_bar_market_bar_key.53f1070523: ROLLBACK
[0m02:18:28.274623 [debug] [Thread-4 (]: On test.cryptopulse.not_null_fact_market_bar_close.0d139f179e: ROLLBACK
[0m02:18:28.276130 [debug] [Thread-2 (]: On test.cryptopulse.not_null_fact_market_bar_asset_key.29e72edeb9: ROLLBACK
[0m02:18:28.277162 [debug] [Thread-3 (]: On test.cryptopulse.not_null_fact_market_bar_market_bar_key.53f1070523: Close
[0m02:18:28.277466 [debug] [Thread-1 (]: SQL status: SELECT 1 in 0.013 seconds
[0m02:18:28.278266 [debug] [Thread-4 (]: On test.cryptopulse.not_null_fact_market_bar_close.0d139f179e: Close
[0m02:18:28.278975 [debug] [Thread-2 (]: On test.cryptopulse.not_null_fact_market_bar_asset_key.29e72edeb9: Close
[0m02:18:28.279808 [info ] [Thread-3 (]: 29 of 35 PASS not_null_fact_market_bar_market_bar_key .......................... [[32mPASS[0m in 0.07s]
[0m02:18:28.281533 [debug] [Thread-1 (]: On test.cryptopulse.not_null_fact_market_bar_provider_key.8be4a3d773: ROLLBACK
[0m02:18:28.282735 [info ] [Thread-4 (]: 28 of 35 PASS not_null_fact_market_bar_close ................................... [[32mPASS[0m in 0.08s]
[0m02:18:28.284455 [info ] [Thread-2 (]: 27 of 35 PASS not_null_fact_market_bar_asset_key ............................... [[32mPASS[0m in 0.08s]
[0m02:18:28.285715 [debug] [Thread-3 (]: Finished running node test.cryptopulse.not_null_fact_market_bar_market_bar_key.53f1070523
[0m02:18:28.286714 [debug] [Thread-1 (]: On test.cryptopulse.not_null_fact_market_bar_provider_key.8be4a3d773: Close
[0m02:18:28.287619 [debug] [Thread-4 (]: Finished running node test.cryptopulse.not_null_fact_market_bar_close.0d139f179e
[0m02:18:28.288676 [debug] [Thread-2 (]: Finished running node test.cryptopulse.not_null_fact_market_bar_asset_key.29e72edeb9
[0m02:18:28.289826 [debug] [Thread-3 (]: Began running node test.cryptopulse.relationships_fact_market_bar_asset_key__asset_key__ref_dim_asset_.5b491ea399
[0m02:18:28.290859 [info ] [Thread-1 (]: 30 of 35 PASS not_null_fact_market_bar_provider_key ............................ [[32mPASS[0m in 0.08s]
[0m02:18:28.291870 [debug] [Thread-4 (]: Began running node test.cryptopulse.relationships_fact_market_bar_provider_key__provider_key__ref_dim_provider_.e51f36ecb4
[0m02:18:28.292695 [debug] [Thread-2 (]: Began running node test.cryptopulse.unique_fact_market_bar_market_bar_key.b88512ab4b
[0m02:18:28.293420 [info ] [Thread-3 (]: 31 of 35 START test relationships_fact_market_bar_asset_key__asset_key__ref_dim_asset_  [RUN]
[0m02:18:28.294195 [debug] [Thread-1 (]: Finished running node test.cryptopulse.not_null_fact_market_bar_provider_key.8be4a3d773
[0m02:18:28.294939 [info ] [Thread-4 (]: 32 of 35 START test relationships_fact_market_bar_provider_key__provider_key__ref_dim_provider_  [RUN]
[0m02:18:28.295862 [info ] [Thread-2 (]: 33 of 35 START test unique_fact_market_bar_market_bar_key ...................... [RUN]
[0m02:18:28.296754 [debug] [Thread-3 (]: Re-using an available connection from the pool (formerly test.cryptopulse.not_null_fact_market_bar_market_bar_key.53f1070523, now test.cryptopulse.relationships_fact_market_bar_asset_key__asset_key__ref_dim_asset_.5b491ea399)
[0m02:18:28.298668 [debug] [Thread-4 (]: Re-using an available connection from the pool (formerly test.cryptopulse.not_null_fact_market_bar_close.0d139f179e, now test.cryptopulse.relationships_fact_market_bar_provider_key__provider_key__ref_dim_provider_.e51f36ecb4)
[0m02:18:28.302651 [debug] [Thread-4 (]: Began compiling node test.cryptopulse.relationships_fact_market_bar_provider_key__provider_key__ref_dim_provider_.e51f36ecb4
[0m02:18:28.300548 [debug] [Thread-3 (]: Began compiling node test.cryptopulse.relationships_fact_market_bar_asset_key__asset_key__ref_dim_asset_.5b491ea399
[0m02:18:28.299354 [debug] [Thread-2 (]: Re-using an available connection from the pool (formerly test.cryptopulse.not_null_fact_market_bar_asset_key.29e72edeb9, now test.cryptopulse.unique_fact_market_bar_market_bar_key.b88512ab4b)
[0m02:18:28.332152 [debug] [Thread-4 (]: Writing injected SQL for node "test.cryptopulse.relationships_fact_market_bar_provider_key__provider_key__ref_dim_provider_.e51f36ecb4"
[0m02:18:28.336064 [debug] [Thread-3 (]: Writing injected SQL for node "test.cryptopulse.relationships_fact_market_bar_asset_key__asset_key__ref_dim_asset_.5b491ea399"
[0m02:18:28.336801 [debug] [Thread-2 (]: Began compiling node test.cryptopulse.unique_fact_market_bar_market_bar_key.b88512ab4b
[0m02:18:28.343646 [debug] [Thread-2 (]: Writing injected SQL for node "test.cryptopulse.unique_fact_market_bar_market_bar_key.b88512ab4b"
[0m02:18:28.347438 [debug] [Thread-3 (]: Began executing node test.cryptopulse.relationships_fact_market_bar_asset_key__asset_key__ref_dim_asset_.5b491ea399
[0m02:18:28.347817 [debug] [Thread-4 (]: Began executing node test.cryptopulse.relationships_fact_market_bar_provider_key__provider_key__ref_dim_provider_.e51f36ecb4
[0m02:18:28.352628 [debug] [Thread-3 (]: Writing runtime sql for node "test.cryptopulse.relationships_fact_market_bar_asset_key__asset_key__ref_dim_asset_.5b491ea399"
[0m02:18:28.353710 [debug] [Thread-2 (]: Began executing node test.cryptopulse.unique_fact_market_bar_market_bar_key.b88512ab4b
[0m02:18:28.356314 [debug] [Thread-4 (]: Writing runtime sql for node "test.cryptopulse.relationships_fact_market_bar_provider_key__provider_key__ref_dim_provider_.e51f36ecb4"
[0m02:18:28.358846 [debug] [Thread-2 (]: Writing runtime sql for node "test.cryptopulse.unique_fact_market_bar_market_bar_key.b88512ab4b"
[0m02:18:28.362842 [debug] [Thread-3 (]: Using postgres connection "test.cryptopulse.relationships_fact_market_bar_asset_key__asset_key__ref_dim_asset_.5b491ea399"
[0m02:18:28.363422 [debug] [Thread-4 (]: Using postgres connection "test.cryptopulse.relationships_fact_market_bar_provider_key__provider_key__ref_dim_provider_.e51f36ecb4"
[0m02:18:28.363921 [debug] [Thread-3 (]: On test.cryptopulse.relationships_fact_market_bar_asset_key__asset_key__ref_dim_asset_.5b491ea399: /* {"app": "dbt", "dbt_version": "1.12.4", "profile_name": "cryptopulse", "target_name": "dev", "node_id": "test.cryptopulse.relationships_fact_market_bar_asset_key__asset_key__ref_dim_asset_.5b491ea399"} */

    
    select
      count(*) as failures,
      count(*) != 0 as should_warn,
      count(*) != 0 as should_error
    from (
      
    
  
    
    

with child as (
    select asset_key as from_field
    from "cryptopulse"."analytics_analytics"."fact_market_bar"
    where asset_key is not null
),

parent as (
    select asset_key as to_field
    from "cryptopulse"."analytics_analytics"."dim_asset"
)

select
    from_field

from child
left join parent
    on child.from_field = parent.to_field

where parent.to_field is null



  
  
      
    ) dbt_internal_test
[0m02:18:28.365131 [debug] [Thread-2 (]: Using postgres connection "test.cryptopulse.unique_fact_market_bar_market_bar_key.b88512ab4b"
[0m02:18:28.365600 [debug] [Thread-4 (]: On test.cryptopulse.relationships_fact_market_bar_provider_key__provider_key__ref_dim_provider_.e51f36ecb4: /* {"app": "dbt", "dbt_version": "1.12.4", "profile_name": "cryptopulse", "target_name": "dev", "node_id": "test.cryptopulse.relationships_fact_market_bar_provider_key__provider_key__ref_dim_provider_.e51f36ecb4"} */

    
    select
      count(*) as failures,
      count(*) != 0 as should_warn,
      count(*) != 0 as should_error
    from (
      
    
  
    
    

with child as (
    select provider_key as from_field
    from "cryptopulse"."analytics_analytics"."fact_market_bar"
    where provider_key is not null
),

parent as (
    select provider_key as to_field
    from "cryptopulse"."analytics_analytics"."dim_provider"
)

select
    from_field

from child
left join parent
    on child.from_field = parent.to_field

where parent.to_field is null



  
  
      
    ) dbt_internal_test
[0m02:18:28.368024 [debug] [Thread-3 (]: Opening a new connection, currently in state closed
[0m02:18:28.368874 [debug] [Thread-2 (]: On test.cryptopulse.unique_fact_market_bar_market_bar_key.b88512ab4b: /* {"app": "dbt", "dbt_version": "1.12.4", "profile_name": "cryptopulse", "target_name": "dev", "node_id": "test.cryptopulse.unique_fact_market_bar_market_bar_key.b88512ab4b"} */

    
    select
      count(*) as failures,
      count(*) != 0 as should_warn,
      count(*) != 0 as should_error
    from (
      
    
  
    
    

select
    market_bar_key as unique_field,
    count(*) as n_records

from "cryptopulse"."analytics_analytics"."fact_market_bar"
where market_bar_key is not null
group by market_bar_key
having count(*) > 1



  
  
      
    ) dbt_internal_test
[0m02:18:28.369756 [debug] [Thread-4 (]: Opening a new connection, currently in state closed
[0m02:18:28.371165 [debug] [Thread-2 (]: Opening a new connection, currently in state closed
[0m02:18:28.378443 [debug] [Thread-3 (]: SQL status: SELECT 1 in 0.010 seconds
[0m02:18:28.380334 [debug] [Thread-3 (]: On test.cryptopulse.relationships_fact_market_bar_asset_key__asset_key__ref_dim_asset_.5b491ea399: ROLLBACK
[0m02:18:28.380687 [debug] [Thread-2 (]: SQL status: SELECT 1 in 0.010 seconds
[0m02:18:28.381009 [debug] [Thread-4 (]: SQL status: SELECT 1 in 0.011 seconds
[0m02:18:28.381776 [debug] [Thread-3 (]: On test.cryptopulse.relationships_fact_market_bar_asset_key__asset_key__ref_dim_asset_.5b491ea399: Close
[0m02:18:28.383542 [debug] [Thread-2 (]: On test.cryptopulse.unique_fact_market_bar_market_bar_key.b88512ab4b: ROLLBACK
[0m02:18:28.385248 [debug] [Thread-4 (]: On test.cryptopulse.relationships_fact_market_bar_provider_key__provider_key__ref_dim_provider_.e51f36ecb4: ROLLBACK
[0m02:18:28.386321 [info ] [Thread-3 (]: 31 of 35 PASS relationships_fact_market_bar_asset_key__asset_key__ref_dim_asset_  [[32mPASS[0m in 0.09s]
[0m02:18:28.387314 [debug] [Thread-2 (]: On test.cryptopulse.unique_fact_market_bar_market_bar_key.b88512ab4b: Close
[0m02:18:28.388317 [debug] [Thread-4 (]: On test.cryptopulse.relationships_fact_market_bar_provider_key__provider_key__ref_dim_provider_.e51f36ecb4: Close
[0m02:18:28.389031 [debug] [Thread-3 (]: Finished running node test.cryptopulse.relationships_fact_market_bar_asset_key__asset_key__ref_dim_asset_.5b491ea399
[0m02:18:28.390007 [info ] [Thread-2 (]: 33 of 35 PASS unique_fact_market_bar_market_bar_key ............................ [[32mPASS[0m in 0.09s]
[0m02:18:28.391321 [info ] [Thread-4 (]: 32 of 35 PASS relationships_fact_market_bar_provider_key__provider_key__ref_dim_provider_  [[32mPASS[0m in 0.09s]
[0m02:18:28.393152 [debug] [Thread-2 (]: Finished running node test.cryptopulse.unique_fact_market_bar_market_bar_key.b88512ab4b
[0m02:18:28.394075 [debug] [Thread-4 (]: Finished running node test.cryptopulse.relationships_fact_market_bar_provider_key__provider_key__ref_dim_provider_.e51f36ecb4
[0m02:18:28.395222 [debug] [Thread-1 (]: Began running node model.cryptopulse.mart_market_hourly
[0m02:18:28.396129 [info ] [Thread-1 (]: 34 of 35 START sql table model analytics_analytics.mart_market_hourly .......... [RUN]
[0m02:18:28.396924 [debug] [Thread-1 (]: Re-using an available connection from the pool (formerly test.cryptopulse.not_null_fact_market_bar_provider_key.8be4a3d773, now model.cryptopulse.mart_market_hourly)
[0m02:18:28.397692 [debug] [Thread-1 (]: Began compiling node model.cryptopulse.mart_market_hourly
[0m02:18:28.400893 [debug] [Thread-1 (]: Writing injected SQL for node "model.cryptopulse.mart_market_hourly"
[0m02:18:28.407800 [debug] [Thread-1 (]: Began executing node model.cryptopulse.mart_market_hourly
[0m02:18:28.411073 [debug] [Thread-1 (]: Writing runtime sql for node "model.cryptopulse.mart_market_hourly"
[0m02:18:28.422969 [debug] [Thread-1 (]: Using postgres connection "model.cryptopulse.mart_market_hourly"
[0m02:18:28.424000 [debug] [Thread-1 (]: On model.cryptopulse.mart_market_hourly: /* {"app": "dbt", "dbt_version": "1.12.4", "profile_name": "cryptopulse", "target_name": "dev", "node_id": "model.cryptopulse.mart_market_hourly"} */

  
    

  create  table "cryptopulse"."analytics_analytics"."mart_market_hourly__dbt_tmp"
  
  
    as
  
  (
    select
    provider,
    symbol,
    currency,
    date_trunc('hour', bar_start) as hour_start,
    (array_agg(open order by bar_start))[1] as open,
    max(high) as high,
    min(low) as low,
    (array_agg(close order by bar_start desc))[1] as close,
    sum(volume) as volume,
    sum(trade_count) as trade_count,
    sum(vwap * volume) / nullif(sum(volume), 0) as vwap
from "cryptopulse"."analytics_analytics"."fact_market_bar"
where interval = '1 minute'
group by provider, symbol, currency, date_trunc('hour', bar_start)
  );
  
[0m02:18:28.424883 [debug] [Thread-1 (]: Opening a new connection, currently in state closed
[0m02:18:28.441981 [debug] [Thread-1 (]: SQL status: SELECT 1 in 0.017 seconds
[0m02:18:28.444889 [debug] [Thread-1 (]: Using postgres connection "model.cryptopulse.mart_market_hourly"
[0m02:18:28.445687 [debug] [Thread-1 (]: On model.cryptopulse.mart_market_hourly: /* {"app": "dbt", "dbt_version": "1.12.4", "profile_name": "cryptopulse", "target_name": "dev", "node_id": "model.cryptopulse.mart_market_hourly"} */
alter table "cryptopulse"."analytics_analytics"."mart_market_hourly" rename to "mart_market_hourly__dbt_backup"
[0m02:18:28.447075 [debug] [Thread-1 (]: SQL status: ALTER TABLE in 0.000 seconds
[0m02:18:28.450238 [debug] [Thread-1 (]: Using postgres connection "model.cryptopulse.mart_market_hourly"
[0m02:18:28.451029 [debug] [Thread-1 (]: On model.cryptopulse.mart_market_hourly: /* {"app": "dbt", "dbt_version": "1.12.4", "profile_name": "cryptopulse", "target_name": "dev", "node_id": "model.cryptopulse.mart_market_hourly"} */
alter table "cryptopulse"."analytics_analytics"."mart_market_hourly__dbt_tmp" rename to "mart_market_hourly"
[0m02:18:28.452149 [debug] [Thread-1 (]: SQL status: ALTER TABLE in 0.000 seconds
[0m02:18:28.454030 [debug] [Thread-1 (]: On model.cryptopulse.mart_market_hourly: COMMIT
[0m02:18:28.454760 [debug] [Thread-1 (]: Using postgres connection "model.cryptopulse.mart_market_hourly"
[0m02:18:28.455481 [debug] [Thread-1 (]: On model.cryptopulse.mart_market_hourly: COMMIT
[0m02:18:28.458737 [debug] [Thread-1 (]: SQL status: COMMIT in 0.003 seconds
[0m02:18:28.460644 [debug] [Thread-1 (]: Applying DROP to: "cryptopulse"."analytics_analytics"."mart_market_hourly__dbt_backup"
[0m02:18:28.461680 [debug] [Thread-1 (]: Using postgres connection "model.cryptopulse.mart_market_hourly"
[0m02:18:28.462508 [debug] [Thread-1 (]: On model.cryptopulse.mart_market_hourly: /* {"app": "dbt", "dbt_version": "1.12.4", "profile_name": "cryptopulse", "target_name": "dev", "node_id": "model.cryptopulse.mart_market_hourly"} */
drop table if exists "cryptopulse"."analytics_analytics"."mart_market_hourly__dbt_backup" cascade
[0m02:18:28.467676 [debug] [Thread-1 (]: SQL status: DROP TABLE in 0.004 seconds
[0m02:18:28.469880 [debug] [Thread-1 (]: On model.cryptopulse.mart_market_hourly: Close
[0m02:18:28.471100 [debug] [Thread-1 (]: Sending event: {'category': 'dbt', 'action': 'run_model', 'label': '482f6ac3-f0f4-4e03-b6a0-766a9b8f815b', 'context': [<snowplow_tracker.self_describing_json.SelfDescribingJson object at 0x7f6a17bc3790>]}
[0m02:18:28.472320 [info ] [Thread-1 (]: 34 of 35 OK created sql table model analytics_analytics.mart_market_hourly ..... [[32mSELECT 1[0m in 0.07s]
[0m02:18:28.473393 [debug] [Thread-1 (]: Finished running node model.cryptopulse.mart_market_hourly
[0m02:18:28.474822 [debug] [Thread-2 (]: Began running node test.cryptopulse.not_null_mart_market_hourly_hour_start.4334a1b23c
[0m02:18:28.475721 [info ] [Thread-2 (]: 35 of 35 START test not_null_mart_market_hourly_hour_start ..................... [RUN]
[0m02:18:28.476744 [debug] [Thread-2 (]: Re-using an available connection from the pool (formerly test.cryptopulse.unique_fact_market_bar_market_bar_key.b88512ab4b, now test.cryptopulse.not_null_mart_market_hourly_hour_start.4334a1b23c)
[0m02:18:28.477654 [debug] [Thread-2 (]: Began compiling node test.cryptopulse.not_null_mart_market_hourly_hour_start.4334a1b23c
[0m02:18:28.484477 [debug] [Thread-2 (]: Writing injected SQL for node "test.cryptopulse.not_null_mart_market_hourly_hour_start.4334a1b23c"
[0m02:18:28.491514 [debug] [Thread-2 (]: Began executing node test.cryptopulse.not_null_mart_market_hourly_hour_start.4334a1b23c
[0m02:18:28.493530 [debug] [Thread-2 (]: Writing runtime sql for node "test.cryptopulse.not_null_mart_market_hourly_hour_start.4334a1b23c"
[0m02:18:28.500767 [debug] [Thread-2 (]: Using postgres connection "test.cryptopulse.not_null_mart_market_hourly_hour_start.4334a1b23c"
[0m02:18:28.501807 [debug] [Thread-2 (]: On test.cryptopulse.not_null_mart_market_hourly_hour_start.4334a1b23c: /* {"app": "dbt", "dbt_version": "1.12.4", "profile_name": "cryptopulse", "target_name": "dev", "node_id": "test.cryptopulse.not_null_mart_market_hourly_hour_start.4334a1b23c"} */

    
    select
      count(*) as failures,
      count(*) != 0 as should_warn,
      count(*) != 0 as should_error
    from (
      
    
  
    
    



select hour_start
from "cryptopulse"."analytics_analytics"."mart_market_hourly"
where hour_start is null



  
  
      
    ) dbt_internal_test
[0m02:18:28.502583 [debug] [Thread-2 (]: Opening a new connection, currently in state closed
[0m02:18:28.509453 [debug] [Thread-2 (]: SQL status: SELECT 1 in 0.007 seconds
[0m02:18:28.511503 [debug] [Thread-2 (]: On test.cryptopulse.not_null_mart_market_hourly_hour_start.4334a1b23c: ROLLBACK
[0m02:18:28.512451 [debug] [Thread-2 (]: On test.cryptopulse.not_null_mart_market_hourly_hour_start.4334a1b23c: Close
[0m02:18:28.513449 [info ] [Thread-2 (]: 35 of 35 PASS not_null_mart_market_hourly_hour_start ........................... [[32mPASS[0m in 0.04s]
[0m02:18:28.515266 [debug] [Thread-2 (]: Finished running node test.cryptopulse.not_null_mart_market_hourly_hour_start.4334a1b23c
[0m02:18:28.519537 [debug] [MainThread]: On master: COMMIT
[0m02:18:28.520417 [debug] [MainThread]: Using postgres connection "master"
[0m02:18:28.521176 [debug] [MainThread]: On master: COMMIT
[0m02:18:28.525240 [debug] [MainThread]: Opening a new connection, currently in state closed
[0m02:18:28.534971 [debug] [MainThread]: SQL status: COMMIT in 0.010 seconds
[0m02:18:28.536566 [debug] [MainThread]: On master: Close
[0m02:18:28.541131 [debug] [MainThread]: Connection 'master' was properly closed.
[0m02:18:28.548539 [debug] [MainThread]: Connection 'test.cryptopulse.not_null_mart_market_hourly_hour_start.4334a1b23c' was properly closed.
[0m02:18:28.562460 [debug] [MainThread]: Connection 'test.cryptopulse.relationships_fact_market_bar_asset_key__asset_key__ref_dim_asset_.5b491ea399' was properly closed.
[0m02:18:28.578992 [debug] [MainThread]: Connection 'model.cryptopulse.mart_market_hourly' was properly closed.
[0m02:18:28.593018 [debug] [MainThread]: Connection 'test.cryptopulse.relationships_fact_market_bar_provider_key__provider_key__ref_dim_provider_.e51f36ecb4' was properly closed.
[0m02:18:28.606160 [info ] [MainThread]: 
[0m02:18:28.619558 [info ] [MainThread]: Finished running 6 table models, 27 data tests, 2 view models in 0 hours 0 minutes and 1.84 seconds (1.84s).
[0m02:18:28.636205 [debug] [MainThread]: Command end result
[0m02:18:28.709985 [debug] [MainThread]: Wrote artifact WritableManifest to dbt/target/manifest.json
[0m02:18:28.719261 [debug] [MainThread]: Wrote artifact SemanticManifest to dbt/target/semantic_manifest.json
[0m02:18:28.725026 [debug] [MainThread]: Wrote artifact OsiDocument to dbt/target/osi_document.json
[0m02:18:28.736341 [debug] [MainThread]: Wrote artifact RunExecutionResult to dbt/target/run_results.json
[0m02:18:28.737073 [info ] [MainThread]: 
[0m02:18:28.738216 [info ] [MainThread]: [32mCompleted successfully[0m
[0m02:18:28.739627 [info ] [MainThread]: 
[0m02:18:28.740426 [info ] [MainThread]: Done. PASS=35 WARN=0 ERROR=0 SKIP=0 NO-OP=0 REUSED=0 TOTAL=35
[0m02:18:28.742977 [debug] [MainThread]: Resource report: {"command_name": "build", "command_success": true, "command_wall_clock_time": 3.787718, "process_in_blocks": "102968", "process_kernel_time": 0.729736, "process_mem_max_rss": "147388", "process_out_blocks": "2344", "process_user_time": 4.155443}
[0m02:18:28.745739 [debug] [MainThread]: Command `dbt build` succeeded at 02:18:28.745613 after 3.79 seconds
[0m02:18:28.746644 [debug] [MainThread]: Sending event: {'category': 'dbt', 'action': 'invocation', 'label': 'end', 'context': [<snowplow_tracker.self_describing_json.SelfDescribingJson object at 0x7f6a1c815750>, <snowplow_tracker.self_describing_json.SelfDescribingJson object at 0x7f6a1a403fd0>, <snowplow_tracker.self_describing_json.SelfDescribingJson object at 0x7f6a1bb13c90>]}
[0m02:18:28.747585 [debug] [MainThread]: Flushing usage events
[0m02:18:29.186234 [debug] [MainThread]: An error was encountered while trying to flush usage events
